7.611722169072947
7.613719706416707
7.6158727790871925
7.618197662779601
7.620709958794363
7.623424722387709
7.626359940878838
7.629529132066592
7.632507575433765
7.636042376793667
7.639833720864761
7.643887292006688
7.648205580820951
7.652783244257604
7.6576128649529505
7.661344452819515
7.666506965383284
7.671893412855103
7.677490807949378
7.681528584268838
7.6873815002328465
7.691519392971141
7.697581783438508
7.701786932523983
7.708011757701865
7.712251562266019
7.71648636286342
7.722835364460411
7.727055319175821
7.731244009358317
7.735391977301614
7.7417585000910165
7.745825701801854
7.749826388601773
7.756128268056579
7.760000394629927
7.763781272000241
7.769938392972517
7.773545446441584
7.777038174930621
7.782974784107914
7.7862520914504945
7.7920038655495425
7.797646591254406
7.8005717446291625
7.805970944444818
7.811222557797566
7.816311646398997
7.821224111111958
7.82594673593823
7.830467226246923
7.8347742415411945
7.841011761250502
7.844774304600768
7.848289947905173
7.853304901195746
7.856202678383409
7.860242902340854
7.862491741053
7.86551749904574
7.867105445636058
7.8691094325891395
7.87004295189221
7.871048702576596
7.871351457898813
7.87141086157192
7.871122011992072
7.87031199908567
7.8694840545053
7.868446043230618
7.867207677705644
7.865779107020398
7.864170858560007
7.862393778523417
7.860458971649771
7.859149328202879
7.856964454874988
7.85541637155422
7.8537367987948015
7.8519293107258825
7.849997732503819
7.847946124923161
7.8462999040399835
7.84440509121478
7.842265523763559
7.839886040691727
7.837272460697831
7.834342590991522
7.8311694714925535
7.827376887758365
7.8230515020900615
7.818194994443761
7.812813104908526
7.805486850282292
7.798847354485736
7.7896868050780235
7.779454370699362
7.770964067273823
7.7590816622221
7.74628595917299
7.732667874103203
7.7183383445163045
7.699095050969948
7.683547716297984
7.66779085629552
7.652017705655388
7.636435970190776
7.621264437795786
7.606728628162567
7.593055409993418
7.580466619872193
7.569171663032139
7.559358968813243
7.554349102311844
7.547472079504297
7.544749877519974
7.5410994183835625
7.540720427877561
7.541269857450144
7.54353022992083
7.545420724881234
7.548053174260458
7.551403742645206
7.554927322459759
7.558592713718544
7.562363498414152
7.565927870734768
7.569705477260503
7.573137044273734
7.576480407477834
7.5797228970079376
7.582846263372637
7.585839092046901
7.588685137571452
7.591454448262601
7.59430283548322
7.597244984580384
7.600277183619361
7.603395939682586
7.60659567305053
7.609866414812392
7.613198895525312
7.617988123105149
7.621528819676421
7.625090391557917
7.6304249920251435
7.634068542711541
7.639620689261252
7.643260724363743
7.648870949964269
7.652426516793796
7.657944580013794
7.66134241787104
7.666636288611778
7.6698163716470615
7.674781883178487
7.677702096438335
7.680508893831182
7.684898628192411
7.687413696119024
7.689806586433253
7.690537177894587
7.69279159369711
7.69419556985744
7.695537618575166
7.697500294097831
7.698693944408414
7.699819235329787
7.701464865052673
7.702430005362156
7.703323246458011
7.704637075667483
7.705364777751016
7.706019576580794
7.706997841371656
7.70748699159877
7.70790414986889
7.708552312991936
7.708807961255585
7.708994571441754
7.709325617419044
7.709359084166185
7.709327965758326
7.7093651433087675
7.709193241196921
7.708963155020585
7.708736879392413
7.708382891857511
7.707978898961934
7.7075276171444465
7.707020521745503
7.706473111820357
7.705841689217105
7.705215273176095
7.704559694987703
7.703798339961288
7.703091343214867
7.702368137996367
7.701533316706081
7.7007906835376625
7.700046830458982
7.699202909493566
7.698475977470062
7.697764182547421
7.697072224407847
7.696325720040252
7.6957005698119145
7.695111317266015
7.694520063509975
7.694033111446098
7.69359639279036
7.693225744195037
7.692922323369078
7.692681296081642
7.692587287401206
7.692505282950843
7.692494281254491
7.692721203332043
7.692889486980705
7.693135364190506
7.693714990453508
7.694152664969717
7.694671520109417
7.6956199903353255
7.696336180758746
7.697134141013112
7.698454522533094
7.699448970032315
7.700523366136385
7.702208083172155
7.703473278466993
7.704814456619511
7.706848331274905
7.708369706174612
7.709282767323398
7.712604053968315
7.7135761212166685
7.7145293829577435
7.718177039500839
7.719132203121601
7.720044648347272
7.723882490363296
7.724739139725611
7.725530888475545
7.72942461002533
7.730111717154296
7.730721246008505
7.732634916889364
7.735016041986644
7.735402246051325
7.738747266851572
7.740854872359594
7.7410344661211985
7.742768530375515
7.7444858610415235
7.744426015131901
7.74600728233111
7.745835489367755
7.7487960400385685
7.750223339871109
7.749839724808042
7.749408001535529
7.751943506208622
7.753156179342149
7.752532243432493
7.7518788232692835
7.754005786473343
7.755020592227617
7.754214192189171
7.755158216104475
7.756968286119837
7.756049292808919
7.75868948585299
7.75771322861715
7.756754351235131
7.760112003084442
7.759102285047653
7.759878760577248
7.7606579895774095
7.76144363085291
7.760469025759394
7.7638767792653125
7.762936582857405
7.763806291682321
7.764706225838187
7.7656403601928465
7.764869919346329
7.767626980971322
7.769797118911913
7.769214713585756
7.772180490179507
7.773460947654781
7.773068517651114
7.776215805384452
7.777696268703162
7.7775335831153
7.780876993551384
7.782582113753177
7.786232270504708
7.788180717199715
7.790213240320496
7.792330866666855
7.796189095656188
7.798455097359439
7.8008056515889495
7.804879858384269
7.807369208808572
7.8099397910174675
7.814193741083116
7.816888048363461
7.819657652770667
7.824047529211396
7.826920920505884
7.829861338331645
7.834337343836552
7.8388322078870205
7.8418615419368125
7.843335329913251
7.846367428472347
7.850864858143689
7.855343680914396
7.858399575908546
7.862829033110182
7.86721441804764
7.8702460121967635
7.871546617615784
7.875816870562975
7.8800167788307025
7.882918790167749
7.88698646989156
7.892116043859881
7.892116043859881
7.895958063762727
7.899693364285808
7.903315791316113
7.906819555299516
7.907830356064669
7.911164715236002
7.914368493817274
7.918316892763828
7.918316892763828
7.921195504529928
7.924711900435354
7.927244627570212
7.927974572396362
7.930300242064702
7.932470776282073
7.934483887152887
7.935598078154544
7.937336937414851
7.938914724306409
7.9393464620120495
7.940704397961554
7.941900164288392
7.94318392865364
7.9434237093448425
7.943999270769641
7.944782517927125
7.94522523003297
7.9452892853667265
7.945529492232523
7.945612868571201
7.945553828188958
7.9453643320232
7.94507643161046
7.944837980499441
7.944109015710161
7.943885803420406
7.943441025519265
7.942369891115944
7.941769025411857
7.940779378780062
7.940094675562053
7.939331295487389
7.938145460338873
7.936887003513543
7.93556430984381
7.9346151343712314
7.9332001593735555
7.932763865030302
7.931744906335731
7.930259345252172
7.928751561507147
7.927682003807306
7.92615065069204
7.92461868805442
7.923540327253448
7.922020036675313
7.92095944333584
7.919913311539493
7.919913311539493
7.9180143266304235
7.9170102421445145
7.9160313277632905
7.914672616353206
7.913759253555852
7.9128799073873495
7.911659275500607
7.910863958911684
7.910108992519656
7.909057814548445
7.908399056339726
7.907784001158604
7.906644701896395
7.906142804128507
7.905685366609862
7.905046672806596
7.904690971734735
7.904377971618624
7.903931831959453
7.903931831959453
7.904107792054428
7.9042992472213935
7.904507689565231
7.904473078897581
7.904710074825152
7.904969515625964
7.905253259846891
7.9055631826716874
7.9059011358118925
7.906268903646956
7.906383000698393
7.9068072554793485
7.907266057570901
7.907760486517757
7.908291426134552
7.908291426134552
7.90885957160749
7.909171414227297
7.909807793537749
7.91048283168405
7.911196626269964
7.911948964878233
7.912739403414131
7.913567455668543
7.914114360294634
7.915008482251313
7.915939905220648
7.916908676512446
7.9179148565634385
7.9189585080164795
7.920039699130214
7.920811533271559
7.92196150888679
7.9231498187855065
7.924376609424217
7.9256420343172005
7.926946250239239
7.928289412273913
7.929303799018937
7.930721783777909
7.93217979558799
7.933677928600681
7.935216232555451
7.936794702421582
7.938413267427103
7.939697486637296
7.939697486637296
7.941395867866843
7.9431343270074555
7.944912402613261
7.9467295035354875
7.948584896722347
7.950109084105775
7.952040927695973
7.9540084641970195
7.9560102439835045
7.958044616553312
7.960109721750739
7.962203482039033
7.963968155444878
7.9661163716773675
7.9682858937389085
7.970473665508801
7.972676391778189
7.974890539365948
7.976759175929686
7.978987898275053
7.981215923380931
7.9834387456052
7.98565165282781
7.987849738820854
7.9900279174346664
7.991808504769726
7.993930407054054
7.996015650753873
7.998058543019948
7.998058543019948
8.000053308517131
8.001994113228161
8.003443493573378
8.005252543639688
8.006989160559643
8.008647490435521
8.010221756860378
8.011706289070933
8.0125598792497
8.013835605024093
8.01500451375223
8.016061624097667
8.017002202101185
8.017821786289442
8.018516211516047
8.018377372389892
8.01879021760661
8.019066557781326
8.019203650863398
8.01919915099204
8.019051121267696
8.018758044228122
8.017400539665507
8.01678989397247
8.016031822463642
8.015126608539324
8.014074975230084
8.012878080786836
8.010414149267952
8.010414149267952
8.008906982692396
8.007260689597002
8.005478160259585
8.003562665440878
8.001517838581185
7.998034316393842
7.9957217836308665
7.9932934895907035
7.990754389046434
7.988109687088032
7.98536481326567
7.982525395136458
7.978121563531646
7.97509777340553
7.971998486846614
7.968829914416961
7.965598327192254
7.962310030626362
7.957420993824184
7.954035691327231
7.9506140891466455
7.947162418200685
7.943686823093354
7.94019334248712
7.936687890983492
7.93163891092465
7.928137237103655
7.92464205344129
7.92464205344129
7.921158627390907
7.917692032118746
7.912786229316578
7.909387822955879
7.906021735359937
7.902692174981297
7.899403128111234
7.896158358560056
7.892961408654102
7.888544946748117
7.885484582193058
7.882482590075984
7.87954162015297
7.876664120102179
7.8738523422689575
7.87006825467537
7.867432575023089
7.864869190626703
7.862379604288016
7.859965161904848
7.857627060584052
7.855366356571645
7.852463131250299
7.850404307793339
7.848425839972039
7.846528251077108
7.844711957697815
7.844711957697815
7.842517648702865
7.840911768129002
7.8393881662792575
7.837946840505914
7.836587701198356
7.835310573640515
7.834115199201293
7.832911409026175
7.831926866133495
7.831022848121437
7.830198724799033
7.82945377903154
7.82878720470714
7.828435020674166
7.827970505281924
7.827581213875334
7.827265922636639
7.827023304607916
7.826851926771443
7.826750247256219
7.827321301895117
7.827399953711707
7.827542569779701
7.827747110717838
7.828011418134485
7.828333214074648
7.829618743506448
7.830090867166395
7.830612260733355
7.830612260733355
7.83118013278315
7.83179157865654
7.832443583927494
7.834320429627953
7.835081893216592
7.835873338811257
7.836691320147367
7.8375323095819756
7.838392705848316
7.839268842420105
7.841619329751877
7.842545958568005
7.843475826389821
7.8444050626704485
7.845329782053369
7.846246095477655
7.847150121518298
7.849712999463864
7.850601648705046
7.851465091632879
7.852299565165265
7.853101373437102
7.853866899266417
7.8545926154124475
7.857087511881833
7.857733264173154
7.858327679254433
7.858867680106632
7.859350332775105
7.859350332775105
7.859772855331731
7.861998496426095
7.862292776174059
7.86251791845639
7.8626718230695865
7.86275257998977
7.8627584747842505
7.862687993371406
7.864382682708383
7.8641435351197915
7.863823069936456
7.863420617178887
7.862935723044092
7.862368150735976
7.861717880655934
7.860985109963296
7.861879697142725
7.860958261602739
7.859954700645386
7.858870086003044
7.857705697030954
7.856463016777785
7.855143727521091
7.853749705783448
7.853757408758149
7.852183968334866
7.8505412958120475
7.848832025460529
7.847058955719286
7.845225041423261
7.843333385628156
7.841387231052
7.840546964948639
7.838457270717105
7.838457270717105
7.836322704873201
7.834147030910347
7.8319341057759155
7.829687869408945
7.827412334064262
7.825111573454567
7.823574636060278
7.821186243642237
7.818784734868568
7.816374380792624
7.813959458662088
7.811544240572598
7.8091329821963695
7.806729911627224
7.804339218382743
7.80196504260545
7.799902350329429
7.797523399196845
7.795173241402795
7.792855777811399
7.7905748095751335
7.7883340292456715
7.786137012349457
7.783987209457171
7.781887938774352
7.779842379276188
7.777853564407062
7.775924376361615
7.7737960162593485
7.771951398446099
7.7701749977477625
7.76846909241741
7.766835788414211
7.765277017277798
7.763794534600706
7.7623899190852415
7.761064572168911
7.759819718198893
7.758656405133434
7.757575505745174
7.756577719299752
7.755663573679411
7.754095143367882
7.753322863257945
7.7526361778515005
7.752034979695285
7.751519003883208
7.7510878320805485
7.7507408967559375
7.750477485587709
7.75029674601168
7.750197689879003
7.750179198194893
7.750240025908848
7.750240025908848
7.750378806731067
7.750594057950319
7.75088418523156
7.751247487374135
7.751682161013183
7.752186305250655
7.752757926203963
7.753394941464222
7.754095184457381
7.753893559419343
7.754716800239806
7.755597546436437
7.756533297726639
7.757521487028532
7.758559484369741
7.759644600747211
7.760774091951235
7.761945162367401
7.763154968771219
7.764400624131583
7.765679201438842
7.766987737574262
7.768323237236752
7.76968267694304
7.771063009115987
7.772461166275422
7.773874065343592
7.775298612076644
7.776731705631023
7.778170243271369
7.779611125224505
7.781051259681499
7.782487567946164
7.783916989726521
7.785336488562224
7.787350326434642
7.788723210746326
7.790077528121697
7.791410446786932
7.7927191851411015
7.794001017533766
7.795253280059005
7.796473376335858
7.79765878324298
7.7988070565722305
7.800982853301577
7.802005931879292
7.802982997384605
7.803912079576284
7.804791317267409
7.805618962360252
7.8063933834990396
7.807113069305951
7.80777663116893
7.808382805551204
7.808930455797177
7.809781007744965
7.81020447320814
7.810567537931702
7.81086957142101
7.811110068671763
7.811288648708997
7.811405052552093
7.811459140614924
7.811450889554255
7.8113803885859845
7.811247835292554
7.811053530950905
7.811175061195796
7.81086204875091
7.810489281657875
7.810057392418282
7.809567086716264
7.809019136754283
7.808414374421321
7.807753684349697
7.807037996919314
7.806706917892491
7.805890870187831
7.805023050577148
7.80410446630773
7.803136135676619
7.802119081978225
7.801054327802962
7.7999428897362275
7.799292155042646
7.798097497832977
7.796859047145474
7.795577709252116
7.79425436468028
7.791485037369818
7.7900406718894715
7.789123830225773
7.787607840549973
7.786054108716761
7.784463268824539
7.78283593071384
7.781172682975726
7.78007073692261
7.7783394888110164
7.776573361586449
7.774772857240115
7.772938479491012
7.771677020328835
7.769775125267263
7.767840122738662
7.765872546512417
7.763872963145439
7.761841977986425
7.760372298448831
7.758274203196746
7.756145854527748
7.753988048840616
7.751801650368716
7.750145841874631
7.745616305927059
7.7433128683720875
7.740985291485459
7.739138113358164
7.73675113274148
7.734343317457051
7.731916273688069
7.729471692175545
7.727439741797353
7.724946265533577
7.722439948108742
7.719922807492842
7.717755864631535
7.715201712496885
7.7126424494617405
7.710080341623221
7.707800049427397
7.7052158036642
7.702635176272181
7.697494330521004
7.695116725893183
7.692549905024693
7.689998277916437
7.687464157132072
7.685047613730823
7.68253114129381
7.68003876009014
7.677618412269817
7.675157487390093
7.672726823042217
7.670328250219137
7.667941672573827
7.665591560570759
7.66327875035639
7.660945677465827
7.656482325538367
7.654314119631142
7.652189433867794
7.6499920816300815
7.647942627347118
7.64593928422158
7.643854841493679
7.641934329797731
7.640061517658987
7.638110526323192
7.636326490554337
7.6345907959012145
7.6329031204049675
7.631149451075012
7.6280081597679565
7.626508166141958
7.624975829313167
7.623571093498332
7.622211912221711
7.620869083814643
7.6196061064153815
7.6183868892259445
7.617245606754608
7.616122592204221
7.6150411937845055
7.614111629211653
7.61312559629732
7.611270063229274
7.610616012837258
7.609799553547238
7.609315637698219
7.608590494646648
7.607899195611238
7.607644374352388
7.607041088004364
7.606468694350396
7.6064433326416685
7.605954654146554
7.605493711412388
7.605694831723308
7.604953865945814
7.6046187598342305
7.605088107035754
7.604822080008008
7.605452215865466
7.605249814137687
7.605064120233178
7.605888783204525
7.605757383420948
7.605638456983355
7.606638974285995
7.606563748702073
7.607650493850987
7.607615291143003
7.607583485316545
7.608865210444612
7.608852900556984
7.6102228028144845
7.610220537543988
7.610213475767076
7.611661428953276
7.611651209421083
7.613149917560243
7.61309136148653
7.613042669342177
7.614553814585682
7.614476801891404
7.615994166154286
7.615880260256137
7.615747351387502
7.6172296836277225
7.617049916310854
7.618503278069479
7.618270006226556
7.617736694425242
7.619073197426548
7.618734982310395
7.620010523632504
7.619608431965668
7.6191847346056045
7.6203461332465245
7.619857448215778
7.62094040587474
7.62038681604038
7.619815645134267
7.6201380190959895
7.619492808320017
7.620318947203324
7.619619930707188
7.620364578785398
7.619617706870141
7.618867563992639
7.619497574075257
7.6187118240425535
7.619274685482833
7.618462844650308
7.616871951629548
7.617329674012718
7.6165376934575235
7.6169616015131885
7.6161796239071275
7.615426693181282
7.615826700989012
7.615104797764496
7.615510514204497
7.614834826373703
7.614651238459282
7.6140913034708815
7.613588328278822
7.61411557626535
7.613705092217201
7.614315640355692
7.614013690161933
7.613785424194594
7.614551185104219
7.614453478214182
7.615353917948099
7.61553670377238
7.61666305857511
7.616961986947502
7.617355002497048
7.618743983595037
7.619315745121389
7.620909252080442
7.621668642915462
7.622528645845457
7.624434027397252
7.625489621755104
7.6288817703101435
7.630236999524379
7.631691445217464
7.6342655850074
7.635915900195152
7.638730311467797
7.640572284639883
7.642504910809885
7.645649374112637
7.647761494621718
7.651129156381315
7.65576584917811
7.6581926245693115
7.661926310947189
7.664492342208566
7.6684008408626765
7.671088548430219
7.673824829691058
7.677937483223586
7.680765916728873
7.684990544361125
7.687889472926338
7.693749946999118
7.698100214022168
7.70106518471021
7.705437901569582
7.708405445440767
7.711363514079229
7.715712290425158
7.71863912071666
7.72154135841193
7.72580042422774
7.72863933274493
7.732791278891195
7.7382539663041845
7.740911526424864
7.744806312487891
7.747345780495754
7.749824981124422
7.753456545884954
7.755796666665016
7.758068983896387
7.76139362624436
7.763510890816811
7.765555283860271
7.7685385643483125
7.772220378847594
7.773947963223886
7.7764698070983185
7.778026120870453
7.780263317302018
7.781648164060139
7.7829592451515
7.7848118609018755
7.785955869038384
7.787029955272321
7.788035864506472
7.789418644429892
7.7902697411223025
7.791058504131063
7.792728629174468
7.793320188228893
7.793858894106105
7.794472066563833
7.794889788555095
7.795262583286816
7.795577624581056
7.7958472753715355
7.796080305089327
7.796131678597979
7.796280443882366
7.796400990713737
7.796495910951383
7.796281765392251
7.796317375079811
7.796338441950126
7.795923136731413
7.795891012577972
7.79585125007079
7.7958059504353985
7.7952531673638665
7.795195267236112
7.795138437975595
7.79508444000942
7.794454474171934
7.79440785270789
7.79436960768805
7.794341126648322
7.793688545410615
7.79368427527458
7.793694125453075
7.7937190952672015
7.793153215160543
7.793233835113652
7.793333275026402
7.793452054692934
7.792913263129387
7.793080083484444
7.793267749507539
7.793476406147651
7.793706117067691
7.79329215924468
7.793574495166181
7.793877862982601
7.79420198323913
7.794546505880938
7.794273668337382
7.794669662793845
7.795084656365775
7.795518005373007
7.795969009381896
7.795835827336443
7.796332123057229
7.797369126991675
7.797907943530208
7.7984589792848436
7.799021199514805
7.799056010811557
7.799648658346974
7.8002489396057895
7.800855711149617
7.8014678170692315
7.802084092720221
7.802703368419683
7.80284558397773
7.803476872182216
7.804107333717966
7.804735818721258
7.80536118452552
7.805982322573094
7.806598141017288
7.806779596632242
7.8073894164264415
7.807990559116231
7.8085820564125505
7.8091630232123945
7.8097326006697685
7.810289946894478
7.8108343188433365
7.811364999429661
7.811881286523237
7.812022898144141
7.812515479446036
7.812991859814582
7.813451621282737
7.813894351899545
7.814319633710561
7.814727192623134
7.815116756206886
7.815488047437316
7.815840923974818
7.816175242514815
7.816490861509833
7.817065887165636
7.817325251073632
7.817565908362716
7.817787927817847
7.81775342747272
7.817945872706943
7.818120115063742
7.818276355253815
7.8184147672364706
7.81853553371741
7.818638987505018
7.81872532168193
7.818794762180689
7.818847747071252
7.818884474546305
7.818905205571858
7.818910480109468
7.818900492219189
7.818875533413948
7.8188362412904935
7.818782801390435
7.81871553482763
7.818635170435469
7.818541885236706
7.818436032022919
7.818318420999376
7.818189224066961
7.8180488300197695
7.817969994807224
7.817803884673248
7.8176282836464095
7.817444116013519
7.817444116013519
7.817251567193176
7.8170511193570835
7.816843724324561
7.816629573108987
7.816409191407745
7.816183529104184
7.815952785294634
7.815717532068817
7.815478682776573
7.815236444383817
7.814991437195668
7.814774273371373
7.814523958820279
7.814272791704122
7.8140215467948275
7.813770414463698
7.820434318171144
7.821600732628666
7.8227770242157115
7.823962195196757
7.82515513468537
7.826354620281859
7.827559320327309
7.828767796768256
7.82997850862483
7.831189816052672
7.832399984986687
7.8336071923531545
7.834809531833232
7.836005020159509
7.837191603923684
7.838367166871644
7.839529537658501
7.840676498033939
7.841805791425151
7.842915131881276
7.844002213341041
7.845064719181223
7.846100332002398
7.847106743603606
7.848081665096869
7.849022837108629
7.849928040014316
7.850795104148558
7.851621919934555
7.852406447871921
7.853146728324132
7.853840891044331
7.854487164379884
7.855083884095227
7.855629501754778
7.856122592608228
7.856561862923987
7.8569461567169565
7.857274461823193
7.857545915273753
7.857759807927929
7.857915588328099
7.858012865744194
7.858051412382072
7.858031164734296
7.857952224059196
7.857814855979505
7.857619489198916
7.8573667133411185
7.857057275922712
7.856692078477806
7.856272171858548
7.855798750743
7.855273147386751
7.854696824661023
7.85407136842592
7.853398479292782
7.852679963831853
7.851917725289781
7.851113753882235
7.850270116728729
7.849388947503198
7.848472435874295
7.847522816804588
7.84654235978952
7.845533358108876
7.844498118160078
7.843438948951834
7.8423581518281305
7.841258010481221
7.840140781329589
7.839008684318884
7.837863894190903
7.83670853228846
7.835544658938854
7.834374266442492
7.8331992727235065
7.832021515668254
7.830842748153684
7.829664633813613
7.828488743549408
7.827316552758726
7.826149439325703
7.824988682357378
7.823835461611492
7.822690857657871
7.821555852737642
7.820431332235593
7.819318086813348
7.818216815149553
7.817128127170581
7.816052547834291
7.814990521396719
7.813942416013451
7.812908528762654
7.811889091005594
7.8108842739048026
7.809894194221204
7.808918920294871
7.807958477997415
7.8070128568229675
7.806082016010781
7.80516589045964
7.804264396651303
7.803377438469416
7.802504912645332
7.801646714106931
7.800802741014786
7.799972899579018
7.7991571083419675
7.798355302253063
7.797567436411007
7.7967934891857755
7.796033465093762
7.795287397298917
7.79455534945172
7.793837417273687
7.793133729759957
7.792444449725111
7.7917697741140195
7.7911099339524705
7.790465193691696
7.789835850358366
7.789222232385885
7.788624714520842
7.7880436729478655
7.787479521683149
7.786932698489483
7.786403684946538
7.785892944708449
7.785400973109769
7.784928308344385
7.7844754491177675
7.784042921804505
7.783631294300148
7.783241070743791
7.782872778807193
7.782526985892374
7.782204170740012
7.781904831768335
7.781629504581814
7.781378613732633
7.781152600044484
7.780951937348443
7.7807769725164855
7.780628065240794
7.780505600627889
7.780409831915593
7.7803410204796295
7.780299439333353
7.780285240749788
7.780298577188504
7.780339590108987
7.780408332345923
7.780504843579104
7.780629117775707
7.780781118246177
7.780960774083209
7.781167919098094
7.781402444081008
7.781664174655891
7.78195277469291
7.782268084632629
7.782609837310614
7.782977519570993
7.783370939156362
7.783789758456687
7.784233282585221
7.784701327349042
7.785193465355421
7.785708838324067
7.786247287125465
7.786808322484105
7.787390919598113
7.787994966075937
7.788619919091866
7.789264601014396
7.789928963019368
7.790612413424997
7.791313641961139
7.792032674131351
7.792768869330579
7.793520811733755
7.794288605195173
7.795071554444077
7.7958681723088326
7.796678638197557
7.7975021900828585
7.798337310869145
7.799184246347587
7.800042148930528
7.800909520195537
7.801786657806939
7.802672602800277
7.803565931097229
7.804466973663931
7.805374627503555
7.8062876053857755
7.807206250503424
7.808129276556673
7.809055602157558
7.809985561139168
7.810917638422492
7.811851033515527
7.812786049457571
7.814223113587405
7.814745381520298
7.816196386422133
7.8167548838017655
7.817340232588723
7.818822593139897
7.819454866243156
7.820955726258012
7.821641262127241
7.823160584355392
7.823905000506676
7.825443013341619
7.826250539708587
7.827102737664819
7.828678222187014
7.82959712543081
7.831184213773295
7.824692777469142
7.8260143267992435
7.826496229502405
7.8283199631179565
7.828852838810207
7.829411636888539
7.830738018711461
7.831336391923095
7.832658725801634
7.833977829442564
7.835306917039304
7.836032733776195
7.836796569154239
7.838128671325314
7.83894191575678
7.841119445279142
7.842016748712927
7.843319096896143
7.843920518705545
7.84522949802809
7.846234459400857
7.847270196972472
7.849595821208127
7.850679377441178
7.85188594070749
7.852981847338826
7.854127452500721
7.855230005099697
7.856309325365321
7.857413651581461
7.859667911528794
7.860639489438316
7.861767493520967
7.8626616697987055
7.863780234829006
7.864595031216394
7.865701783320429
7.866817642399573
7.868630674359883
7.8697398886044185
7.870347080331731
7.871440513211902
7.871966727228601
7.87304419264835
7.873490134097135
7.874551752731585
7.875619889076402
7.8770166949419
7.878075434674075
7.8783194623768615
7.879362746757696
7.879528168643385
7.880555951730394
7.880641639354608
7.881653419698637
7.883671389257577
7.883691824802059
7.885746568050775
7.8856593681268725
7.8866674481289945
7.88648928142324
7.887472994327855
7.8884563747177925
7.888151775811727
7.889104207359713
7.88868972433555
7.8896053413553116
7.889070205063812
7.890803903669957
7.890094474147142
7.890900931765644
7.891691595897588
7.890782498590591
7.891504445644342
7.890424457951931
7.891067654184207
7.88980187466328
7.890355924786378
7.888889663008152
7.88934405018394
7.889761967036438
7.888007609714619
7.888310707304582
7.88650211843607
7.886632385675485
7.884316193265139
7.884308484986149
7.8842462187540825
7.881582570607487
7.8813709559110325
7.878442506048866
7.878075613432254
7.874880294092546
7.874353677646337
7.870892328447503
7.8702031198563525
7.869446907829826
7.865626463615602
7.864705422060906
7.860630714280441
7.859545908352984
7.855227159235405
7.853981233249601
7.8480281396516745
7.846558619724574
7.845022957135451
7.840087790498059
7.838404933189768
7.833279187470772
7.831457056102022
7.82615941054542
7.8242069359160755
7.822198532124426
7.816683789063727
7.814559097476139
7.808917964496281
7.8066879948920995
7.80094053504249
7.798616902548152
7.792782971165246
7.790377821796688
7.787939326526344
7.782002872379986
7.779501752510692
7.773524184762044
7.770973927712656
7.764973885045068
7.762388441939987
7.756384161659689
7.753777971685773
7.7511696974529825
7.7451754216174935
7.742569353307584
7.736614102570109
7.734026100532399
7.725574406480531
7.723048231872988
7.720553872205521
7.714783838521335
7.712359085774236
7.706700083214419
7.704362804413906
7.698834430299892
7.696602825847677
7.691225123191087
7.689117601268955
7.687083332502721
7.681946018219597
7.68006334837029
7.678267096415249
7.676561210900618
7.671795897258986
7.670276390348302
7.6657505409408415
7.664433890409202
7.6632266634770945
7.659068840124367
7.658086520293455
7.654214116611608
7.653469969336749
7.64989969945755
7.649405276989325
7.649038869904572
7.645916922226897
7.645813024955781
7.643025017656543
7.64318988588668
7.640744801982717
7.641182286993415
7.63908622930635
7.639797675043321
7.640641506982743
7.639037874890841
7.640152270792007
7.638898993376651
7.640279054074691
7.6393714692388786
7.641009910381999
7.640440270190229
7.64232758605195
7.6443283490204275
7.644209911179624
7.646441401144772
7.64663031024034
7.649078604709373
7.649558410749853
7.6522082850459014
7.657765203188667
7.658710154533582
7.66169871133962
7.66287939021823
7.66601958922056
7.667415027825926
7.670689704554974
7.672278677938869
7.675670864537189
7.679108116241922
7.680925409316391
7.684455850819226
7.68641659303335
7.690024564854112
7.692108041277381
7.6957783071463695
7.697963837889176
7.701681917182084
7.7054127804412875
7.707704203073936
7.711464327441135
7.713820886212758
7.717600377303456
7.720011606709703
7.723799510978687
7.727581704927858
7.730037845001847
7.733812721950679
7.7362899552871145
7.740047478768452
7.7425306702014565
7.7462637995352495
7.748741606374827
7.752439700472576
7.759755634607415
7.762186101584259
7.765781200540604
7.768180305633781
7.771717476477583
7.7740811250307535
7.777552996939769
7.7798723222982025
7.783274983851436
7.786630506331222
7.788868656189501
7.792143700035225
7.792143700035225
7.793198747785634
7.794247788743067
7.795290968556706
7.79632842698956
7.797360317721726
7.798386823320506
7.799408166056902
7.800424614900738
7.801436488842778
7.802444156655304
7.806469370122252
7.807450233102443
7.808427987418081
7.809403207303003
7.810376728672071
7.8113494588447505
7.8123224457917475
7.8132966267617405
7.814272438781919
7.815249585056788
7.816227253442184
7.817204710436489
7.818181813221874
7.819159064896254
7.820137283469419
7.821117232989118
7.822099450502782
7.825674692030689
7.826639030057211
7.827606045575237
7.82857576209639
7.829548151081713
7.830523130398041
7.831500563301598
7.832480258007218
7.833461967883385
7.834445392290967
7.8354301780537945
7.8364159215150355
7.837402171098393
7.838388430269863
7.8393741608005705
7.842523677110674
7.843481632580695
7.844437111843629
7.84538945136771
7.84633796638269
7.847281955371821
7.848220704616876
7.849153492722302
7.850079595064184
7.850998288130054
7.851908853731191
7.852810583073118
7.853702780669446
7.856364537260457
7.857210526397521
7.85804502386718
7.85886743931331
7.859677213368079
7.8604738202275035
7.861256769964508
7.862025610574762
7.86277992975207
7.863519356393109
7.864243561831966
7.864952260806692
7.867080725625094
7.867734575451528
7.8683725608197435
7.8689945967945
7.869600642802508
7.8701907019910475
7.870764820365374
7.871323085715403
7.871865626341643
7.872392609590068
7.8740768153580305
7.874553771346337
7.8750162943425375
7.875464707369807
7.875899361923249
7.876320635535197
7.876728929230097
7.877124664877628
7.877508282453794
7.877880237217994
7.879194580955389
7.879529825587962
7.879855348888799
7.8801716481453346
7.8804792202134095
7.880778558400055
7.881070149321068
7.881354469740199
7.8816319833965025
7.882698425251632
7.8829536344804625
7.883203887232232
7.883449571540126
7.88369104641987
7.883928638804219
7.884162640515773
7.88439330528842
7.885306758564025
7.885525877842529
7.8857427877976
7.885957570008129
7.886170253919995
7.886380814358851
7.886589169181609
7.886795177086031
7.887612392293927
7.887812625573242
7.8880104047748905
7.888205339593516
7.8883969715212165
7.888584772921528
7.888768146424416
7.888946424669971
7.889703267795349
7.889874301892396
7.890038540719275
7.890195035150447
7.890342768296691
7.8904806577427395
7.8906075583223805
7.89131505339962
7.891426603170358
7.8915240330694125
7.891605958492486
7.891670950984478
7.891717544514401
7.891744242388042
7.892388795038869
7.89238582142435
7.892358774914102
7.892306064784446
7.892226109727986
7.892117348425916
7.891978250637026
7.892525582394837
7.892338717562592
7.892117252430091
7.891859825193895
7.891565164100279
7.891232100769718
7.890859583613473
7.891263062768291
7.890826096640444
7.890346858098861
7.889824809769607
7.889259596369375
7.888651057124633
7.888898677209552
7.888218165951534
7.887494162613129
7.886727314431563
7.885918516733718
7.8850689206157165
7.8841799393831575
7.884233562933672
7.883278842169868
7.882289153398341
7.881266937858352
7.88021491456777
7.879136077836966
7.879054564622569
7.877932339501221
7.876792188000894
7.875638118417379
7.874474380983712
7.873305454467025
7.873162787781061
7.871989342088862
7.870823582809945
7.869670742581789
7.868536195704248
7.867425434534783
7.866344044490709
7.866274738241449
7.865250369616334
7.864270808969945
7.8633417923182884
7.862469013996663
7.861658096354012
7.861813892551183
7.861116921289327
7.860496642031691
7.859958163068223
7.859506374447119
7.85914591921865
7.858881165740162
7.8594754598831225
7.859381150948887
7.8593929619052805
7.859514010946383
7.859747027982506
7.860094337062355
7.861183373318726
7.861728523223692
7.862392059215771
7.863174655050047
7.864076527765446
7.865097435298205
7.8667175980684645
7.867936974086646
7.8692720832082115
7.870720972358255
7.872281257117008
7.873950135517375
7.875724404365608
7.877897736305916
7.879836081497415
7.881868637567794
7.88399087799281
7.8861979851273665
7.888484878130923
7.890846242200088
7.893398994842877
7.895860624285518
7.8983806561020256
7.900953194379396
7.903572261685549
7.906231831165704
7.908925858331241
7.911612201035175
7.914330033284098
7.917065523932104
7.91981287545076
7.9225664143398875
7.92532061679929
7.928070132778123
7.930633717285496
7.933336732944539
7.936021391277658
7.938683227507294
7.941318038472174
7.9439218950130845
7.946491152200908
7.948722890513652
7.9511959983130565
7.953626337589131
7.956011428449665
7.958349092212349
7.9606374494671535
7.9628749162849735
7.965060198669788
7.966767670543825
7.968833191332139
7.9708450653970235
7.9728030339972795
7.9747070782190494
7.9765574056755115
7.978354436329541
7.9800987875791165
7.981791258744593
7.98288690499988
7.9844697576986645
7.986004570240592
7.987492677082228
7.988935514269008
7.990334603217691
7.991691534756612
7.993007953525388
7.994285542825688
7.9955260100083825
7.996070452683662
7.997235845427345
7.998369600834334
7.9994733758075665
8.000548790460073
8.001597417999193
8.002620775490879
8.00362031552193
8.004597418771347
8.00555338749384
8.00648943991275
8.006645947123824
8.007542571389537
8.008422733309086
8.009287278689778
8.010136955719076
8.010972414371068
8.011794206547048
8.012602786908966
8.013398514362605
8.014181654144416
8.01495238046474
8.01571077965846
8.016456853793358
8.01719052468584
8.017091672299733
8.017802710827386
8.01850117126053
8.019186715696366
8.019858951152017
8.020517434918174
8.021161679974425
8.021791160422884
8.022405316897487
8.023003561909647
8.023585285093136
8.02414985831247
8.024696640604576
8.025224982922486
8.025734232656815
8.026223737910104
8.02669285150564
8.027140934712373
8.027567360673467
8.027971517527064
8.028352811212933
8.028710667959912
8.02904453645423
8.02935388968989
8.029638226507126
8.029897072825921
8.029540009007105
8.029767703710906
8.029969516095308
8.030145085333315
8.030294077188305
8.030416183603512
8.030511122121615
8.030578635159163
8.030618489162668
8.030630473672872
8.030614400323907
8.030570101804459
8.03049743080666
8.030396258988226
8.030266475971866
8.030107988404996
8.030075309635215
8.02982609126331
8.02954749550657
8.02923953730791
8.028902247820293
8.028535673998766
8.028139878331457
8.027714938713927
8.027260948467948
8.026778016503789
8.026266267621544
8.025725842945048
8.02515690047849
8.024559615774214
8.023934182697605
8.023280814272345
8.02259974358892
8.021891224756425
8.021155533876863
8.020392970021225
8.01960385618463
8.018788540198662
8.017947395578924
8.017080822286422
8.016189247382135
8.015273125555602
8.013582151715585
8.012591294203874
8.011578298953635
8.01054375994416
8.009488295517873
8.008412547828874
8.007317182113303
8.0062028857812
8.005070367331673
8.003920355096902
8.002753595822576
8.001570853094822
8.000372905627119
7.999160545422455
7.996870339502396
7.995618682448934
7.994355992677689
7.993083078420692
7.99180074895226
7.99050981264448
7.989211075053129
7.987905337056626
7.98659339306948
7.9852760293517955
7.983954022434256
7.981458739564703
7.980126795049158
7.97879315193143
7.977458509704621
7.97612355302788
7.974788951317904
7.973455358526154
7.97212341310322
7.970793738148791
7.968287496138951
7.966967218777392
7.965651471188356
7.964340802924619
7.963035752709721
7.961736849517692
7.960444613736904
7.959159558398792
7.957882190449311
7.955475721285381
7.95422264339098
7.952979107437087
7.951745601784934
7.950522615769859
7.9493106406652725
7.948110170527619
7.9458457913035785
7.944680119694036
7.943527767586387
7.942389242164082
7.941265055454673
7.940155724059454
7.939061768685323
7.937983713478918
7.9359424030620795
7.93491078405277
7.933896913293964
7.932901313546344
7.931924504515101
7.930967001098853
7.930029311522048
7.928236346563331
7.927354820795745
7.92649477704942
7.925656668525591
7.924840930909299
7.924047980268559
7.922504001356029
7.921774067929056
7.921068162268071
7.920386591927595
7.919729635241994
7.919097539913675
7.918490521787931
7.917259384721194
7.916720038639574
7.91620625526907
7.915718103491541
7.915255617311853
7.91481879601441
7.9138687348126675
7.913500146996463
7.91315698222022
7.912839096625416
7.912546315954487
7.912278437079358
7.9116054558399025
7.911403310181733
7.911225206784685
7.911070836948888
7.9109398732545975
7.910831971942795
7.910422405693641
7.910375518191363
7.910350454891928
7.910346824382426
7.910364231419288
7.910402279396807
7.910460572757544
7.910330260276341
7.910442904315729
7.910574473879107
7.910724593487901
7.910892899136463
7.9110790399882545
7.911169618012854
7.911404667080412
7.911656414299292
7.911924567890712
7.912208854730845
7.912509020904651
7.91280347028725
7.913148171274354
7.913507906677129
7.913882491010643
7.914271756968529
7.914675554634992
7.915161139798684
7.915606251069698
7.916065291322954
7.9165381534550106
7.917024739564098
7.917524958763733
7.918038724770888
7.918730578996453
7.919282417110319
7.919847192926268
7.920424788037706
7.921015072259246
7.92161789993446
7.9224769245659195
7.923113792898248
7.923762142453577
7.924421695360791
7.925092136300258
7.925773107969473
7.926464206477002
7.927484879999128
7.928200854198874
7.928924690040373
7.929655713116883
7.930393178797904
7.931136267953178
7.931884082853266
7.933005725468449
7.9337607255858416
7.934516238477393
7.935270976415011
7.936023557376912
7.936772503157124
7.937516237983768
7.938253087690678
7.9393544681656865
7.940064233329545
7.940760184522131
7.9414402289599195
7.9421021835102055
7.942743778237787
7.943362660744041
7.943956401314175
7.944823599118381
7.945340768186065
7.945823623063003
7.9462694896193415
7.946675658537016
7.947039395421497
7.947357951629031
7.947628575768387
7.94784852582852
7.948125649755391
7.948204667925804
7.948223622849356
7.948179981453981
7.948071292708896
7.947895202064065
7.9476494659749095
7.947331966416714
7.946940725293688
7.946473918642222
7.945929890528796
7.945039552632261
7.9442939888726265
7.943466727623481
7.942557000655648
7.941564271922584
7.940488247230213
7.939328882911572
7.938086393425851
7.936761257806463
7.935354224889979
7.933866317263684
7.932298833878255
7.930653351280195
7.928123533488006
7.926284662854678
7.924374787839647
7.922396673273595
7.9203533441273315
7.918248077667076
7.916084394176711
7.9138660462754205
7.911597006872615
7.90928145580815
7.906923765236647
7.904528483822288
7.90210031981976
7.899644123123595
7.897164866377023
7.894667625236621
7.8921575578963665
7.889639883980335
7.8871198629169275
7.884602771913487
7.882093883652061
7.879598443830769
7.877121648676514
7.874668622556211
7.872244395813827
7.869853882959701
7.8675018613378525
7.865192950393984
7.862931591663853
7.860722029598674
7.858568293338193
7.856474179537467
7.854443236346912
7.85247874863788
7.850583724559161
7.8487608835006295
7.847012645532177
7.845341122376404
7.843748109963694
7.842235082608621
7.8408031888352525
7.839453248869591
7.838185753805337
7.837000866438893
7.835898423758463
7.834877941061835
7.833938617666039
7.833079344162942
7.832298711163294
7.8315950194647215
7.830966291567515
7.830410284456283
7.829924503555754
7.82950621776384
7.8291524754579545
7.828860121365727
7.828625814186613
7.828446044847956
7.828317155275737
7.82823535756009
7.828196753393146
7.829145637207246
7.829154281809756
7.829194249417256
7.829261458328619
7.829351811478378
7.829461214926647
7.829585595841942
7.829720919883861
7.829863207899211
7.83000855185237
7.8301531299190525
7.830293220680876
7.830425216366394
7.831210745232475
7.8312964097355175
7.831364909128431
7.831413231509231
7.831438525971485
7.831438109470815
7.831409472617341
7.831350284410137
7.831258395936171
7.831131843064237
7.8315065105892945
7.831295836527645
7.8310468694087545
7.830758388331109
7.830429353804487
7.830058905440782
7.829646359003594
7.829191202880435
7.828693094041339
7.828667043668064
7.828082917973573
7.827456799838918
7.82678894028004
7.8260797308541665
7.8253296980010045
7.824539497296997
7.8237099076721215
7.823410527184986
7.822512589947535
7.821579004954068
7.820610938551739
7.819609651207368
7.818576492444564
7.8175128959591635
7.817081291947624
7.8159732280329814
7.814839842796905
7.813682806125616
7.812503850522647
7.811304767509316
7.810087404181517
7.809628210177797
7.808393238310862
7.807145787212439
7.805887840714992
7.8046214236706515
7.803348599106192
7.802948135032783
7.801680952950451
7.800413391783663
7.79914759238138
7.797885720555796
7.7966299638275105
7.796348237587843
7.795120486985828
7.7939048890935565
7.792703649214061
7.791518977586388
7.790353084936543
7.790238471143759
7.789121455495165
7.788029018258499
7.78696330657452
7.785926445059958
7.785982763402638
7.785010172157287
7.784071768865548
7.783169527736949
7.782305372752796
7.781481171160213
7.781762908012142
7.7810189451012315
7.780319335810131
7.779665672768405
7.779059461929938
7.779542783412457
7.779026553595224
7.77856104422631
7.778147384476181
7.777786589230922
7.778474827641741
7.77821005465487
7.7779999830235464
7.777845163227194
7.777746010234375
7.77770280011673
7.778634701267432
7.778689089031693
7.778799202586641
7.778964785988372
7.7791854354972125
7.780307157097861
7.780621108934033
7.780988090866771
7.7814071554260975
7.781877210865677
7.783169693636259
7.783723646073941
7.784324754433534
7.784971416326475
7.785661901637227
7.787097979314843
7.787857975558001
7.788656322390973
7.789490857486552
7.790359319654721
7.791259356593715
7.792822296798525
7.793768505659493
7.794739261961907
7.795731933197567
7.7967438367828565
7.7983599386383045
7.799394943857827
7.800441374929175
7.801496430360996
7.802557306169134
7.804172890675194
7.805231825084587
7.806288570824115
7.807340387611436
7.808384582612211
7.809418520568465
7.810957744266529
7.811959577296879
7.812943787757902
7.813908029584895
7.814850060144915
7.815767748428988
7.817145392736901
7.818004364880308
7.818833223483963
7.81963032332169
7.820394164841515
7.821576506206187
7.822264707062256
7.822915810768316
7.823528920886675
7.824103305881045
7.824638400329692
7.8255379860416125
7.825986300092507
7.826394298199793
7.826762073545564
7.8270898827523325
7.82737814249395
7.82762742537741
7.8281708863421455
7.828335152110834
7.828462782629098
7.82855493718749
7.82861290289124
7.828638086725214
7.828889854263016
7.82884369884689
7.82876951722938
7.828669136687744
7.828544459734507
7.828397453887532
7.828230141274017
7.828215365928733
7.828003590736599
7.827777939520959
7.827540579845033
7.827293681209806
7.827039404654026
7.826779892567612
7.8265172587671366
7.8263403399768965
7.826070117042099
7.825803240976554
7.8255416443950905
7.825287186029851
7.825041643167715
7.824806704616972
7.824583964227781
7.824374914986536
7.824212354136813
7.8240320787822615
7.823869882026284
7.823726818934831
7.823603822069517
7.823501699297505
7.823421132230639
7.823362675286986
7.823326755364961
7.823313672117065
7.823323598808417
7.823392796989974
7.8234530408475464
7.823536680206459
7.823643402771494
7.823772781479272
7.823924278416664
7.82409724914001
7.824290947361416
7.8245045299659886
7.824737062323999
7.824987523860354
7.825254813842793
7.825537757351049
7.825835111387172
7.826298141647385
7.826632632634983
7.826977982560747
7.827332731626873
7.827695382741523
7.828064407668253
7.828438253065614
7.828815346387908
7.829194101620646
7.829572924827362
7.829950219485864
7.830324391597365
7.830693854552008
7.831057033740089
7.831412370900344
7.8317583281998315
7.832093392043664
7.832416076615545
7.832724927153546
7.833018522968075
7.833295480211792
7.833554454413772
7.833794142792252
7.834013286362394
7.834210671856739
7.834385133477517
7.8345355545006825
7.834660868752345
7.834760061977847
7.834832173123771
7.834876295553108
7.834891578211508
7.834877226763043
7.83483250471073
7.834756734516068
7.834649298730297
7.83450964114623
7.83433726797919
7.834131749081209
7.833892719191558
7.833619879223262
7.833312997583254
7.832971911520544
7.8325965284958246
7.832186827562245
7.831742860746146
7.830225253242633
7.829694321869887
7.829130147464765
7.828533110169094
7.827903668866977
7.827242362213434
7.826549809547853
7.825826711671825
7.825073851472551
7.824292094371396
7.823482388579641
7.822645765142398
7.821783337753499
7.820896302324775
7.818715589612328
7.817772770751867
7.81681013273547
7.815829203376406
7.814831585747685
7.813818956021468
7.812793060979756
7.811755715189336
7.810708797834795
7.809654249206204
7.807252069393142
7.806186518156633
7.805120320062758
7.804055623313537
7.802994613965063
7.801939510340634
7.8008925571079
7.799856019029538
7.79883217439945
7.796507600831765
7.795523006068313
7.794558818689172
7.7936172983746195
7.792700680661166
7.791811168821105
7.7909509255791285
7.788895445428493
7.788114072075314
7.7873689518838844
7.786661990687152
7.785995009992632
7.78536973848143
7.784787803656096
7.783170303955595
7.7826998868201605
7.782277698634629
7.78190486157171
7.781582357290186
7.781311020625362
7.780181186630224
7.780038919064824
7.779949890648794
7.77991426394077
7.7799320308843525
7.780003010716757
7.779414986177171
7.7796188226539185
7.779874519491567
7.780181158059519
7.780537648967783
7.780942735690205
7.78089725943355
7.781423584482141
7.781993701106852
7.782605691665796
7.783257503667862
7.783636659590194
7.784388864901793
7.785173668930361
7.785988535866473
7.786830849810742
7.787566470205429
7.788480395557525
7.789412983967333
7.790361395570824
7.791322779097164
7.792324522166249
7.793324348823537
7.794327920797834
7.795332460346094
7.796335248676437
7.797501971061618
7.798509891877046
7.799507577045543
7.800492663086823
7.8014629047151836
7.802695431856103
7.803641535652873
7.804566089628289
7.805467419850457
7.806344008814385
7.807557025668323
7.808387623420021
7.809189265886604
7.809961124219723
7.811118769812683
7.811833537824755
7.812516556305148
7.813167702459487
7.813787015487736
7.814830777897215
7.815388660773819
7.815915468511144
7.81641188042568
7.816878711891894
7.81779611007909
7.818206466812441
7.818590339039239
7.81894905113917
7.819775897687216
7.820087497304102
7.820378502686945
7.820650619744582
7.821403462609859
7.82164158877192
7.821866439473673
7.822079975580922
7.822284200427068
7.822978076288142
7.823168184483398
7.82335534047207
7.823541669261551
7.82422274390215
7.824412101160588
7.824607228787468
7.824810291583285
7.825023455534665
7.825732602323755
7.825970585480099
7.826225245017176
7.826498718474063
7.827263752037451
7.827578838655129
7.827919116356881
7.828286657719031
7.828683517069804
7.829559816714589
7.8300181792245604
7.830511861440515
7.831042817385971
7.832033145348565
7.832640020920892
7.8332897705543045
7.83398421777004
7.834725148913849
7.8358919485844405
7.836725140136311
7.83760979564527
7.83854751966295
7.839539862787286
7.840910616296516
7.842009021103717
7.843166207147942
7.8443834727569195
7.845925052277738
7.84725694017859
7.848652235751662
7.85011191766316
7.85163686888798
7.85341190951113
7.855059137332534
7.856773650111422
7.858555916906191
7.860406285266793
7.862420212120901
7.864395998321886
7.866440279179973
7.868552897567827
7.870733552205632
7.8729823520886635
7.875286274833685
7.877656734252832
7.880092854071578
7.8825935991283185
7.885157773732931
7.887679135467009
7.890356195950981
7.893092677734466
7.895886777412728
7.898736531873154
7.901447864138636
7.904395115044514
7.907391959728166
7.91043586142879
7.913524140757786
7.916653981449387
7.9195537003083825
7.922754972369574
7.925989586672586
7.92925427824041
7.93254568240268
7.935860344455473
7.938880076490317
7.942233754122171
7.945601023610543
7.948978188967955
7.952361516791609
7.955747248313395
7.959131611646624
7.962198753138923
7.965580119342945
7.968950020558156
7.972304746145558
7.97564063071552
7.978954066014592
7.982241512507571
7.985246883449159
7.988490862431956
7.991699802217458
7.994870512183188
7.997999918452888
8.001085072421947
8.00412315859352
8.007111501690158
8.009932146942823
8.012839517269546
8.01569072394091
8.01848365301892
8.021216352596406
8.023887035326677
8.026494080166623
8.0290360333465
8.031511608588339
8.03401878199728
8.036388397972257
8.03868892364581
8.04091966365687
8.043080080714212
8.045169792215283
8.047188566381399
8.04913631795754
8.051013103525825
8.052819116482137
8.054554681725266
8.056220250106568
8.058230337447686
8.059784958887578
8.061271012833346
8.062689339380459
8.064040877079723
8.06532665704934
8.066547797118325
8.067705496027582
8.068801027711379
8.069835735677259
8.070811027499236
8.071728369435792
8.072589281178638
8.07339533073747
8.074148129459985
8.074849327184836
8.075500607522965
8.076103683258163
8.076660291858536
8.077172191086476
8.078389523624406
8.078824893224382
8.07921977759153
8.079575985388567
8.079895328295697
8.080179616856398
8.080430656316086
8.08065024244701
8.08084015735413
8.081002165258944
8.081138008256843
8.08124940204541
8.081338031624183
8.081405547065383
8.081453559073104
8.081483634705007
8.081497293083562
8.081496001165549
8.081481169603103
8.081454148733796
8.08141622474047
8.081368616027282
8.08131246986254
8.081248859344845
8.081178780754223
8.080436524969898
8.080366321099888
8.080292073915889
8.080214277802611
8.080133333060378
8.080049606710821
8.079963479075735
8.07987532767787
8.079785649047988
8.079694461653794
8.079601747412148
8.079507394157142
8.079411253336152
8.079313161794138
8.07921296497831
8.079110532936678
8.079005747289116
8.078898510251728
8.078788750743477
8.078676427477975
8.078031194408833
8.077916906329989
8.077799563066215
8.077679252368538
8.07755607678237
8.07743014599654
8.07730156904038
8.07676798794428
8.07608989114732
8.075528653796653
8.074952791304899
8.074362520785986
8.073628821821945
8.073012210744865
8.072381951311376
8.07160788981255
8.070953848286653
8.070287337645583
8.069477531229598
8.068790574891063
8.068092446344071
8.06725291529784
8.066537982939044
8.065813299419654
8.06495101140338
8.064213786314347
8.06346869174554
8.062592361356492
8.061841276641987
8.061084403653279
8.060206421604661
8.059451275757546
8.058694873766417
8.057938175775872
8.057084667733067
8.056341924769114
8.055603517255891
8.054789215763837
8.054076063925665
8.05337223045876
8.052617906458874
8.051951109782859
8.051298922560354
8.050625787512196
8.0500230588173
8.049440767392882
8.048871245744479
8.048352058800974
8.047859770911263
8.047418508475916
8.047003990183873
8.04662294298007
8.046335701053161
8.04604643585942
8.045796345471318
8.045686519387802
8.045539457900757
8.045435692589908
8.045520941285798
8.045527600115518
8.045579985867878
8.045870932666439
8.046037337475626
8.04625038332289
8.046750819730763
8.047077987215433
8.047451280290614
8.047870302163489
8.048641093463912
8.049168720274137
8.049739291181087
8.050701551599897
8.05137230542276
8.052081876343408
8.05321609398967
8.054013947454388
8.0548452438306
8.056126014895193
8.057031355891068
8.058394957658269
8.059362963837739
8.060354491273609
8.061366895794002
8.06239693834935
8.064014445241138
8.065077009774274
8.066148340364869
8.067225953926632
8.06776452217368
8.069384670819376
8.070967483955584
8.072019924071368
8.073633052076417
8.074084307343554
8.075089263682893
8.076657777547773
8.07703209807857
8.07796368652384
8.07945770804653
8.080329242928912
8.081165989556721
8.08196679450609
8.082728744158876
8.083450250250172
8.084130575657067
8.085846002733037
8.086434379306954
8.086976973879102
8.087952800702753
8.088398812922744
8.08879695710649
8.0899820731182
8.090276687074814
8.090523414769873
8.091400403261414
8.091544251861503
8.091544251861503
8.092179121487378
8.09222290898653
8.092440045198703
8.092579403974845
8.092644682996838
8.09250931321587
8.092747694939195
8.09256549002791
8.092428508389697
8.092231622935472
8.091942680481754
8.091625197164943
8.091309462782814
8.090936749970803
8.090540742397856
8.090129263423396
8.089690235729329
8.089232701876558
8.088747233814487
8.088257249975982
8.08775256169926
8.087234506578135
8.086681940557062
8.086140698776253
8.085588441803415
8.084995454202327
8.084424112946271
8.083842836374124
8.083215799058303
8.082617453294697
8.082008236830754
8.081346822761484
8.080719071097795
8.08007900662282
8.079378149612598
8.078715052116289
8.07803687357514
8.077285839264022
8.076576987554642
8.075848942206951
8.075030933868023
8.07426145959235
8.073467550650015
8.072559899267992
8.071711537596475
8.07083307159001
8.06980947794131
8.068863284363287
8.067881886126553
8.066716753532523
8.065656339753497
8.064556800842386
8.063229110297618
8.06204207279295
8.060812946474892
8.059542363850435
8.057093696931629
8.055900374127052
8.054639602098383
8.051633209205868
8.05020900541
8.048698300693879
8.04702999360176
8.04354285546602
8.041793430787806
8.039925866974116
8.03605923077895
8.03400609784114
8.03194308094469
8.027582893203162
8.025233182308734
8.022992278563276
8.018188915234536
8.015576909782936
8.01319019737072
8.010462694802634
8.00518976913871
8.003050476216973
8.000187552979702
7.997265734341571
7.992178691147053
7.989621311866049
7.986645001619426
7.984089072255733
7.981535478889894
7.9760195201230735
7.973925511809545
7.971002952664835
7.968524144178224
7.966070128624268
7.963644791182086
7.961252026040416
7.956579763084634
7.954307992482231
7.952084224515628
7.949912220738152
7.9481564764654955
7.9460961010463835
7.944098892656061
7.94249011317951
7.940629143062863
7.938841910728713
7.939395477248374
7.937689527815477
7.936064449264744
7.934986011052478
7.93354247459842
7.932395609421755
7.931334220955352
7.930365043122692
7.930365043122692
7.929646119055002
7.928728682731174
7.928073263276676
7.927679268319688
7.927679268319688
7.927263310355268
7.927117977634301
7.92696984055285
7.92711381968938
7.927266910286747
7.927258656227183
7.927427226564743
7.927915000614008
7.9283846755574965
7.928587607995009
7.929452403969728
7.930261514264559
7.931214309791708
7.931495400908774
7.932929347176302
7.934216599506053
7.93456224883154
7.936390012708893
7.9379928036125476
7.938406237806382
7.940601997659021
7.94248694513957
7.942964615820353
7.945482309765819
7.945482309765819
7.944975305539287
7.944473978328004
7.943978312887342
7.945018056539789
7.944516435699704
7.94402015658493
7.943529168853533
7.9430433930553805
7.942562718071259
7.942087000187364
7.943081828787133
7.94259828863563
7.942119018506227
7.941643636318387
7.941171724966701
7.940702754586239
7.940236184104471
7.939771665221696
7.9407013856067215
7.940225386278933
7.939752415509878
7.939282394833931
7.938814861153316
7.93834917690722
7.937884734035689
7.937421039682595
7.938297674050634
7.937820880572247
7.937343987592416
7.936866652982575
7.936388531643693
7.935909276956358
7.935428542004728
7.934945980621127
7.934461247800776
7.935278269658413
7.9347786995858
7.934276344273707
7.933770871211236
7.933261945769122
7.932749230034246
7.932232381439341
7.931711051165348
7.931184882299899
7.930653507765223
7.931418660149343
7.930870854873393
7.930317060057875
7.929756838496736
7.929189729507467
7.928615246522795
7.928032874741358
7.927442068875428
7.926842251037962
7.926232808811898
7.925613093545571
7.926324294285745
7.92568104337445
7.925025607186747
7.924357166872164
7.923674863292311
7.922977797588482
7.922265032234096
7.921535592596117
7.920788469026179
7.920022619496603
7.919236972791044
7.918430432255248
7.917601880105412
7.918166562437521
7.917291880846504
7.916391827994566
7.915465243019271
7.914510973756371
7.913527884059808
7.912514861495177
7.911470825355536
7.910394734944892
7.909285598067664
7.90814247966028
7.906964510495008
7.905750895883998
7.904500924308855
7.9032139758986935
7.903394513146296
7.902033467511772
7.900634166297385
7.8991964314318945
7.897720214442298
7.896205602405963
7.89465282322629
7.893062250168724
7.891434405599646
7.889769963877101
7.888069753348898
7.886334757420875
7.884566114666805
7.882765117959516
7.880933212611452
7.879071993522699
7.877183201343197
7.8752687176653495
7.873330559273463
7.872957530075604
7.870978982724516
7.868983508603606
7.866973593284091
7.864951816366335
7.862920841069102
7.860883403288043
7.85884230020927
7.856800378568361
7.854760522648666
7.85272564211496
7.850698659779721
7.8486824993996205
7.846680073599321
7.844694272016906
7.842727949763651
7.840783916285342
7.838864924709274
7.836973661753794
7.835112738271709
7.8332846804909595
7.83149192200889
7.829736796587136
7.8280215317859625
7.826348243467518
7.826371904529146
7.824788172805086
7.823252041926125
7.821765145257575
7.82032899034964
7.818944958768943
7.817614306751217
7.816338166633921
7.815117549020334
7.813953345621086
7.81284633271264
7.81179717514775
7.810806430849895
7.809874555719415
7.809001908877561
7.808188758173949
7.807435285881371
7.80674159450382
7.806107712623976
7.8055336007189835
7.805019156876293
7.804564222344897
7.8041685868619375
7.803831993698547
7.80355414437541
7.80333470300341
7.8031733002110855
7.803069536627292
7.803022985893365
7.8030331971866405
7.803099697242972
7.8032219918734915
7.803399566976509
7.805306582037512
7.805592890493008
7.80593299164117
7.806326305788797
7.806772231491968
7.807270143842882
7.807819392416166
7.808419298917677
7.809069154581541
7.809768217363429
7.810515708980361
7.811310811848912
7.81215266597405
7.813040365841682
7.813972957367174
7.814949434951811
7.8159687386972
7.817029751826891
7.818131298360464
7.819272141084906
7.820450979862492
7.8216664503128595
7.822917122902068
7.82420150246782
7.82551802820517
7.826865074132869
7.828240950055842
7.829643903033731
7.831072119361571
7.832523727062717
7.833996798889839
7.83548935582449
7.836999371061613
7.838524774459657
7.840063457433849
7.841613278264684
7.845016724285068
7.846592823299136
7.848173729263719
7.849757202298934
7.851340999191718
7.8529228804661635
7.854500617593012
7.856072000288934
7.857634843856238
7.859186996511175
7.860726346651731
7.862250830013888
7.863758436667801
7.865247217806213
7.8667152922789
7.868160852830262
7.869582171998301
7.870977607637439
7.872345608030044
7.8736847165556645
7.87499357589043
7.876270931712651
7.87751563589607
7.878726649174635
7.879903043268276
7.8810440024630015
7.882148824642887
7.883216921775035
7.884247819854087
7.887322675115192
7.88827967022961
7.88919780312616
7.8900770060561145
7.8909173187571335
7.8917188856071245
7.892481952369218
7.893206862555096
7.893894053436276
7.89454405173375
7.895157469016121
7.895734996837635
7.896277401646935
7.896785519496266
7.897260250580908
7.897702553637473
7.898113440227798
7.898493968934677
7.898845239493049
7.899168386879329
7.899464575380116
7.899734992658042
7.899980843833491
7.900203345596112
7.90216182210254
7.902314129299328
7.902445572884139
7.902557386183052
7.902650789257921
7.902726983439384
7.902787145950221
7.9028324246282295
7.902863932756218
7.90288274400878
7.902889887524821
7.902886343117029
7.902873036629986
7.902850835459895
7.902820544251064
7.9027829007849215
7.9027385720793175
7.90268815071816
7.90263215143108
7.902571007946438
7.903499052620272
7.9033874566999
7.903271518274273
7.903151402596437
7.903027183597051
7.9028988426143405
7.9027662675714065
7.902629252626835
7.9024874983241675
7.902340612262508
7.9021881103100275
7.902029418378071
7.901863874771276
7.901690733125459
7.901509165941072
7.901318268715612
7.901117064674519
7.900904510094603
7.900960832488552
7.900693682245982
7.900413023571042
7.90011765733655
7.899806348756236
7.899477835777374
7.89913083790517
7.8987640654133076
7.898376228889773
7.897966049064031
7.897532266856817
7.8970736535914545
7.89658902130171
7.89607723307023
7.895537213328481
7.894967958049591
7.894368544763845
7.893704877948319
7.893040790742438
7.892345962600662
7.891619878730425
7.8908621485278365
7.89007251331354
7.889250853445446
7.888397194754844
7.887511714257396
7.886594745094761
7.885646780668712
7.884668477935128
7.883660659830693
7.88262431681228
7.8815606074936575
7.88047085837218
7.879356562642871
7.878326703091368
7.877190626934727
7.87603662507473
7.8748668003993405
7.873683403654655
7.872488827119147
7.8712855974947775
7.870076368055028
7.868863910094119
7.86765110372601
7.866440928083928
7.865236450974077
7.86404081803953
7.862857241491243
7.861688988465393
7.860539369065581
7.859411724150071
7.858898312228238
7.857862841570509
7.856860176730706
7.8558936327397575
7.854966491622374
7.854081989700843
7.853243305036768
7.852453545062083
7.85171573444787
7.8510328032566195
7.850407575421436
7.849842757592758
7.84934092839069
7.848904528097381
7.848535848822354
7.848237025170426
7.84801002543897
7.847856643369435
7.849099246642196
7.8491441902128285
7.849267094193292
7.849468924539456
7.849750438014112
7.850112177755871
7.850554469539853
7.851077418739377
7.851680907996672
7.852364595609986
7.853127914641723
7.853970072752976
7.854890052767216
7.855886613966031
7.856958294118085
7.858103412241702
7.859320072100614
7.860606166431313
7.861959381898753
7.8654788011434045
7.866994820471805
7.868568601823091
7.870197003906687
7.8718767174531115
7.873604274736438
7.875376059751408
7.877188319025285
7.879037173041644
7.880918628249388
7.882828589628753
7.884762873781304
7.886717222508641
7.888687316840207
7.89066879146746
7.8926572495380025
7.894648277758405
7.896637461753184
7.898620401620268
7.900592727623324
7.902550115954764
7.904488304502299
7.908891603125017
7.910778897532673
7.912633014365203
7.914450129228127
7.916226560324082
7.917958782403105
7.919643440148087
7.92127736091686
7.922857566762629
7.924381285656126
7.925845961836305
7.927249265216992
7.928589099782553
7.929863610908749
7.931071191549863
7.932210487238666
7.933280399852105
7.934280090101972
7.935208978716906
7.936066746289859
7.936853331773127
7.937568929611928
7.9382139855154445
7.938789190873912
7.939295475839326
7.939734001096521
7.940106148360477
7.940413509645442
7.940657875359363
7.940841221287416
7.940965694535199
7.941033598511569
7.942932639173268
7.9428686212584925
7.942755667827388
7.94259655692857
7.942394133103993
7.942151288783961
7.941870945478584
7.941556034883712
7.941209480020766
7.940834176530481
7.940432974239608
7.940008659118562
7.939563935745231
7.939101410387151
7.938623574810259
7.938132790917321
7.937631276313076
7.937121090887914
7.936604124503163
7.936082085854638
7.935556492582405
7.935028662685333
7.934499707291223
7.933970524822247
7.9334417965871316
7.932913983820238
7.9323873261789455
7.931861841699769
7.931337328204754
7.930813366138315
7.930289322807393
7.929764357986521
7.92923743084186
7.928707308119364
7.928172573534742
7.927631638295326
7.927082752677356
7.926524018576248
7.925953402942787
7.925368752012174
7.924767806231057
7.924148215782918
7.923507556611446
7.922843346839151
7.922153063478647
7.921434159333512
7.920684079987569
7.919900280781833
7.919080243682028
7.918221493941686
7.917321616470004
7.916378271817414
7.9153892116970725
7.914352293964779
7.913265496986365
7.912126933326267
7.910934862697964
7.909687704122731
7.908384047249434
7.907022662794698
7.9056025120691125
7.904122755560654
7.902582760553956
7.900982107768492
7.899320597005485
7.897598251797918
7.8958153230632036
7.893972291763375
7.892069870580464
7.890109004620086
7.888090871158484
7.886016878451864
7.883888663629264
7.881708089692122
7.8794772416459695
7.877198421790255
7.874874144194394
7.872507128387903
7.870100292293694
7.868139438619361
7.865690857026285
7.8632119109647185
7.860706197858
7.858177465971503
7.855629603426416
7.85306662668115
7.850492668511258
7.847911965516983
7.845328845190099
7.842747712570642
7.840173036526082
7.83760933568632
7.835061164069301
7.832533096434114
7.830029713400198
7.827555586374
7.825115262326461
7.822713248468079
7.82035399687095
7.818041889089915
7.8157812208391055
7.813576186782198
7.8114308654981155
7.809349204687519
7.80733500668689
7.805391914360748
7.803523397443591
7.801732739405401
7.800023024915519
7.798397127980111
7.796857700828662
7.795407163623907
7.794047695068172
7.792781223977056
7.791609421887585
7.790533696765312
7.7895551878683875
7.78867476182271
7.788911645377565
7.788213321691942
7.787612385944395
7.787108623776248
7.7867015525423975
7.7863904252648135
7.786174235925376
7.786051726080791
7.786021392775117
7.78608149771223
7.786230077641952
7.786464955901362
7.786783755044365
7.787183910481207
7.787662685040838
7.7882171843612085
7.788844373002608
7.789541091174118
7.790304071955682
7.791129958893462
7.792015323842655
7.792956684928212
7.793950524492993
7.794993306902277
7.796081496074072
7.79721157260843
7.798380050390016
7.799583492545445
7.800818526641857
7.802081859019802
7.803370288163139
7.804680717016785
7.806010164174051
7.807317924118854
7.80863368392052
7.809960520223404
7.811296048652283
7.8126380351057065
7.81398439923707
7.815333216617769
7.816682719600577
7.818031296913769
7.819377492027249
7.820720000343113
7.82205766527393
7.82338947327959
7.824714547943954
7.826032143178415
7.82734163564616
7.828642516506902
7.829934382583771
7.831216927059008
7.832489929805208
7.833753247459508
7.835006803346791
7.83625057735703
7.837484595877213
7.838708921875023
7.839923645226145
7.8411288733704545
7.842324722376129
7.843511308482833
7.844688740187201
7.845857110924976
7.847016492396018
7.848166928568232
7.849308430388603
7.850440971219616
7.851564483010185
7.8526788532022325
7.852590732232567
7.853674697676242
7.854750638123768
7.85581830393341
7.856877395392233
7.857927563240756
7.858968409720801
7.859999490101175
7.861020314631677
7.862030350875071
7.863029026364424
7.864015731532932
7.86498982286353
7.865950626206406
7.8668974402136485
7.867829539842468
7.868746179881052
7.869646598453914
7.870530020466474
7.871395660953783
7.8722427283001
7.873070427301732
7.873877962049414
7.874664538609902
7.8754293674919165
7.876171665884774
7.876890659662256
7.877585585148318
7.8782556906446946
7.878900237723157
7.879518502289312
7.880109775426254
7.880673364029534
7.881208591246624
7.881714796735062
7.88219133675585
7.882637584118233
7.8830529279933526
7.883436773614134
7.883788541878749
7.884107668874373
7.884393605337495
7.884645816066426
7.884863779299895
7.885046986075205
7.88519493957778
7.8853071544925015
7.885383156366008
7.885422480988048
7.885424673797724
7.88538928932051
7.8853158906394745
7.885204048904365
7.8850533428799405
7.884863358535808
7.884633688678106
7.884363932624011
7.884053695919515
7.883702590100986
7.883310232501882
7.8828762461056
7.882400259446991
7.881881906565532
7.881320827014386
7.880716665930454
7.880069074172227
7.879377708533206
7.878642232040653
7.877862314350015
7.8770376322475135
7.876167870274531
7.875252721488443
7.874291888375833
7.8732850839349995
7.872232032945305
7.871132473441153
7.869986158408946
7.868792857724892
7.867552360351249
7.8662644768070615
7.86492904192945
7.863545917938229
7.862114997815712
7.8606362090100586
7.859109517468812
7.857534932003959
7.855912508987844
7.854242357374297
7.852524644034062
7.850759599390566
7.848947523334616
7.847088791393675
7.845183861123168
7.8432332786845675
7.841237685566645
7.839197825402284
7.837114550827337
7.834988830322299
7.832821754973225
7.830614545082595
7.828368556558266
7.826085287002607
7.823766381423237
7.8214136374824905
7.819029010202277
7.8166146160394385
7.814172736247016
7.811705819438065
7.809216483270294
7.8067075151724215
7.804181872038496
7.801642678819644
7.799093225950335
7.796536965552451
7.793977506368937
7.791418607387605
7.788864170126227
7.7863182295596545
7.783784943682739
7.781268581713406
7.778773510954719
7.7763041823459265
7.773865114747775
7.771460878019971
7.769096074962601
7.766775322206837
7.764503230153574
7.762284382071746
7.760123312480003
7.758024484946905
7.7559922694563905
7.754030919493866
7.752144549017296
7.750337109485323
7.748612367119592
7.746973880583281
7.745424979260492
7.743968742322344
7.742607978764652
7.7413452085999825
7.74018264538258
7.739122180238038
7.7381653675630035
7.737313412548519
7.736567160671214
7.735927089282459
7.735393301410524
7.734965521875601
7.73464309579968
7.734424989573994
7.734309794328043
7.734295731922174
7.734380663466008
7.734562100341426
7.734837217687813
7.735202870284284
7.735655610742505
7.736191709899789
7.736807179283791
7.737497795496825
7.738259126350764
7.73908655856305
7.739975326809541
7.740920543912945
7.741917231933729
7.74296035391709
7.744044846042278
7.74516564991149
7.746317744712455
7.747496178984409
7.74869610172014
7.749912792536149
7.751141690651161
7.752378422419175
7.753618827174053
7.755853720670103
7.757098500015794
7.758335665155726
7.759562046325636
7.760774785392878
7.761971347736178
7.7631495311993275
7.7643074720334875
7.765443647770679
7.766556876999268
7.767646316040133
7.7687114525516225
7.76975209612129
7.770768365928399
7.771760675592346
7.772729715346845
7.773676431706227
7.7746020048156685
7.775507823698029
7.776395459631579
7.777266637912074
7.778123208266946
7.778967114204278
7.779800361589242
7.780624986748243
7.781443024406791
7.782256475767397
7.783067277033681
7.783877268682119
7.784688165774987
7.785501529598024
7.786318740893507
7.787140974942509
7.7879691787317915
7.788804050421393
7.789646021303121
7.790495240418434
7.79135156197492
7.792214535675231
7.793083400041509
7.793957078790399
7.794834180282591
7.796387367256977
7.79724310513516
7.798096290372914
7.798944397717909
7.799784627514163
7.800613922093879
7.801428984623789
7.802226300218373
7.803002159112913
7.8037526816723455
7.804473844996952
7.805161510874834
7.80581145482112
7.8064193959379535
7.806981027326515
7.807492046780151
7.807948187491453
7.808345248510209
7.8086791246961385
7.808945835921974
7.809141555292282
7.809262636160105
7.809605736816686
7.809558224940302
7.809427393257231
7.809210541013122
7.80890525287628
7.808509415286241
7.808021230632359
7.807439229204144
7.806762278878693
7.80598959253277
7.805120733187527
7.804155616914472
7.803094513550884
7.8019380452909255
7.800687183235375
7.7993432419975965
7.798185924937932
7.796663281648157
7.795053716078645
7.793359756942766
7.791584224049155
7.789730214370864
7.787801087129771
7.785800448047759
7.783732132914624
7.781600190621189
7.779408865800627
7.777162581216357
7.774865920027212
7.77252360805376
7.770496254928433
7.7680780586998335
7.765628436972304
7.763152467295048
7.760655289280376
7.758142089125393
7.755618084688891
7.753088511161615
7.750558607359762
7.74803360266052
7.745518704589531
7.743019087060965
7.740539879263906
7.738468892035585
7.736037813391012
7.733641321707547
7.731284285419454
7.728971486468962
7.726707612430027
7.724497249057942
7.722344873227999
7.720254846226891
7.7182314073601095
7.716278667842461
7.714752523408297
7.712939247788299
7.711207734339699
7.709561580826308
7.7080042317237085
7.706538972951847
7.705168926744634
7.703897046655435
7.702726112702909
7.701658726666023
7.701013733067476
7.70014638217436
7.6993893851468
7.698744646097646
7.6982138691102024
7.697798554549878
7.6974999957043835
7.697319275788005
7.697257265345803
7.697314620095055
7.697806622235483
7.698094057715221
7.698502065296853
7.699030463225257
7.699678848519641
7.700446597997086
7.701332869962362
7.702336606580764
7.7034565369464545
7.704691180853105
7.706417892556099
7.707873435918689
7.709438666456365
7.711111314135579
7.712888925343673
7.714768870793265
7.716748354037715
7.718824420557402
7.720993967371045
7.72375716187046
7.726104849306318
7.728536294911363
7.73104787696583
7.733635877526138
7.736296494219378
7.739025852135939
7.741820015745601
7.74467500076264
7.748233336152946
7.7511994728545845
7.754214291867835
7.757273695520608
7.76037359408045
7.763509916027516
7.766678617782682
7.769875692832878
7.773097180203044
7.777104519853537
7.780361377683857
7.783630800842049
7.7869090653082536
7.790192526214377
7.793477621757938
7.796760876271641
7.800038902454938
7.803308402781458
7.807390900889566
7.810626428829468
7.813843710812805
7.81703981807477
7.820211909536239
7.823357228857536
7.8264731009585855
7.829556928075498
7.832606185429031
7.836431240197714
7.839391529188788
7.842309887596281
7.845184062058769
7.8480118478049965
7.850791083476413
7.853519646149275
7.856195446641339
7.858816425185436
7.862123853588045
7.864613948380882
7.867043295232491
7.86940994189203
7.871711949926233
7.87394739387075
7.87611436118936
7.878210953073588
7.880235286104587
7.882829555856364
7.884688782338876
7.886470521766569
7.888172987305323
7.889794425914364
7.8913331251487655
7.892787420730941
7.894155704834384
7.895436435014211
7.896628143710063
7.898255566979793
7.899251943549604
7.9001556901203385
7.900965716962264
7.901681060615645
7.90230089513683
7.902824543230256
7.903251487150159
7.90358137925491
7.903814052097005
7.904362823699717
7.9043887708920355
7.904318156726391
7.904151591152914
7.903889905119443
7.903534155887621
7.903085631166719
7.902545851989654
7.901916574266978
7.901199788963421
7.900397720854591
7.89979012643826
7.898810725294801
7.897753847445379
7.896622604563517
7.895420317530634
7.894150506549787
7.892816879862681
7.891423321127899
7.889973875530242
7.888472734704053
7.886924220563421
7.885332768143427
7.883795824587772
7.882115016117122
7.8804049800531955
7.878670452099885
7.876916187889311
7.875146942356468
7.873367449046807
7.871582399509218
7.869796422926733
7.868014066136342
7.866239774186867
7.864477871580026
7.8627325443348
7.861007823008211
7.859164240040581
7.857477339512561
7.855822647490023
7.854203485220234
7.852622951702259
7.8510839144631825
7.849589001961036
7.848140597662187
7.8467408358259565
7.845391599016437
7.844094517345535
7.842850969437294
7.841662085090094
7.84052874959761
7.839451609677008
7.8384310809395075
7.83746735682534
7.836560418913977
7.835421651009162
7.834630834071869
7.833897020635004
7.833219491138276
7.8325973786464225
7.832029684930376
7.83151529706679
7.8310530044096005
7.830641515785179
7.830279476762419
7.829965486849965
7.829698116474468
7.829475923598111
7.829297469837168
7.8291613359498715
7.829066136568552
7.82901053405805
7.82899325139285
7.829013083953242
7.829068910152351
7.829159700816584
7.829284527253616
7.82944256795465
7.829633113888973
7.829855572363572
7.830109469430869
7.8303944508431735
7.830710281563087
7.831056843853323
7.831434133980901
7.831842257582684
7.832281423751178
7.832751937910374
7.833254193560761
7.833788662983112
7.834355886999252
7.834956463894478
7.835591037615033
7.836260285357623
7.836964904674566
7.837705600220045
7.838483070266557
7.839297993121057
7.840151013570847
7.8410427294878176
7.841973678717949
7.842944326378058
7.843955052679858
7.845006141392955
7.846097769054121
7.847229995021145
7.848402752462265
7.84961584036248
7.850868916618279
7.852161492282163
7.8534929270075535
7.854862425732878
7.856269036633724
7.857711650359129
7.85918900055827
7.86069966569282
7.862242072119156
7.86381449841212
7.865415080885402
7.867041820243189
7.868692589277382
7.870365141510975
7.872057120690799
7.873766071048856
7.875489448272987
7.877224631135376
7.877238522634379
7.8789745922191505
7.88071514437064
7.882457342483815
7.884198335849834
7.885935273720547
7.887665319596805
7.889385665785008
7.891093548280386
7.892786262041499
7.894461176712197
7.896115752826889
7.897747590305869
7.899354454142595
7.900934255355832
7.902484956228381
7.904004368982737
7.905489981110831
7.905043588480913
7.906446342699608
7.907807893419626
7.909127234499752
7.910404012541208
7.91163825804394
7.912830246236225
7.91398054139575
7.9150900118127705
7.916159833340957
7.9171915435169735
7.91818698680087
7.919148248634411
7.9181054231957715
7.919003765394237
7.919875742889323
7.920723708824296
7.921549940563895
7.922356613049365
7.923145786255087
7.921159810218296
7.915553290942149
7.913538166632856
7.909866160342277
7.907858986243301
7.902174223553076
7.900212144099613
7.894643098989885
7.893759598715819
7.889207150747929
7.886555743816528
7.881421994884465
7.878951918804119
7.876555420421008
7.874237674327214
7.869861256547193
7.868910738290524
7.864904984851899
7.863055221270696
7.8603122496564835
7.85867699537114
7.855743705301718
7.854707937258567
7.852233550100305
7.851167638742944
7.84916181485737
7.848321637651545
7.847999446861013
7.847463496213568
7.845977766645931
7.845619948672427
7.8451328458714835
7.844068966639221
7.84381958060691
7.8448576574847
7.8448794380033
7.843756217115996
7.843817160206501
7.845041717703096
7.84513165249718
7.8438841012598495
7.845126197240761
7.845067389732543
7.8448003181194785
7.846050603800063
7.8442896874131005
7.843928427288725
7.842969917083773
7.844059074299205
7.841671966654466
7.840888866975031
7.839046608044448
7.839890516720918
7.836833671530987
7.835589691108608
7.832835229051828
7.8313299497553714
7.827708363126216
7.828080432180013
7.824540909017862
7.822472959129847
7.818681544879366
7.81671220313946
7.812719263833933
7.810689267873702
7.808485747287735
7.806373095338625
7.802378846067454
7.800283637930671
7.797882513222293
7.795778667912141
7.793370246393514
7.793079023348527
7.788929963713673
7.78865033885886
7.7863750612966145
7.788031671945061
7.78586077285108
7.78576742140709
7.785698784148331
7.787823178590422
7.786030065854783
7.790783880350866
7.791382558156647
7.794672101745899
7.798295768330631
7.802227226972309
7.806436040018168
7.814064414262494
7.819591852430487
7.8279484962350665
7.8365508654309055
7.845261170940076
7.854640061660806
7.86654102342195
7.871594646696049
7.882177521393902
7.888894121660757
7.896942991108263
7.900999264883359
7.9058177212160095
7.905814931519791
7.908862244022325
7.908578958725324
7.908516453227768
7.9060718712279785
7.905199128114319
7.902689265795178
7.9017819958379025
7.8991935387439
7.89824777780692
7.895573084161242
7.894587720362215
7.890804115145334
7.8869118327771695
7.88293880264609
7.878925455800295
7.874923221503026
7.870992227249163
7.867198395211628
7.863610154958857
7.860295003625578
7.857316141847821
7.854729398241171
7.8525806286783055
7.850903740899137
7.849719452083172
7.849034839271063
7.84884369263836
7.849127632561326
7.849857906226803
7.850997741087767
7.852505103163371
7.854335689737312
7.856445979296413
7.858796166574458
7.86135282649887
7.8640911761537104
7.866996836457471
7.87006703253545
7.87006703253545
7.870070921277178
7.87004014102664
7.86997035420204
7.868733877138019
7.868546425372054
7.868303257429804
7.867999104420016
7.867628744613015
7.867187138764686
7.865369413812952
7.864734559486304
7.864014577528171
7.863206773840976
7.8623092399321175
7.861320847155518
7.858705881390986
7.857494689242501
7.8561932785956134
7.854802677108676
7.8533243176320235
7.851760238460857
7.850113148090735
7.846582731494163
7.844745707279078
7.842836566177775
7.8408580249059785
7.8388126748252605
7.834748058768404
7.8325505684013645
7.830295365374237
7.827985113741673
7.8256225076196335
7.823210260630715
7.818669157636789
7.816150421831526
7.813591975595494
7.8109965408766096
7.808366823706582
7.805705511400089
7.800875219951929
7.798154501655212
7.79541179965028
7.792649671718659
7.789870643863063
7.784943971076635
7.7821432405964375
7.77933445426301
7.776519948576827
7.773702024385779
7.770882947664192
7.765995904609751
7.763194437299503
7.760399466725772
7.7576130559586165
7.754837238759227
7.750099927024896
7.747369745309627
7.744656758246285
7.741962827908569
7.739289798018982
7.73478534760906
7.7321811823307955
7.729603643528127
7.7270544581614455
7.724535345908278
7.7220480201034
7.717897334851007
7.715501583373389
7.713142680450418
7.710822281139719
7.708542038170932
7.704746534102621
7.702574163126189
7.70044667826941
7.698365694420907
7.696332818484765
7.6929307748983256
7.691020573549149
7.689162975985362
7.687359528228976
7.685611752121205
7.682636344915855
7.6810250116639756
7.679473523145931
7.677983271981546
7.676555601999789
7.6740371774315745
7.672758404257501
7.671545788512642
7.670400442596478
7.669323401692299
7.667289270565078
7.66637128968547
7.6655241914846135
7.664748665420243
7.664045297475494
7.662517232936858
7.661979379532663
7.6615148318036095
7.661123730549067
7.6608060950307655
7.659796402731382
7.65964556533457
7.659567564264059
7.659561914899983
7.659628006001749
7.659135472496735
7.659363407466866
7.659660518352915
7.660025691217116
7.660457695933416
7.660464809073995
7.661047167226083
7.66169195697186
7.662397514491554
7.663162085439391
7.6636346412165866
7.664532221905107
7.665482953593363
7.6664847796373765
7.667535590609079
7.668425220636018
7.669587501459928
7.670792047882285
7.672036623671957
7.673318984124874
7.67456839417652
7.6759388824532255
7.67734032121166
7.678770530597308
7.680227366279571
7.681777350444126
7.683299877197545
7.68484283090329
7.686404307699943
7.687982475966716
7.689779247573784
7.691404076033527
7.693040652322919
7.694687514912305
7.69634329822335
7.698344498397011
7.700033110045903
7.701727331927696
7.703426230488515
7.705128975394002
7.706834839362558
7.7090345974411765
7.710764490822545
7.712496205512816
7.714229421614285
7.715963909547685
7.718326471674969
7.720083429510587
7.7218417304466636
7.723601452805143
7.7253627381447485
7.7271257853872255
7.72967236481804
7.731460365426154
7.733251100232414
7.735044893385621
7.736842088193718
7.738643039688676
7.7413764113431585
7.743205415409908
7.745039023140762
7.7468775002445485
7.74872108282316
7.750569969806768
7.753478951234593
7.755354880501285
7.757235804352011
7.759121632420797
7.761012201129052
7.7629072674922455
7.765951128133884
7.767864129673899
7.769779359944973
7.771696144730614
7.773613707502271
7.775531166040112
7.778629990024936
7.780545914950422
7.782457126637463
7.784362263067194
7.786259853251891
7.788148317886839
7.79002597072723
7.793039503811183
7.794880821095497
7.7967042398812225
7.798507681092732
7.800288983195384
7.802045908382679
7.8037761495657545
7.8054773381620945
7.808153051309091
7.809767752695173
7.811344864125476
7.8128819183236295
7.814376441800555
7.815825966735911
7.817228043423394
7.818580253225121
7.820650249447735
7.821866610689388
7.823025644684298
7.824125280601813
7.825163550508813
7.826138603375764
7.827048719015684
7.827892321857917
7.828667994456837
7.829829514964918
7.830435421512883
7.830970585711511
7.831434434407705
7.831826609771926
7.832146978589214
7.832395640593253
7.8325729357552145
7.832679450446716
7.832716022401511
7.832683744408858
7.832702160727979
7.832515432442629
7.832265836269076
7.831955525673045
7.831586900232104
7.831162600721647
7.830685502784475
7.830158709203334
7.829585540808064
7.8289695260608765
7.828314389374555
7.82762403823012
7.826902549171412
7.826075888437274
7.825301244234692
7.824509600623264
7.823705492765684
7.822893536325869
7.822078409245427
7.821264833192382
7.820457554808936
7.819661326886448
7.818880889595128
7.81812095189495
7.817386173250271
7.8166811457679
7.816010376870978
7.815378272616716
7.814789121755596
7.814247080623717
7.813756158947669
7.8133202066337395
7.81294290159981
7.8126277386988265
7.81237801976985
7.8121968448421235
7.8120871045044895
7.812051473441916
7.812092405129371
7.81221212766263
7.812412640695154
7.812695713441432
7.813062883698324
7.813515457828521
7.814054511644353
7.814680892123765
7.815395219887989
7.816197892365872
7.817089087569467
7.818068768404661
7.819136687441636
7.820292392071512
7.821535229979777
7.8228643548696715
7.824278732374938
7.825777146106659
7.827358203785264
7.82902034341583
7.830761839472547
7.832580809064881
7.834475218066457
7.836442887195152
7.838481498039364
7.840588599033751
7.842761611392828
7.844997835017622
7.847294454395066
7.84964854451458
7.852057076828892
7.85451692528925
7.857024872486067
7.859577615926415
7.862171774479248
7.865416703699494
7.868109891728888
7.870833726343673
7.873584502893792
7.876358474324561
7.879151859396997
7.88196085118883
7.884781625868649
7.887610351728408
7.890443198452817
7.893276346595818
7.896105997228437
7.898928381714398
7.901739771564802
7.905466348568791
7.908259858737117
7.911030368153585
7.913774365644182
7.91648843269193
7.919169252630013
7.9218136194410915
7.924418446093157
7.926980772343932
7.929497771950285
7.932960693033303
7.93537946244018
7.937743948250579
7.94005192619736
7.942301336046812
7.9444902841742575
7.94661704525667
7.948680063079136
7.950677950461881
7.9535103185915865
7.95536191550248
7.9571441625865
7.958856379729947
7.960498046646194
7.962068797979874
7.963568417823038
7.964996833717189
7.967065871915359
7.968331767804614
7.969526505906586
7.970650588692198
7.971704628416527
7.972689339491911
7.9736055309326
7.974943932653004
7.975702656949297
7.9763957964308325
7.977024535593245
7.977590118308519
7.978093841864827
7.978537051500631
7.97917652184127
7.979481071068355
7.979729880404212
7.979924495590758
7.980066487954264
7.980157451883803
7.980255431684346
7.980231216736209
7.980161665823075
7.980048479188124
7.979893369819262
7.97969806295746
7.979348795155158
7.979065728929934
7.978748630126188
7.978399273653362
7.978019441026373
7.977610919796778
7.976923059957105
7.9764558182433545
7.97596615922818
7.975455862639908
7.974926703395115
7.974380449034082
7.973465437384857
7.972888851745134
7.972301108973929
7.9717038749871625
7.97109878664519
7.970062136612369
7.9694483079389915
7.968831823533612
7.96821410815913
7.96759652873631
7.966501184985443
7.965892523983671
7.96528800750615
7.96468867147611
7.964095464374279
7.962989632985292
7.962417695353841
7.961854316104049
7.961300014894501
7.960755201792473
7.959670335165006
7.959153014922913
7.958645810812883
7.958148656471225
7.957661368342521
7.956612597084233
7.956152874018961
7.955701860976867
7.955258917781445
7.954823297301374
7.953812223408111
7.9533989037746275
7.952990231381352
7.952585088187785
7.952182275631139
7.951201366171789
7.9508117057879835
7.95042063127988
7.950026705176209
7.9496284462913325
7.948665746158735
7.948269307958473
7.947864246654669
7.947448990197618
7.946487357199948
7.946064721723101
7.945627513572304
7.945174176280111
7.944703176766586
7.943739385275254
7.943249199102419
7.942737181392815
7.9422019221298825
7.941642062587562
7.940663977431762
7.940073733801831
7.939455151647237
7.938807065156449
7.938128378156348
7.937121484329118
7.936401814889186
7.9356483368322275
7.934860185661535
7.933818290576882
7.932980971756811
7.932106177349413
7.931193292441238
7.930241786689771
7.929130298519361
7.928119504871047
7.927067914829918
7.925975270452184
7.924841402265096
7.923626239793706
7.922423662802322
7.921178450194775
7.919890734046325
7.918560737957839
7.917202764563781
7.915796263428151
7.914347054842869
7.912855700580891
7.911355699066225
7.909783165085651
7.908169036955242
7.906514250195671
7.904819836485219
7.903110723752933
7.901333937533866
7.899519575237465
7.897669073501756
7.895783964136948
7.893845633347314
7.891882848470737
7.8898892253433806
7.887866715363147
7.885817360843759
7.883650053897468
7.881534733819974
7.879398168533963
7.877242811813263
7.875071200202588
7.872700130839506
7.870481793104674
7.868254603771159
7.866021476061469
7.863785393024992
7.861549404304243
7.859006323852159
7.856756161913315
7.85451536763393
7.85228728550581
7.8500753057296855
7.847474990583278
7.845282754756962
7.843117096071158
7.840981589306104
7.83887982443402
7.836815399501299
7.8342806512961145
7.832281766889964
7.830331364197864
7.828433034716688
7.8265903335584905
7.824237791903294
7.822500701567761
7.82083012600729
7.81922940146662
7.817701772720903
7.816250381492687
7.814266817580259
7.8129657403338015
7.811750237765056
7.81062293862319
7.809586308149029
7.808642636692991
7.807178087109895
7.80642050022667
7.80576225170118
7.8052048324296575
7.8047495071348365
7.804397306569818
7.80414902066888
7.803419311700067
7.803379612246143
7.803445296032274
7.803616134871266
7.803891640542554
7.804271065120131
7.804232359730349
7.804819376781461
7.805506986177666
7.806293412900272
7.807176642731043
7.808154430841009
7.809224311673195
7.809952107023118
7.811203478187525
7.812538559377594
7.813954094143277
7.815446669943487
7.8170127341561955
7.818648610727788
7.820350517332294
7.821787852039288
7.823615951112306
7.825498178075025
7.827430465388933
7.8294087273140605
7.831428877402286
7.833486845550485
7.835578594488114
7.837465373778833
7.839616021878876
7.841788277852053
7.843978350812489
7.846182553574572
7.848397313747047
7.850619183631676
7.85284484888235
7.8550711358936525
7.857113919056869
7.8593300748211945
7.8615375541117585
7.8637337745859535
7.86591631448777
7.8680829126075835
7.870231467096865
7.872360033201136
7.87446681998317
7.876550186115862
7.878403973862688
7.8804255817361595
7.882418933933217
7.88438293573528
7.886316612902493
7.8882191038375735
7.890089651482359
7.891927595046859
7.893732361668784
7.895503458096666
7.897240462486783
7.898607415324644
7.900256514162096
7.901870067005057
7.903447892690928
7.904989846715552
7.906495815118347
7.90796570891749
7.9093994591285925
7.910797012390258
7.9121583272131915
7.9134833708600025
7.914772116855383
7.916024543118764
7.917240630703023
7.917804482902835
7.918924637150755
7.920008442655858
7.921055935638194
7.922067157010318
7.923042153934428
7.923980981718001
7.924883705993385
7.925750405125638
7.926581172790885
7.927376120667675
7.92813538118344
7.928859110259026
7.929547489996451
7.930200731256058
7.930819076072428
7.930454040476829
7.93098532728665
7.931483289996512
7.931948340838691
7.93238092954781
7.932781543903825
7.933150709876407
7.933488991356106
7.933796989462858
7.934075341427454
7.934324719047809
7.934545826727071
7.934739399105537
7.934906198303642
7.9350470107988045
7.935162643961639
7.935253922283608
7.935321683330018
7.935366773456754
7.935390043331884
7.935392343305138
7.935374518671528
7.935337404875058
7.93410967833758
7.934035835318193
7.9339458508756335
7.933840455162496
7.933720343553266
7.933586172541948
7.933438555907844
7.93327806118898
7.933105206499523
7.932920457723913
7.9327242261162665
7.932516866330316
7.932298674900173
7.932069889187125
7.9318306868045365
7.93158118552623
7.93132144368023
7.931051461024804
7.93077118009747
7.930480488025865
7.930179218782313
7.929867155860863
7.929544035352114
7.929209549386559
7.92886334991466
7.928505052789017
7.9281342421109215
7.927750474802871
7.927353285365419
7.9269421907773525
7.9265166954965505
7.926076296518554
7.925620488451662
7.924195067327053
7.923714769799185
7.923217206373045
7.922701874906552
7.922168295851728
7.9216160166697565
7.921044616005473
7.920453707594927
7.919842943883008
7.919212019330173
7.918560673391524
7.917888693154692
7.917195915624927
7.91648222965075
7.915747577484754
7.914991955978205
7.914215417409604
7.913418069951201
7.912600077777846
7.911761660826368
7.910903094213527
7.910024707323784
7.90912688257757
7.908210053892976
7.90727470485391
7.906321366597644
7.905350615436387
7.904363070225639
7.903359389493691
7.902340268345437
7.901306435153518
7.90025864804959
7.899197691228318
7.89812437107558
7.89703951213299
7.895943952909991
7.894838541554794
7.892595868787405
7.89145239698357
7.890300873290172
7.889142173159751
7.887977161398704
7.886806687234758
7.885631579318664
7.884452640675786
7.883270643624201
7.882086324678944
7.880900379462272
7.879713457643978
7.87852615793509
7.877339023163563
7.876152535460132
7.874967111586018
7.873783098435705
7.872600768749955
7.871420317075668
7.870241856011101
7.869065412775495
7.867890926143172
7.866718243782963
7.865547120043005
7.864377214221223
7.863208089360446
7.862039211605711
7.859047892804829
7.857855518402444
7.856662173011053
7.855467010576151
7.854269092035958
7.853067388371616
7.85186078440748
7.850648083372479
7.849428012225701
7.8481992277454635
7.846960323372873
7.845709836795158
7.844446258247335
7.843168039503245
7.841873603521043
7.840561354700025
7.839229689700808
7.837877008772606
7.836501727526227
7.833071291636816
7.831651212208226
7.8302056440738586
7.828733172507656
7.827232455650289
7.825702237470989
7.824141360636619
7.822548779193318
7.82092357096637
7.81926494958215
7.81757227601795
7.815845069585696
7.814083018258368
7.812285988250711
7.810454032769439
7.808587399852815
7.804922948768714
7.803016477124221
7.801078187777731
7.799109085640742
7.797110392078592
7.7950835463015915
7.793030205464706
7.790952243451358
7.788851748325823
7.786731018448607
7.784592557258412
7.782439066733241
7.780273439554562
7.776773488056174
7.77462756853463
7.772479068873475
7.770331464746903
7.768188367909557
7.766053511807289
7.76393073628014
7.761823971446702
7.759737220865624
7.75767454407423
7.755640038610935
7.753637821631882
7.750785538140431
7.7488897023124785
7.747037516955761
7.745232951924011
7.74347990707669
7.741782193935832
7.740143517739811
7.738567460009171
7.737057461736282
7.735616807306367
7.733674447760317
7.73240136317106
7.7312052094868555
7.730088504335398
7.72905354670138
7.728102407029979
7.727236918622584
7.726458670374672
7.72576900089648
7.725168994045695
7.724297213101193
7.723887034291026
7.723567141626896
7.7233376191469105
7.723198297619105
7.723148758345864
7.7231883382938085
7.723316136498321
7.723531021682468
7.7238316410221675
7.723954587333002
7.724420104635877
7.724965356558006
7.725588261231701
7.726286573207489
7.727057896998312
7.7278997011154065
7.728809332487092
7.729784031150373
7.730572899219959
7.731661252732981
7.7328055730978615
7.734002864678199
7.735250096620468
7.736544216762749
7.737882165110027
7.739260886789671
7.740677344408141
7.7418377753226935
7.74330965270245
7.744810349891693
7.7463370327635195
7.747886932356258
7.7494573524103
7.751045675991712
7.752649371187452
7.753910513590973
7.755525444282342
7.75714882225943
7.758778499371338
7.760412424807563
7.762048645542302
7.763685305986933
7.76532064689417
7.766953003561795
7.768129558861031
7.769738884143178
7.771340911428699
7.772934316481908
7.7745178513919955
7.776090340008227
7.7776506730972566
7.7791978032858875
7.780730739852591
7.781690433582778
7.783179924632541
7.784652651690693
7.786107791413469
7.787544551820926
7.7889621675379095
7.790359895245545
7.791737009384225
7.792435045417226
7.793756929822447
7.795056238592061
7.796332284015775
7.797584381030758
7.798811845033353
7.800013990082896
7.801190127503908
7.8023395648898495
7.802696744341617
7.803780389044898
7.80483549761366
7.805861374591803
7.806857322449738
7.80782264270466
7.808756637355244
7.809658610611498
7.810527870898133
7.810512768232032
7.81130749408904
7.812067907304123
7.812793370467311
7.813483262770792
7.814136982940172
7.814753952263049
7.815333617689885
7.81587545498176
7.8163789718803125
7.815942340142925
7.816365894572676
7.816750364081977
7.817095409542146
7.817400736744754
7.817666099142955
7.817891300480929
7.818076197294548
7.818220701268313
7.81832478143306
7.81749209605288
7.817518110984113
7.817504270691177
7.817450759747279
7.817357826125735
7.8172257823486575
7.81705500642868
7.816845942598105
7.816599101819952
7.816315062077106
7.81599446843634
7.8156380328846025
7.814400795888111
7.813978842430464
7.813523367109772
7.813035298861187
7.812515630005005
7.811965415003959
7.811385768998892
7.810777866124488
7.810142937607728
7.809482269652181
7.808797201112193
7.808089120961625
7.807359465562517
7.806609715740231
7.80502075929351
7.80423242848282
7.803427987746314
7.802609052334592
7.801777268515756
7.800934309730434
7.800081872591023
7.79922167273748
7.7983554405622
7.797484916818256
7.796611848125338
7.7957379823896655
7.794865064154631
7.793994829899194
7.793129003303496
7.792269290499755
7.79141737532971
7.790574914628253
7.789743533555055
7.788924820995975
7.788120325056254
7.787331548668279
7.785522291337162
7.784753691051647
7.784004869082339
7.78327715674276
7.782571820498001
7.781890058406861
7.781232996841118
7.780601687505952
7.779997104783417
7.779420143420592
7.778871616581587
7.7783522542821455
7.777862702223251
7.777403521038001
7.7769751859646865
7.776578086955668
7.776212529230227
7.7758787342762075
7.775576841302464
7.775306909142029
7.775068918601795
7.774862775252278
7.774688312647349
7.774545295960898
7.774433426023945
7.774352343742516
7.774301634873776
7.774280835134397
7.77428943561214
7.774326888449314
7.7743926127636005
7.774486000769355
7.774606424060501
7.7747532400139985
7.776354807860967
7.776557107436962
7.776783614127923
7.777033725802394
7.77730685876811
7.7776024536782025
7.777919981246418
7.778258947730062
7.778618900138777
7.778999431130378
7.779400183555667
7.779820854617126
7.780261199607951
7.780721035202445
7.781200242269666
7.7816987681867
7.782216628632028
7.782753908841136
7.783310764312304
7.783887420952815
7.785987643464073
7.786610412529892
7.787254270126703
7.787919709551055
7.788607283908651
7.789317602972432
7.790051329541248
7.790809175317717
7.79159189632645
7.792400287896548
7.793235179234727
7.79409742761749
7.796563581187821
7.79749037583959
7.7984471535610504
7.799434785664358
7.800454136580503
7.80150605663366
7.802591374673206
7.8037108905979675
7.804865367808857
7.806055525624846
7.808917731494848
7.81018612689973
7.811491569764685
7.812834489340215
7.81421523418101
7.815634065239839
7.817091149160238
7.818586551801281
7.82012023202661
7.823344138303975
7.824952961378692
7.826598453215633
7.828280062159851
7.829997105457499
7.831748765373357
7.833534085777331
7.836967334805392
7.838809139531741
7.84067993478521
7.842578176824981
7.84450217686314
7.846450101042058
7.848419971041037
7.851933548808689
7.853926015836966
7.8559326824090885
7.857951021504544
7.8599783772513945
7.862011969562721
7.86404889945839
7.867461038547726
7.8694737137905655
7.871479567799086
7.87347532337506
7.875457623431263
7.877423040136483
7.880570214811445
7.8824648102929356
7.884331363905915
7.8861663136633595
7.887966082200895
7.889727088662624
7.892447760306296
7.894091369401263
7.895685389374349
7.8972264073089224
7.898711070775081
7.900956308733774
7.902289253613615
7.903556455489852
7.9047549927722685
7.905882067311224
7.9069350162559955
7.908526994406867
7.909397764140385
7.91018796192336
7.910895635075048
7.911519017885672
7.912517122582433
7.912945675135275
7.9132868132991065
7.913539648900985
7.9137035154121484
7.9141168312860835
7.914086747473466
7.913968320597125
7.913761844680404
7.913467848420291
7.913349086055233
7.912876067601379
7.91231995945953
7.911682236886441
7.9109645990435
7.910407617060649
7.909539020905244
7.908598405365999
7.907588303321063
7.906511437428124
7.905644529462668
7.904455604020265
7.903210564249424
7.901912763538486
7.9005656905200485
7.8995411671130915
7.898128265108969
7.896678471115013
7.895195629843914
7.894173047113466
7.892664617711228
7.891135980115348
7.889591078432746
7.888033859935287
7.8871487349031755
7.8856137824861685
7.884078768775613
7.882547411083632
7.881023352665302
7.8804200357309115
7.878960227084413
7.877518099003664
7.876096756792812
7.875822054848788
7.874491643311639
7.8731900184937365
7.871919543054916
7.870682395346692
7.870866545985908
7.869741070165746
7.8686532916090215
7.867604476612275
7.866595677665231
7.867271084285924
7.866379447593846
7.865528159410342
7.864717310073168
7.865795743731768
7.865094712654231
7.86443122579587
7.863804473628286
7.863213459074309
7.864713274703391
7.864210379164843
7.863736935778546
7.863291253178206
7.862871515856987
7.864692510638973
7.864328283112843
7.863981535816906
7.8636500748898595
7.863331476804478
7.865345088186096
7.8650415870914125
7.864740208795436
7.864438710161387
7.8665139605320675
7.866196799785223
7.865873014607514
7.865540697998934
7.865197952032225
7.867223434977813
7.866833762219805
7.86642835746286
7.86600705619827
7.865570049154424
7.865117861040998
7.866962876339457
7.866454794196539
7.865934099101474
7.865402320755865
7.864861043490552
7.866560789622454
7.865975651473975
7.865385412707352
7.863195763606103
7.861620624898026
7.85906895692116
7.857131024539123
7.853930644475127
7.851850087381435
7.850617563467037
7.8490997349575755
7.8476723340388705
7.846338792905286
7.844136966503757
7.8428899879045675
7.842050645588575
7.841139732959621
7.840315953737282
7.8396126745168475
7.838319413960606
7.8377894094685425
7.837256858406844
7.83674256836313
7.836220331033906
7.835831960639072
7.835460481499505
7.835312245275547
7.834929658431195
7.834907718251886
7.834673711121034
7.8347935055408
7.83463326587845
7.8345035590462295
7.834811716531028
7.834753659079929
7.834736493204064
7.835157481166608
7.835209896417045
7.835312331536186
7.835711251764631
7.835934977518982
7.836221847080589
7.836701733366905
7.83706298680837
7.8374938911118015
7.837917835593674
7.838798774465458
7.839654005320307
7.8398295170118235
7.840558562755914
7.842249204451733
7.842388030995735
7.84344935379078
7.844474682324633
7.844543996010004
7.846794107303468
7.848019161088161
7.848017319773152
7.849283112840431
7.8520251976015505
7.851890231487328
7.853288383319367
7.854721915842045
7.856019010830982
7.855823403821897
7.857016898585928
7.858442608583228
7.858141670818848
7.859181953571872
7.860536373113783
7.86012114245571
7.8614180178931266
7.862166139083606
7.86162677209306
7.861061012693861
7.862157679565871
7.860871640983929
7.860193421412492
7.861096979182981
7.858773341848606
7.8595883607918005
7.858804265538364
7.8571834029246315
7.856349368306042
7.855501388586126
7.85327835842385
7.852444454970576
7.851602067593195
7.849500503989189
7.8486875106146705
7.847870770784587
7.845928894368037
7.8448067550677605
7.844080276984478
7.842334081046544
7.840699013656122
7.839183281189539
7.837794545497902
7.836985687377763
7.835808716519178
7.834776721863856
7.833895203589104
7.8333662324996896
7.832337327560423
7.83171512516905
7.831511927087319
7.831520604120466
7.831487729338499
7.832075105061996
7.83277220857433
7.833549284120066
7.835254305764336
7.8359194415505335
7.839185796270506
7.841205539223367
7.84332814023075
7.847167398123364
7.850031278913068
7.852813689552502
7.857815127899921
7.862825236892074
7.866646341508477
7.8721402589970175
7.87628437947481
7.880514768183416
7.8886221663303875
7.892974285503153
7.898983034303999
7.90538145340835
7.907459437141135
7.913204430215673
7.9189423717644285
7.924126965575406
7.9274046615379055
7.930403143105782
7.934672609459659
7.937100457578942
7.940649091489024
7.942534065531599
7.94535966009486
7.946769661656214
7.9483341147145
7.949109036827037
7.949728498424591
7.950636972123652
7.950894082890606
7.950983069683311
7.95117452370901
7.9508727461124975
7.950391542337445
7.94981749223541
7.948919750009557
7.947832623385038
7.946448965037564
7.9449216059682195
7.943195271918517
7.940959819029618
7.938769272514543
7.936370274029749
7.933238380130227
7.930351665077355
7.927248919293658
7.923177713421941
7.919570078297362
7.915743795011509
7.910705602109989
7.9063701756371
7.901819610730743
7.895812588638589
7.8907616038519865
7.8855027283833
7.880029791730148
7.872802949599368
7.866858091083228
7.860705412404767
7.852568589046807
7.8459588126039135
7.839146698490082
7.830130276279527
7.8228756712591485
7.815424744508988
7.805561314759287
7.797684845789806
7.7896311040018675
7.778974394169723
7.7705083128747106
7.761876872757376
7.750474819355648
7.741460069164282
7.732292394380105
7.720210158204687
7.7106878319061005
7.7010228387614275
7.688320061257968
7.678320556559318
7.668183695506277
7.654895366106383
7.644430555442436
7.633830162449952
7.61996110661825
7.6090343471503905
7.597977920837176
7.583528848161352
7.572163748053197
7.560687215247406
7.549093086990586
7.533960450278823
7.522141727747614
7.51023629868378
7.4946972659695765
7.482636863151235
7.470519036351789
7.4546988275909225
7.44248683940744
7.430238296192927
7.414244423099978
7.401945061136607
7.389622875658589
7.373536762547814
7.361195615006405
7.348857221135552
7.332755270650701
7.3204205880373365
7.308101865320251
7.292073443298982
7.279789291135546
7.267536275686689
7.2516434285625015
7.239460632966384
7.227320332555726
7.211631892045335
7.199585287194112
7.187586511344525
7.17213972860172
7.160242716219102
7.148395367846599
7.133195013283714
7.121453458130946
7.10976842569814
7.094818037335052
7.083260888179249
7.071779737434867
7.060370354562088
7.0458231324587945
7.034627420432674
7.023534271456951
7.009418510940399
6.99860565792062
6.9848581809584545
6.974353580711309
6.961018494763106
6.953799319633346
6.940867415936311
6.940867415936311
6.943737448717755
6.946580694418982
6.9493932755996735
6.952171029950948
6.954909621945578
6.957604660727834
6.970684124266938
6.973344835954917
6.975950946330371
6.9784990372367295
6.980986186552415
6.983410047965758
6.985768901125808
6.988061827182156
6.990289141868497
6.99245199677908
6.994552533003556
6.996593162509533
6.998575303752293
7.000498389976371
7.013869271451269
7.01573833768158
7.017543471957445
7.019286219655281
7.020969286795837
7.022597722261284
7.02417440430882
7.025701547211575
7.027180581988695
7.028612763614839
7.029999358333058
7.031341631907654
7.032640839797974
7.046303931042339
7.047573008818916
7.048801242130466
7.049989773331283
7.051139721798001
7.0522521856296185
7.053328244841574
7.0543689657084485
7.055375405870148
7.056348619856408
7.0572896648075165
7.058199606326336
7.059079524619991
7.072971622927912
7.073827955061644
7.074656322763056
7.075457950463351
7.076234110019019
7.076986125874332
7.077715379647501
7.078423314115763
7.079111436582945
7.079781321607466
7.080434613055713
7.081073025440654
7.081698344507656
7.095742878154695
7.096365237174212
7.0969793765294735
7.097587395758004
7.098191456707842
7.098793779021977
7.09939663480487
7.100002342496393
7.1006132599861465
7.101231777010293
7.101860306878425
7.102501277586494
7.116788355955533
7.117470100472567
7.118171096787473
7.118893764323807
7.11964048432213
7.120413588614879
7.121215348336572
7.122047962662265
7.122913547668467
7.123814125410542
7.124751613311835
7.125727813956694
7.14047891805485
7.14154120997855
7.1426466011301635
7.1437963483611915
7.1449915491152325
7.146233135432597
7.1475218689300855
7.148858336812965
7.150242948968835
7.151675936185123
7.153157349523765
7.168456863640881
7.170034420823676
7.171659143653828
7.173330359319339
7.175047228142883
7.176808750251779
7.1786137733995705
7.180461001901035
7.182349006631867
7.184276236037684
7.1862410280884825
7.1882416231065696
7.204001977694202
7.206061182816351
7.208149745759166
7.210265624678801
7.212406754518857
7.2145710634068925
7.216756489257183
7.218960996468362
7.221182592602339
7.223419344930973
7.239251650128451
7.241495787599005
7.243748753147062
7.246008985428897
7.248275061048433
7.250545708024644
7.252819818348172
7.255096459531846
7.257374885064389
7.259654543682681
7.261935087384899
7.277489972082651
7.2797404379406245
7.2819907613385855
7.2842414511951405
7.286493240222111
7.288747084129162
7.2910041592416155
7.29326585852373
7.295533786008556
7.297809749646081
7.312918372400181
7.315170502957783
7.317435916003209
7.31971713597442
7.32201683370414
7.324337810516519
7.326682981102275
7.329055355261575
7.331458018611187
7.33389411236028
7.336366812266634
7.351022162566468
7.353515649943874
7.356053997037527
7.35864030478408
7.3612775962096055
7.3639687931847
7.366716693295985
7.36952394697886
7.372393035055365
7.375326246820498
7.389667220614783
7.392658575633021
7.395718405758942
7.398848050657439
7.402048563725502
7.405320696467039
7.408664884333644
7.412081234137946
7.415569513138973
7.419129139888987
7.433138399332311
7.436748694192476
7.440425532366489
7.444166925958802
7.447970524118277
7.451833615767146
7.455753134400154
7.459725664950987
7.463747452710429
7.467814414267452
7.481199632505717
7.485245401588427
7.489321884656965
7.493423901043551
7.497546026423878
7.501682614351268
7.505827819237313
7.509975620654845
7.514119848828672
7.518254211172008
7.530458931083316
7.534453707087173
7.5384196835846735
7.542350438319009
7.546239568102825
7.550080717895088
7.553867609762517
7.557594071553392
7.561254065113975
7.564841713879587
7.575238658705044
7.578570099326625
7.581813987780397
7.584965409995955
7.588019732060889
7.590972620594768
7.593820061536102
7.596558377242655
7.599184241818318
7.601694694593097
7.604087151695711
7.61204827418131
7.614118792913512
7.61606754343007
7.617893523792426
7.619596130697589
7.621175159180801
7.622630800417388
7.623963637674155
7.625174640472661
7.626265157037264
7.627236905111782
7.628091961237265
7.633440957995662
7.63400910043005
7.634470094348009
7.634827246237611
7.63508414421538
7.635244640735212
7.635312834584658
7.635293052291476
7.635189829062403
7.635007889373843
7.634752127330075
7.634427586900898
7.637767377938024
7.637270893619965
7.636721726771518
7.636125222764138
7.635486779871098
7.634811831151686
7.634105826804948
7.6333742170451755
7.63262243554438
7.631855883477766
7.631079914201454
7.63029981858208
7.629520810993332
7.628748015984342
7.630808197836454
7.630008751767635
7.629229195565346
7.628474103152143
7.6277479063002085
7.627054885350621
7.626399160493845
7.625784683585226
7.625215230469744
7.624694393788628
7.62422557624296
7.623811984288451
7.623456622239331
7.62316228676
7.622931561727572
7.622766813449636
7.622670186227724
7.6241983574956
7.624166523916343
7.62420631338084
7.624318964481136
7.6245054821361204
7.624766635110938
7.625102953903389
7.625514729019269
7.626002009662936
7.626564602871678
7.627202073127152
7.627913742477273
7.628698691205612
7.629555759086013
7.630483547260684
7.631480420780282
7.632544511844423
7.633673723778492
7.634865735782459
7.636118008482919
7.637427790317914
7.638792124778684
7.640207858528814
7.641671650415681
7.643179981382871
7.644729165286171
7.6463153606092025
7.647934583066482
7.649582719074814
7.651255540066016
7.652948717604743
7.654657839268515
7.656378425237061
7.658105945531403
7.6598358378333
7.661563525809421
7.663284437856285
7.66499402617441
7.6666877860750775
7.668361275415433
7.670010134054032
7.671630103212905
7.673217044630821
7.674766959386842
7.676276006274887
7.677740519606759
7.679157026323583
7.680522262295437
7.681833187693341
7.683087001320572
7.684281153795727
7.685413359485739
7.68648160709472
7.68748416882206
7.688419608013221
7.689286785235621
7.6900848627237295
7.690813307149187
7.691471890682853
7.692060690329636
7.692580085529259
7.693030754029984
7.693413666055199
7.693730076796593
7.69398151728103
7.694169783670824
7.694296925070483
7.694365229923947
7.694377211098754
7.69433558976388
7.694243278176889
7.694103361506213
7.693919078820384
7.697968920849698
7.697736751023581
7.697468476921334
7.697167737826655
7.696838225963951
7.696483665729151
7.696107793123406
7.695714335532814
7.695306991992612
7.694889414069931
7.6944651874904695
7.6940378146282855
7.693610697967413
7.693187124635131
7.692770252095767
7.696852358822221
7.696457328686466
7.6960754268980525
7.695709202422499
7.695361026226101
7.695033085095173
7.6947273768682845
7.694445707070631
7.694189686928165
7.6939607327274
7.6937600664757575
7.697963679480604
7.697802575442001
7.697670616649107
7.697568338142484
7.697496102962661
7.697454108871538
7.697442395812606
7.697460854010649
7.69750923261152
7.701742383640397
7.701818665971156
7.701922257553602
7.702052500244721
7.702208641453343
7.702389843615298
7.7025951935393175
7.70282371154384
7.7069808244685785
7.707216672915231
7.707471781887016
7.707745037140955
7.7080352951276545
7.708341389398503
7.708662136449175
7.712671344470792
7.712980145496798
7.713299586773989
7.713628487326905
7.713965666138094
7.714309944451048
7.714660147525775
7.718457810314343
7.718778064404702
7.719100434299882
7.719423773352648
7.719746938429206
7.720068789303401
7.723640903866559
7.7239182875657635
7.724190609518249
7.724456726191086
7.724715490487061
7.724965750637265
7.72827303379561
7.728463991252608
7.728642572964622
7.7288075957284095
7.728957869029723
7.729092195258192
7.732092054305632
7.73215139609678
7.732190770103194
7.732208965117479
7.732204771522989
7.734916443507698
7.734824135038374
7.734705496225623
7.734559372766646
7.734384632558051
7.736779196498265
7.736504272167406
7.736197269679697
7.7358572288268395
7.735483242715632
7.737538311613001
7.737054980137682
7.73653527750201
7.735978617942126
7.735384506094378
7.737090415117773
7.736382882954393
7.735637126238971
7.734853126541553
7.734030991845933
7.735396926079981
7.734464477254579
7.733495332942551
7.732490207136022
7.731449966708346
7.732508667304919
7.7313699374167415
7.730200106488438
7.729000714669519
7.729864450123101
7.728583207690196
7.7272785352586855
7.725952632774669
7.72667376097503
7.72528823190147
7.723889523854753
7.72248041301031
7.721063796977203
7.721679323584096
7.7202364684834235
7.718795955103917
7.7173610557517875
7.717981307945759
7.716550214157974
7.715135267329145
7.713739879559572
7.714434143608774
7.713072648571971
7.71174109186507
7.710442746949599
7.711273979312644
7.710037059703194
7.708842658094051
7.707693613849339
7.706592622664214
7.707647075473996
7.706634502405816
7.705676740027369
7.704775704745953
7.706056392360937
7.7052566284410675
7.704517416143776
7.703839673969127
7.705351627285765
7.704778339132039
7.7042669016921215
7.703817099784619
7.705540444043438
7.705187812691945
7.704893548920804
7.704656270373326
7.706546613129706
7.706388933271655
7.706281460698766
7.706221722723752
7.708212918914871
7.708206092841643
7.708237192906448
7.708302838760257
7.71031193482548
7.710396767169823
7.71050408533933
7.712466206767034
7.712563776960601
7.712670770204569
7.712782925658824
7.714595672783542
7.714659151553545
7.714714336697873
7.714756942945788
7.716328928110217
7.716285439135985
7.716216671329945
7.716118680335965
7.717370074981189
7.717153272569172
7.716896387110228
7.716596151753024
7.717465376136315
7.717021082544608
7.716525340596738
7.715975839304638
7.716424612779729
7.715715374102253
7.7149477191472124
7.7141204901462945
7.71413681919308
7.71314500166784
7.712092781261505
7.710980255407959
7.710579151564667
7.709308353064502
7.7079803181953634
7.70659640097566
7.70581834217234
7.704293057323702
7.70271861628198
7.701097534223002
7.699432600749622
7.698268524899404
7.696495384456336
7.694688963683753
7.692852981578045
7.691472249443209
7.689562709876566
7.6876363819746425
7.68569765294312
7.684191296172229
7.682217567440354
7.6802454899366985
7.678279819842743
7.6767407349266295
7.6747797016511985
7.672839430852104
7.6709247353779695
7.669040415416612
7.667568804742245
7.6657359653782
7.663946975010696
7.6622063168428785
7.660882837377783
7.659226199903847
7.6576296639334975
7.656097135710411
7.65497910334025
7.6535564138602314
7.652207130807328
7.650934376131843
7.649741062168637
7.648914161072358
7.647852072364462
7.646875267776104
7.645985700515631
7.645185076742577
7.644667884414952
7.644006324773595
7.643435654987201
7.642956554057578
7.642569442745671
7.642342324002293
7.64208869856485
7.641925192513908
7.641851238136219
7.641866023937812
7.641876312372279
7.64200714389143
7.64222149729346
7.642517707520183
7.642893902790373
7.643064546331995
7.643530219165221
7.6440680956906135
7.644675661884563
7.64535025138056
7.645590785052711
7.646322706542547
7.647112305237584
7.647956532685496
7.648852252731693
7.649796254676397
7.649989971792517
7.65095088901837
7.651950232082784
7.652984738153226
7.654051136487848
7.65514616127414
7.655177755142512
7.656252824161138
7.657347612430932
7.658459101226771
7.6595843339460155
7.660720426468877
7.661864576980643
7.661597279807991
7.662689326969328
7.663782995015109
7.664875977073167
7.665966083685503
7.667051248372553
7.666503051233172
7.667521885482946
7.66853213319129
7.669532310337205
7.670521066733963
7.671497186750699
7.672459589237023
7.6734073266565765
7.6724910523761185
7.673371504940555
7.674237231507259
7.675087803671643
7.67592290609438
7.67674233137746
7.677545974328924
7.678333825655881
7.677161091850433
7.677897545488958
7.67862058460122
7.67933048372064
7.680027571208209
7.680712220749229
7.681384842663378
7.6820458750926255
7.6826957751360725
7.683335010000149
7.682027852572821
7.682643497466146
7.683251304633683
7.683851642683704
7.684444847313508
7.685031214254922
7.685610992726909
7.6861843794590055
7.686751513345999
7.687312470789892
7.687867261780117
7.688415826758033
7.687178076558954
7.68772237243997
7.688260564067622
7.688792243578154
7.689316931696719
7.6898340800426785
7.690343074328803
7.690843238436558
7.691333839339918
7.69181409284274
7.692283170083236
7.692740204753138
7.693184300968964
7.693614541726247
7.69402999786021
7.694429737429637
7.693325324701353
7.69370403015957
7.694064371018344
7.6944054815432565
7.694726545825677
7.6950268077255615
7.695305580543926
7.695562256327015
7.695796314706633
7.696007331185882
7.696194984784719
7.696359064966727
7.6964994777749745
7.69661625111458
7.696709539127037
7.696779625612424
7.696826926465029
7.696851991098938
7.6968555028509265
7.696838278358914
7.696801265925604
7.696745542886824
7.6966723120162825
7.69658289700637
7.696478737076171
7.696361380765134
7.696232478980082
7.696093777369331
7.695947108104584
7.695794381156177
7.695637575151006
7.695478727905823
7.695319926729525
7.695163298589951
7.695011000237904
7.6948652083823665
7.694728110004455
7.69460189289726
7.694488736511047
7.69439080317967
7.69431022979562
7.69424911999565
7.694209536909576
7.694193496517852
7.694202961653528
7.694239836676585
7.694305962838644
7.694403114347401
7.694532995131575
7.694697236297993
7.694897394264116
7.695134949542318
7.6954113061435345
7.6957277915627165
7.696085657301141
7.696486079876474
7.696930162266711
7.697418935729689
7.6979533619390415
7.698534335373547
7.699162685897249
7.699839181467138
7.700564530905797
7.701339386678428
7.70216434761557
7.70303996152592
7.704481851668591
7.705445159744792
7.706460650255705
7.707528681859878
7.708649569388821
7.709823584915313
7.711050958480956
7.7123318784689765
7.713666491613309
7.715054902641221
7.716497173552017
7.717993322540233
7.719543322576008
7.721147099660931
7.722804530781803
7.72451544158833
7.7262796038247235
7.728096732548221
7.729966483169932
7.731888448354994
7.73386215482152
7.736140307182771
7.738198864901842
7.7403069746977655
7.742463843519128
7.744668598205428
7.7469202827545365
7.749217855744277
7.751560187939764
7.7539460601157035
7.756374161121285
7.758843086211705
7.761351335668606
7.763897313728688
7.766479327836233
7.769095588233898
7.771744207902072
7.774423202854784
7.777061966242101
7.7797700566515955
7.782501647423429
7.7852544056304795
7.788025911292297
7.7908136596927715
7.793615064025103
7.796427458357772
7.79924810091191
7.802074177641621
7.804902806105919
7.807731039621484
7.810555871684396
7.813374240648704
7.816183034648327
7.818516659342206
7.821269243690137
7.824002982742865
7.826714669327662
7.829401073501134
7.832058948419572
7.8346850363661575
7.8372760749230235
7.839828803275362
7.842339968635205
7.844806332771876
7.8472246786364765
7.849591817067344
7.851904593562804
7.854159895108513
7.855525998549288
7.857638413488689
7.859685304950139
7.861663821227779
7.863571183720939
7.865404693718325
7.867161739150226
7.868839801292001
7.870436461404934
7.871949407298442
7.873376439798077
7.87471547910343
7.875964571020183
7.8771218930499325
7.878185760321729
7.8781350707737285
7.879004166256051
7.879776720874711
7.880451638737153
7.881027985596302
7.881504993581197
7.881882065660125
7.882158779818301
7.882334892930437
7.882410344309744
7.882385258912904
7.8822599501812265
7.8820349224975885
7.881710873238312
7.881288694399007
7.879779242292834
7.879174278517314
7.878475686624908
7.877685101764796
7.876804354394259
7.875835469116995
7.874780662952617
7.873642343017636
7.8724231036012435
7.871125722619377
7.869753157433937
7.868308540025441
7.866795171510714
7.865216515999998
7.863576193791286
7.861877973902934
7.860125765951065
7.85754594521286
7.8557139619572025
7.853840496055928
7.851929899121893
7.849986615437869
7.848015170276054
7.846020157706518
7.844006227937386
7.841978074233801
7.839940419467836
7.837898002355036
7.835855563438362
7.8338178308822854
7.831789506144317
7.8297752495930615
7.827779666143749
7.825807290984303
7.823862575465299
7.821949873227465
7.820073426639725
7.817754415286437
7.81597639515793
7.814246349670638
7.81256794888091
7.8109446910517955
7.8093798922628865
7.807876676786806
7.806437968280953
7.805066481837333
7.803764716927688
7.802534951274662
7.801379235673359
7.800299389781
7.799296998885775
7.798373411659452
7.797529738891739
7.796766853198167
7.796085389686786
7.795485747563953
7.794968092653052
7.794532360795238
7.794178262097623
7.793905285987843
7.793712707032938
7.793599591474878
7.793564804434076
7.793397815103701
7.793522673374113
7.793721041744332
7.793991063721812
7.794330726537399
7.7947378712895485
7.79521020336562
7.795745303085531
7.7963406365126895
7.796993566380591
7.7977013630829255
7.798461215679449
7.799270242870239
7.800125503893614
7.801024009306369
7.801962731605752
7.802938615656165
7.803948588885741
7.804989571220251
7.806058484723899
7.807152262919387
7.808267859761669
7.809402258241679
7.810552478598714
7.811715586122327
7.812888698526163
7.8140689928782825
7.81525371207441
7.816440170842241
7.817625761267132
7.818807957830182
7.819984321953572
7.821152506046954
7.822310257053305
7.823455419492641
7.824476563683177
7.825591640240923
7.826688257085751
7.827764669445348
7.8288192367639615
7.829850422846306
7.830856795559015
7.8318370261034636
7.832789887876179
7.833714254934298
7.834609100086795
7.83547349263174
7.8363065957637845
7.837107663676096
7.8378760383835315
7.838611146294491
7.839312494560732
7.839979667234969
7.8406123212675105
7.841210182373908
7.841773040805385
7.8423007470552415
7.842793207533781
7.843250380244078
7.843672270491303
7.844058926657012
7.844410436068942
7.844726920996577
7.845008534800532
7.845255458262878
7.84546789612356
7.845646073846693
7.845790234637576
7.845900636730138
7.845977550961418
7.846021258647563
7.846032049773688
7.846010221506796
7.845956077038477
7.845869924762436
7.8457520777874
7.845602853786028
7.84529081259799
7.845076920039205
7.844832617977021
7.844558267732992
7.844254240061854
7.843920916765559
7.843558692569567
7.843167977244266
7.842749197953212
7.842302801807206
7.841829258603574
7.841329063727291
7.840802741190615
7.840250846786935
7.839673971333437
7.8390727439768
7.83844783553631
7.837799961857309
7.837129887149396
7.836438427281551
7.835726453009166
7.834994893105739
7.834244737373813
7.833477039509422
7.832692919795266
7.831893567598434
7.83108024364881
7.830254282075348
7.829417092179048
7.828432999707936
7.827583488257149
7.826728005745184
7.8258682840854545
7.825006133485958
7.8241434422282685
7.823282176066132
7.8224243772330455
7.821572163049325
7.820727724122361
7.8198933221344795
7.819071287216288
7.818264014904843
7.817473962688659
7.81670364614403
7.81595563466951
7.815232546828511
7.8145370453111065
7.813871831531281
7.813239639875299
7.812731532160522
7.812190903234713
7.811692167889884
7.811238115469924
7.810831533973454
7.810475202729502
7.810171884915484
7.809924319952718
7.809735215816304
7.809607241297001
7.809543018254654
7.809545113902328
7.809616033161807
7.809758211130372
7.809974005699507
7.810655088804952
7.811047658993104
7.811520599493329
7.812075862290535
7.8127152880594
7.813440600507577
7.8142534011203075
7.815155164334183
7.816147233164446
7.81723081530761
7.818406979737151
7.819676653807846
7.821699362386379
7.823181024486382
7.8247579366599345
7.826430405913377
7.8281985905389595
7.830062500416322
7.832021997826418
7.834076798763002
7.836226474723665
7.838470454958985
7.841664021884385
7.844113096255406
7.846653396779561
7.84928377679265
7.852002964701484
7.854809568483532
7.857702080430479
7.860678882096626
7.863738249413611
7.866878357930936
7.871086917093117
7.874393673224772
7.877774251282746
7.881226448003944
7.884747987942878
7.8883365288272005
7.891989666784198
7.895704941408225
7.900500253312611
7.904334600065709
7.908222315057114
7.912160743218685
7.916147197722083
7.920178963750486
7.924253301975482
7.928367451734236
7.933490596934136
7.937668666671225
7.941877026176617
7.946112864277283
7.950373363358719
7.954655700878458
7.958957050634827
7.964130492766603
7.968445639963203
7.9727702977631605
7.977101666185783
7.981436948315924
7.9857733505743145
7.990108082942022
7.995118022189726
7.999418283494109
8.003707798415235
8.007983844700666
8.012243707336747
8.016484679050793
8.020704061014182
8.0253549390582
8.029495578425708
8.033606248868729
8.037684357033125
8.041727325699275
8.04573259598859
8.049929616230115
8.053822515082723
8.057670190868196
8.061470244675272
8.06522031100189
8.068918061894989
8.07256021947676
8.076117440036048
8.079615978453136
8.083053751464043
8.086428735956833
8.089738974559301
8.092752912589075
8.09590124892338
8.098980027461934
8.101987642381689
8.104922579460906
8.107365274891723
8.110126925107794
8.112812721983298
8.115421587714865
8.117952558621546
8.119815718151367
8.122168611860138
8.124442293853583
8.126636294719743
8.128750271877358
8.13078401113788
8.13198490081462
8.133843533986061
8.135622930112184
8.137323378087906
8.138945290963715
8.1396203316489
8.141077170095993
8.142458266568093
8.143764483696481
8.144996792535856
8.14520086697885
8.146283749319457
8.147297002873536
8.148241967749671
8.149119973013786
8.148921613631638
8.149669403840246
8.150354670007564
8.15097847604615
8.151542045710336
8.151014325015876
8.151466977144173
8.151865427988069
8.152211709717273
8.152507739137564
8.151731025042235
8.151940067327077
8.152104975415067
8.152227922431265
8.152311252868746
8.151366133309281
8.151387435746576
8.151376720343558
8.151336633320154
8.15031938152774
8.150238895632807
8.15013657027547
8.150014825933113
8.149875952432943
8.148836712628583
8.148680841700525
8.148513630807479
8.149377074304766
8.150258516980394
8.151349541834557
8.152261290750138
8.153178533325153
8.15429634522461
8.155213740323084
8.156123591809992
8.157209521767461
8.15808882149816
8.158947483066667
8.159942916994687
8.160740885886632
8.16150554071752
8.162354017594806
8.163029476587802
8.163659807843604
8.164308967684784
8.16482419698212
8.165283727908474
8.165686975515367
8.166008875777509
8.166266044201198
8.166383823537997
8.166484765798808
8.166513672189392
8.166314285390719
8.166172611362414
8.165953412306294
8.16541336258958
8.165013531655896
8.164532485512145
8.163636369716482
8.16296878312101
8.162217987980489
8.160958007017761
8.160018569795334
8.15899546199272
8.157370651509877
8.156160155278057
8.15486685651245
8.152882161769936
8.15140558409471
8.149848194494531
8.147513520440993
8.145779337691023
8.143967269852073
8.141296628789524
8.139316229025903
8.137261664374163
8.134272520369741
8.132059782007802
8.129777307301254
8.126490181201913
8.124061254287508
8.121567705366727
8.11800606098514
8.11537935433117
8.112693859990094
8.108884245932616
8.10608058914817
8.103224774438422
8.099197152889507
8.096240071854671
8.093238351597952
8.089026510831546
8.085942532532437
8.082822406217403
8.078464332550197
8.075283223706817
8.072075475271456
8.067613555983632
8.064368401602458
8.061107113405205
8.056588056132373
8.053315099351321
8.050037408717527
8.04551179384434
8.0422499857027
8.038995542742231
8.034516969832435
8.0313072136164
8.028117336784922
8.023741178392958
8.02062529327742
8.01754185938756
8.013323688652118
8.010343155984605
8.007407298471545
8.00340110322214
8.000595690466394
7.997846408333808
7.994102737309177
7.991509114720035
7.9889819104772695
7.985546111716594
7.983196582184068
7.980922247764235
7.977832952980886
7.975754405225642
7.973758060098472
7.971046042630664
7.969259213432317
7.967559670955651
7.965247162445552
7.963766258355604
7.961735030492071
7.960408775041305
7.95857817520847
7.95689945251476
7.955371718421146
7.954731158870058
7.953994187843521
7.952148656614144
7.9516787430361875
7.950736432569263
7.9499328243199
7.949810924225388
7.9497721260609815
7.949358649929994
7.949524913130348
7.9497696354886935
7.949725993568322
7.950163850937187
7.950674772859637
7.950977147766246
7.951906085426965
7.952624749761776
7.953408139873541
7.954256003005002
7.956159715694268
7.957166178651925
7.958211604293191
7.959225126086976
7.960485708275644
7.962790295229992
7.96385782259978
7.965416120767193
7.966796319739455
7.968220060158886
7.9699780272959115
7.971499621531667
7.973057174905087
7.974980608559971
7.976617588802027
7.978282568496834
7.98033563872932
7.982060783697115
7.983805583085558
7.98595081711579
7.987735701796137
7.989531529941034
7.991729918184854
7.993545023341668
7.9953620498031945
7.997573307749019
7.99938825072243
8.00119587432011
8.003378871571604
8.005162761205694
8.006930000692288
8.009043346902368
8.01076525009146
8.012461240243287
8.014463999998211
8.016093495401895
8.017688061280888
8.019540557547463
8.021048344170179
8.022512619692302
8.02553580290439
8.026842857083127
8.029469109362484
8.030594543952434
8.032770666720575
8.033693151584645
8.035373731708027
8.03607544829741
8.03722376306215
8.037690731434674
8.038279354461016
8.038501625083821
8.038512696614479
8.03848439484422
8.037909536682887
8.037628755391882
8.036468629863586
8.035937174152126
8.034200707397867
8.033423704395204
8.031127015960069
8.03011241173414
8.027277512895246
8.026035486567162
8.022688826894843
8.02123115821025
8.017402111249368
8.015741541253943
8.011460924366146
8.009610548998953
8.004909268799985
8.002882002196065
7.997789906400378
7.995598045055999
7.990143045790126
7.9877979574654905
7.982005472801325
7.97951742625799
7.973410168462475
7.97078831285962
7.964386435613576
7.961638932213163
7.954960535590182
7.952094839366853
7.945156820054678
7.94218010431164
7.934999327586736
7.931919039776636
7.924513796679298
7.92133832726874
7.913730023100807
7.9104694607499155
7.902684458401831
7.902684458401831
7.901480550713938
7.900264669460138
7.899035554641381
7.89779196311888
7.896532677597495
7.8952565281809415
7.893962424956087
7.892649399530153
7.8913166526739005
7.88996360439317
7.891848670629049
7.890442757044118
7.889015396825353
7.887567167190206
7.886098826972269
7.884611298066147
7.883105619569108
7.881583198462491
7.880046219190792
7.878497873563846
7.87694207658907
7.875382752498589
7.873823194903108
7.8722659208913
7.870712964449378
7.869166248391515
7.867627775668927
7.866099590852347
7.864583832535661
7.865920012526487
7.8644038405190475
7.862904709059952
7.861424244597276
7.859963907819828
7.858524980504196
7.857108553851153
7.85571551831577
7.8543465549714835
7.85300212848902
7.851682481850577
7.850387632937615
7.849117373113001
7.847871267871202
7.84664865956975
7.845448672214488
7.846446751292047
7.8452405667581875
7.844052402272823
7.842880654603032
7.841723559475523
7.840579207931867
7.839445564382937
7.8383204862126155
7.837201744760917
7.836087047503692
7.834974061234947
7.833860436047845
7.832743829900822
7.833104631932379
7.831923391711849
7.830732732459181
7.829530682272614
7.828315401009675
7.827085203294153
7.825838580524026
7.8245742216697405
7.8232910326635565
7.821988154192687
7.820664977724509
7.820238350410221
7.818831135601994
7.817404723562122
7.815959702551665
7.814496957408351
7.813017672171919
7.811523330278913
7.810015712314504
7.808496891332326
7.806969225773311
7.805976847954057
7.804414361464317
7.802853610910557
7.801298012992424
7.799751196801872
7.798216984140302
7.79669936820582
7.795202490818246
7.79373061836035
7.79267023143439
7.791255726143079
7.789881537101245
7.788552161562191
7.787272085060954
7.786045753872665
7.784877547572269
7.78377175189023
7.783131616308789
7.782174064591851
7.78129274728105
7.780491279653317
7.779773056048296
7.779141228302972
7.778598685604793
7.778148035877395
7.778340214624199
7.778104653992546
7.777968312358405
7.777932469645169
7.777998056688501
7.778165647537905
7.778435453691086
7.77956737737356
7.780073465720072
7.780681079676247
7.781388908565131
7.782195279085906
7.783098160796332
7.784095173280214
7.7861948636326455
7.787408297622245
7.788707146651685
7.790087686085532
7.791545900190133
7.793077497562358
7.795911068553262
7.797612513518257
7.799373083808313
7.801187520982678
7.803050381821685
7.804956058029306
7.8083390693857355
7.81034815468774
7.812382308400653
7.81443543803771
7.816501387903348
7.818573958922818
7.822266844516945
7.82436598626433
7.8264528208150566
7.828521152584146
7.830564836064237
7.834314467741203
7.836319276306825
7.838281167978062
7.840194351614428
7.842053161603447
7.8456769676241604
7.847435811794741
7.84912389494961
7.850736170390245
7.852267768936604
7.8537140061926625
7.856979112623714
7.858263461909993
7.8594493966609065
7.860533036833865
7.861510710124898
7.8643241599867775
7.865099741683589
7.865759554189062
7.866300782645191
7.866720822279286
7.868982181182077
7.869171668904156
7.869233487928777
7.869165870989255
7.870922684213635
7.870610006776216
7.8701639814927065
7.869583627215565
7.868868144010863
7.869975886040575
7.869007316644931
7.867902625396554
7.866661710155021
7.865284626050022
7.865734284023806
7.864105966513806
7.862343051918461
7.8604461969060955
7.860366342789804
7.858226146283741
7.855955391984673
7.853555264060263
7.851027062289104
7.850339773490291
7.84758482886667
7.844707129424771
7.841708418667657
7.8405625659055165
7.837355430869987
7.834033953355037
7.830600261831414
7.829044812339649
7.8254248181175425
7.821700458585666
7.817874195946113
7.813948563630021
7.811980271152267
7.807900162525352
7.803729784259192
7.799471950645965
7.797235355032329
7.792852123641309
7.788391418176318
7.783856300286468
7.781427030669257
7.776798171584779
7.772105665326712
7.767352794791721
7.764813197911871
7.7600005545538995
7.755139015770832
7.75023206474392
7.747670543635994
7.742739852062245
7.737775845883517
7.732782188117688
7.730292444218636
7.725312865856008
7.720316274284194
7.71530648541314
7.710287347704924
7.708030048102418
7.70307343269385
7.698120600077128
7.693175497658341
7.691211910652547
7.686369576889616
7.681548277049873
7.676751986028506
7.675183844279827
7.670530479202907
7.6659153021790685
7.661342214763166
7.660268906531206
7.655877711124474
7.651541269821761
7.647263281029424
7.646778417799932
7.642718738360625
7.6387291898871155
7.634813115108144
7.635000597861379
7.631335160786939
7.627753368282315
7.624258043790054
7.625187900184204
7.621969849829289
7.618846404066792
7.615819707572458
7.6128917253114805
7.614814066549509
7.6121864441226945
7.60966251968142
7.6072434103831
7.609995801721258
7.607885946059506
7.605882914829808
7.603986881686407
7.607570522532244
7.605983092808673
7.604501479075674
7.6031248610368385
7.601852178454517
7.606436704595546
7.605458718852702
7.6045794785516305
7.603796931603189
7.609125081515445
7.608614801983536
7.608192909026375
7.607856412066368
7.613848785234677
7.613753190744934
7.613731836743917
7.613780886453529
7.613896312514699
7.620587779015553
7.6208953123597025
7.6212550713361065
7.621662340139652
7.62211225371842
7.629325451890269
7.629909405214342
7.630519608790277
7.631150709347129
7.631797255801804
7.6393335441809045
7.640049994506348
7.640764155292307
7.641470325580415
7.649091686106379
7.649813546917471
7.650509371522091
7.651173426350218
7.651799995844407
7.652383396616021
7.659942491301566
7.6604644231801196
7.6609259743023985
7.66132177873017
7.6616465760926795
7.668923129733868
7.669127511006047
7.669245670627738
7.66927296113497
7.669204911327137
7.67603593088942
7.675798495091122
7.675453586909048
7.674997608800394
7.674427197828292
7.673739235428591
7.679913124415326
7.679015129255141
7.677992198944269
7.6768422999950765
7.675563673999359
7.674154840900238
7.679575991167227
7.67793878794205
7.676169297455912
7.674267172033442
7.672232336350743
7.670064983192474
7.667765568000846
7.672328377582173
7.669807341987998
7.667157927265639
7.6643815506797575
7.661479845444521
7.6584546493355
7.6553079925617595
7.659107347360369
7.655770761620784
7.652320631785485
7.6487595972593505
7.645090420313323
7.641315971921968
7.637439217579589
7.633463203196534
7.636631255260527
7.632519421753294
7.628318482290622
7.624031638247237
7.619662106627576
7.615213108633192
7.610687858875362
7.60608955528759
7.601421369785699
7.596686439715344
7.5994919311350095
7.594693934946613
7.589838867827805
7.584929650575726
7.579969142273027
7.574960136877004
7.569905360632881
7.564807470295582
7.559669052139873
7.554492621734155
7.549280624449343
7.544035436671586
7.546966169768346
7.541732102672342
7.53647224796091
7.531188747036542
7.525883688203259
7.520559110909178
7.515217010396522
7.509859342720304
7.504488030095381
7.499104966533326
7.493712023729123
7.488311057158666
7.482903912347585
7.477492431271984
7.472078458851116
7.466663849492046
7.461250473645074
7.455840224328653
7.450435023581321
7.445036828797067
7.439647638899689
7.444012679484351
7.438737471090254
7.433478140623877
7.428236846195452
7.423015806865482
7.417817306783711
7.412643698877026
7.407497408037359
7.402380933759886
7.39729685218332
7.392247817484112
7.3872365625787735
7.382265899090501
7.37733871653906
7.372457980716288
7.367626731214505
7.36284807807862
7.358125197559879
7.353461326953759
7.348859758512429
7.344323832428851
7.328236800249298
7.3237632388502405
7.319367660516869
7.3150536768911705
7.310824898078313
7.306684919731349
7.302637309421237
7.298685592362666
7.294833236574059
7.291083637556875
7.287440102588118
7.2839058347247105
7.280483916624967
7.277177294297065
7.273988760887914
7.270920940628571
7.267976273054957
7.265156997621671
7.262465138828065
7.259902491972083
7.257470609646485
7.242609645361
7.24044212958318
7.238412986796006
7.236522703573489
7.234771460721163
7.2331591263822865
7.2316852505658415
7.230349061150658
7.229149461408279
7.2280850290764995
7.227154017003881
7.226354355374182
7.213542674848899
7.213054030820081
7.212692704220968
7.212455300132586
7.212338128698874
7.212337216859271
7.212448321424971
7.212666943420983
7.212988343608141
7.213407559092309
7.202680477024277
7.203373620917765
7.204151419157164
7.205008070072927
7.205937642626656
7.206934097787572
7.207991310217029
7.209103090145326
7.200051091177003
7.201368284167742
7.202723113505022
7.20410922526417
7.20552031103372
7.206950128911864
7.208392523938738
7.200689731236417
7.202265414515691
7.203836878482042
7.205398399694696
7.206944435329544
7.208469638723372
7.209968873867372
7.203422531301381
7.204986770403347
7.206511290211306
7.207991835322208
7.20942441914465
7.210805331436162
7.205156123573395
7.206556020161349
7.207894628589114
7.2091693253970615
7.210377785127403
7.211517980774457
7.206659400270846
7.207788578671093
7.2088445979664515
7.209826545543533
7.2107337947500625
7.206544266020279
7.207428275491128
7.208236466191222
7.208969230380404
7.209627211359778
7.210211294534362
7.206711576196881
7.207271952197395
7.2077611710014295
7.2081809231149245
7.208533089956558
7.205661567494387
7.205998131539118
7.206272192947244
7.206486219629681
7.206642814774272
7.2043971706623235
7.204551300613398
7.20465459053905
7.2047100119106515
7.203035060694304
7.2030994003091315
7.203123084623978
7.203109297794488
7.203061268088696
7.202003100682339
7.201979801811421
7.201929738468855
7.201856186850457
7.201762425175626
7.201309554729371
7.201255559477618
7.201188627425729
7.201111950009164
7.201190024452682
7.201162814578385
7.201132717324997
7.201102746662689
7.201690035052123
7.2017179948237215
7.201752355877669
7.2017958658577115
7.201851179305556
7.202977512339857
7.203100748634638
7.203241036058952
7.203400639117926
7.204986910469441
7.205219466480083
7.2054755471962135
7.205756927919971
7.207778915725867
7.20813624924213
7.208521812187598
7.208936795507637
7.211369985198972
7.211861350170924
7.2123835470160085
7.212937105581204
7.215755662094022
7.2163828724202705
7.21704115037678
7.217730323246806
7.220905639018357
7.22166208834758
7.2224473481847
7.223260551656576
7.226759767522203
7.22762999377933
7.228524348459775
7.22944133656715
7.233226237106801
7.234186248247803
7.235163567391042
7.236156192881271
7.240182772921164
7.241201208804216
7.242228482044243
7.243262248374236
7.2474810666816545
7.24852109725507
7.249560474918931
7.253924250812212
7.254953930584207
7.25597562846804
7.256986846577412
7.261443576168122
7.262424042035805
7.263386859960878
7.2643296674865265
7.268821189147896
7.26971278854268
7.27057774597333
7.271413947728242
7.275881844474584
7.276647713217659
7.2773789573466665
7.281813445597831
7.282460369315908
7.283067395190089
7.283632933270347
7.2879393409943
7.288404267887454
7.288823183875099
7.2891947543859406
7.2933171673447665
7.29357319038894
7.2937778946709715
7.293930115002294
7.297813330920347
7.297835859941009
7.297802205225485
7.301474916751928
7.301300169806268
7.301065547633933
7.300769930976144
7.304102192458389
7.303651243385679
7.303135423889958
7.30255352634356
7.305489565528948
7.3047374609355025
7.303915065599335
7.306509990867706
7.305504938898813
7.3044251200465125
7.303269099630763
7.3053665621534885
7.304012007898407
7.302576495608215
7.301058500340382
7.302605247793252
7.300872833696096
7.2990531093334825
7.297144541860799
7.2980909530444364
7.295952855698986
7.293721327852056
7.294168743159234
7.291697013874733
7.28912771053323
7.286459572414375
7.286232404451025
7.2833127361389005
7.280290985837654
7.277166225415197
7.276235374716706
7.272851173060013
7.26936197196264
7.267866035686861
7.264114066725708
7.260256266715072
7.256292560975934
7.2540666674595
7.249840162639799
7.245508643836977
7.241072630371493
7.238118818567535
7.233425070920699
7.228629576503861
7.223733479319912
7.2200658825008075
7.214922351589235
7.209682840460148
7.204349106662925
7.199993746564827
7.194427980117558
7.1887743916940785
7.183900297049341
7.178029488608073
7.172078469585606
7.16604992250468
7.160560497699216
7.154338015525147
7.148046979315694
7.1416904590733346
7.135640529577531
7.129116826363433
7.122537623012828
7.115906242128195
7.109358471472751
7.102589165936521
7.095778269223942
7.088929208684079
7.081952225040367
7.0749959229117705
7.068012211706517
7.0610044738379765
7.053670728367589
7.046586717823763
7.039489172940106
7.032381290598376
7.024764732514285
7.017610705969403
7.010456173431806
7.003304024294982
6.9954777126145835
6.988307664495791
6.9811488296650985
6.974003693872372
6.966037489327603
6.95889992091462
6.951783615495739
6.9446905888663775
6.936649073362281
6.929585601860764
6.922551529235377
6.915548365560925
6.907489118528533
6.900533543179708
6.89361346244338
6.886729873165014
6.878702197861521
6.871880029019035
6.865097392792981
6.858354789157903
6.850398935823575
6.84372735246821
6.8370973566107285
6.83050898629624
6.823962173789007
6.816144047698757
6.809674028893805
6.803245441551777
6.7968578187367
6.7891665576396605
6.782856669782836
6.776586445039169
6.770355077670783
6.762802078716837
6.7566461884474265
6.750526871853044
6.74444305262595
6.737032352695991
6.731019111621655
6.725038321488843
6.719088711195374
6.713168976300125
6.705932295539697
6.700073977778568
6.694241892344351
6.688434645226473
6.681328255135447
6.675574066884209
6.669840889690712
6.66412733177152
6.658432019385371
6.6514717724919965
6.645818457468965
6.640179740435069
6.63455436920096
6.627699404432963
6.622108010900058
6.616526770027926
6.610954643314564
6.605390662442929
6.5986496998336115
6.593111506877762
6.587579204639355
6.582052137882821
6.576529743548585
6.569890580269676
6.564389155688338
6.558891396538445
6.553397119987418
6.5468384497090915
6.541364295731058
6.535893734149331
6.53042698454219
6.524964371576056
6.518505559644857
6.513065922530541
6.507631958078634
6.502204378009068
6.4967839890919326
6.490436489824284
6.485046190862953
6.479665907841105
6.474296774659883
6.4689399998051424
6.4627235679118895
6.457407609657765
6.452107847376061
6.4468257244819105
6.44156273211883
6.435503736671608
6.430294909418197
6.425109704533938
6.419949741281224
6.414816658330451
6.408945900936649
6.403881811570262
6.398849371732119
6.39385024493195
6.3888860887918355
6.3839585504617
6.378356545844295
6.373516261092103
6.368717251617912
6.36396108895335
6.359249316349086
6.3539082966368365
6.34929818011968
6.344736741095003
6.340225391554836
6.335765504379336
6.331358411959726
6.3263707869216725
6.322080762976726
6.3178471640206
6.313671155609504
6.309553858822198
6.305496350034768
6.3009004446735934
6.296972618545687
6.293107436160073
6.289305794828667
6.285568546793164
6.28132143465999
6.27772190056541
6.274188929219498
6.270723191129521
6.267325312089047
6.263995873260846
6.260735411197605
6.257001362204163
6.253885920942478
6.25084064557555
6.247865889520561
6.244961960999094
6.2421291227362605
6.238843684962304
6.236158288330735
6.233544323286019
6.2310018675644985
6.2285309523062615
6.226131561649508
6.223291903811551
6.221038976588446
6.2188570928587295
6.216746054576612
6.2147056166570485
6.212735486901793
6.210835326025521
6.20850198407364
6.206743425855267
6.205053490906305
6.203431675054483
6.2018774305941475
6.20039016716014
6.198969252788885
6.1976140151767005
6.195829924282547
6.194607065975478
6.193447796819604
6.192351328558138
6.191316842342498
6.190343491104109
6.18943040213378
6.188096227562741
6.187305981111355
6.186573617371024
6.18589821782708
6.1852788531169045
6.184714586521234
6.184204477596055
6.183747585928532
6.183342974998859
6.182558216276858
6.182264776391504
6.182021434598851
6.181827322491103
6.181681593583839
6.181583427311573
6.18153203298809
6.181526653706726
6.181566570156165
6.181316299495805
6.181459804749596
6.181647306456165
6.1818782633487706
6.1821521866979845
6.18246864321549
6.182827257725966
6.183227715586783
6.183669764837136
6.1841532180595165
6.184677953938044
6.185099524149308
6.185727782936449
6.186397777829273
6.18710963748265
6.187863559121881
6.18865980824399
6.1894987179621275
6.190380687992283
6.191306183284518
6.192275732302696
6.193289924959053
6.194349410212064
6.195582581770447
6.196759339357028
6.197983785751372
6.199256757760071
6.200579135914725
6.201951840396178
6.203375826716217
6.204852081178136
6.206381616137868
6.207965465088868
6.209604677594294
6.2113003140910905
6.213053440590398
6.2148651232997265
6.216736423191578
6.218668390544196
6.22066205947884
6.22326911820705
6.225414184435788
6.227623899439405
6.229899183828474
6.232240916342241
6.234649928753308
6.237127000925349
6.239672856044423
6.242288156042934
6.244973497234398
6.2477294061760205
6.2505563357744105
6.253454661649134
6.256424678766631
6.259466598357006
6.262580545123323
6.265766554753165
6.269024571740094
6.272354447521638
6.275755938939263
6.2792287070245525
6.282772316114656
6.286386233298845
6.290069828197225
6.293822373071205
6.297643043264732
6.301530917974057
6.305484981343063
6.309504123880133
6.313587144191779
6.317732751027668
6.321939565630314
6.326206124382389
6.33053088174391
6.334912213470334
6.339348420102454
6.343837730717468
6.348378306930896
6.352968247137324
6.357605590977444
6.362288324018735
6.36701438263517
6.371781659071629
6.3765880066774585
6.381431245292569
6.386309166769055
6.391219540610542
6.396160119710233
6.4011286461683445
6.406122857168763
6.411140490893851
6.416179292455946
6.421237019823472
6.426311449719204
6.431400383467513
6.4365016527675785
6.441613125369206
6.446732710627767
6.451858364915233
6.45488809440714
6.459996443432776
6.46510546673852
6.4702133752560655
6.4753184503631624
6.480419047915215
6.4855136019903075
6.490600628331898
6.495678727475151
6.500746587545054
6.5058029867162555
6.510846795326649
6.515876977639388
6.52089259324947
6.525892798134488
6.530876845350621
6.53341278564895
6.538347456099435
6.543264874235549
6.548164680116598
6.553046607940612
6.5579104847679766
6.5627562289679435
6.567583848405135
6.572393438385916
6.577185179384001
6.581959334566574
6.586716247142045
6.588874751350782
6.593590236030812
6.5982904243326645
6.602975933533087
6.607647444788823
6.6123056999111345
6.616951498103714
6.621585692679011
6.626209187765451
6.630822935016886
6.632785308416644
6.637378710666904
6.641965733147977
6.646547461244137
6.651125011429942
6.655699528168593
6.660272180824514
6.664844160582752
6.666758140873119
6.671330569570103
6.675906063286006
6.680485845528315
6.685071146273284
6.689663198748544
6.694263236134137
6.69887248816768
6.700834769056004
6.705464726398668
6.710107408495411
6.714763974276356
6.719435561001602
6.724123280089207
6.728828212787575
6.73090216517884
6.735642543638375
6.740402886869658
6.745184092145388
6.7499870034143745
6.7548124061941754
6.759661022389064
6.761890105780145
6.766783262294365
6.771700975755154
6.776643648107462
6.781611592405653
6.786605027864909
6.791624075086858
6.794021844768818
6.799085713365403
6.804174431436244
6.809287673962097
6.814424998598564
6.8195858429486735
6.822112280435935
6.8273088639429504
6.8325259879207385
6.837762590435181
6.843017485375739
6.848289363287708
6.850894619222338
6.856183712730913
6.861484563637608
6.866795397899172
6.872114334562197
6.874729899794878
6.8800438427551285
6.885359104539021
6.890673450807069
6.895984574338124
6.901290103189514
6.903820409253265
6.9090890663925695
6.91434426782451
6.919583504191773
6.9248042505395855
6.927182535127968
6.93233819323818
6.937467503849767
6.942568023780702
6.947637346734057
6.94978824279412
6.954766267318461
6.959706115576679
6.96460567379282
6.969462910820505
6.971322640524822
6.976067367277878
6.980764423941541
6.9854122331398205
6.990009330344969
6.991533416037301
6.996004041576441
7.000420719851461
7.004782521806732
7.009088640924324
7.010256707399941
7.014430723983829
7.018548066344711
7.022608454932232
7.026611721982181
7.027428492393572
7.031302108181273
7.0351196331177075
7.038881338663977
7.0425875817166155
7.043080058260254
7.046665761611514
7.050198562582014
7.05367911823178
7.0571081368762965
7.057319814606494
7.0606418736212095
7.0639158536605375
7.067142608020644
7.0703230073648085
7.070306529982288
7.0733955725894315
7.0764419856740055
7.079446645204054
7.08241041706137
7.082220198103254
7.0851080114833
7.08795840906403
7.09077215793005
7.093549996969571
7.093236017704073
7.095951392012441
7.098633717307101
7.101283571076431
7.100908674421849
7.1035049186959425
7.1060708965416035
7.108606999771176
7.1111135808886825
7.110680964813403
7.113141614464409
7.11557408252256
7.117978531277519
7.120355085685123
7.1198845086350575
7.122219226465716
7.124526537252875
7.126806389178889
7.129058698287303
7.12855753982469
7.1307686564972315
7.132951938442096
7.135107151459618
7.137234037217117
7.1366978848722065
7.138781110129833
7.140835061504792
7.1428593669645
7.144853640762254
7.144267405927471
7.146212936081828
7.148126996675224
7.150009137990122
7.151858910080626
7.151198414589295
7.152992442836487
7.154752413104792
7.15647788729431
7.158168451235053
7.157403021261346
7.15903026270119
7.160621391455692
7.162176316917368
7.163694826904569
7.16517634636845
7.164240862129073
7.165647714524178
7.167012126466482
7.1683352611437625
7.169617763475055
7.168490138405362
7.169694173592828
7.170860508693812
7.171990433800297
7.173085437245059
7.1741472247070845
7.172806115827949
7.173807280724002
7.17478152779061
7.175730999626216
7.176657808842174
7.177564004969903
7.176083062005334
7.176956155573717
7.177814640774556
7.179322318225317
7.177564004969903
7.179027295497454
7.180471510737034
7.179523490010935
7.179917803158727
7.1778260271205
7.180193696910753
7.177970421310157
7.177975849829905
7.17673750383438
7.177838455582175
7.175173269610841
7.172354977707655
7.173302129536859
7.171812875766697
7.168731019462752
7.16797676931528
7.1646448732694195
7.161181353262454
7.161939143084184
7.15831169531593
7.156451416712492
7.155264821439088
7.153329506746575
7.149370354354498
7.1480177331804375
7.143860721804473
7.14173941489981
7.1374116333982105
7.135829701536803
7.131307243060523
7.129002772631493
7.127266913077381
7.124889496449798
7.120043487769258
7.118128561131993
7.1156083787354385
7.110468155337982
7.1083292494277845
7.105646747090046
7.106111437490873
7.100572650125199
7.100977370774472
7.095203391804118
7.0955282847168695
7.092533586933879
7.089715252181321
7.089918854377705
7.086729506846393
7.086855237410992
7.086949620127672
7.083591361095828
7.0801150315428965
7.083546238632447
7.083453571276031
7.083308820791081
7.083107510893058
7.086598412563253
7.0863439779863215
7.086021713708336
7.085627459699567
7.089139701575728
7.088666932185784
7.088111634954714
7.095110901570504
7.0985995515910645
7.097918387284393
7.104818256410472
7.103993420195573
7.107387257116388
7.114092362176975
7.117397287840753
7.123896216628782
7.122744572621068
7.133321313123109
7.136364830463162
7.14228723769695
7.143631207563738
7.150717872429477
7.1560056687071825
7.161004406996826
7.163389635936327
7.172164591663811
7.17636088366047
7.1783300750500665
7.182002382316571
7.181077034206998
7.188243784217303
7.189567508488149
7.191924692859904
7.193890640162333
7.199603172395686
7.200241471715266
7.201222029538133
7.201809350789673
7.206019794784402
7.2060315232065575
7.2056634221663485
7.20533930743352
7.208425018243581
7.20715875679611
7.202365776530762
7.200571400012335
7.202515091093368
7.2013464825067866
7.194689994546939
7.1932896491829865
7.190281239504178
7.188677500753746
7.1852821279174695
7.179243989526378
7.1773883215862275
7.173516496657561
7.171505278940983
7.165062545240996
7.158481939677707
7.158593942492215
7.151858112418305
7.144998492162474
7.138020344428966
7.135655702650711
7.128526597249044
7.121292675785456
7.113959300457984
7.106531836418649
7.104017863142275
7.09647833649946
7.088858228710162
7.081162737703258
7.073396985806984
7.068169162566372
7.060287958152085
7.046985871252543
7.044356786138745
7.038950936634487
7.025393745144209
7.017235917831495
7.011699187540732
7.003476105225254
6.992284357214661
6.983984751177765
6.970007092158984
6.970007092158984
6.955975915024588
6.950296338832811
6.93622448398316
6.930544293683835
6.922143567057981
6.9080682447958655
6.902410778283139
6.894011122198095
6.882759835098817
6.8743750974708755
6.863229811657969
6.8604162021293185
6.846503901802727
6.840993555600401
6.827171862146688
6.821732878926684
6.813401575531671
6.805063598993409
6.796716819683208
6.7860054327262525
6.782998157615899
6.774636940591856
6.760948758805944
6.75566929819961
6.752560907621013
6.744151935281837
6.735720080653236
6.7220102885578035
6.7187816442953485
6.710272569836831
6.70173566144403
6.693170288627474
6.684576082372019
6.681213005436233
6.672557757258694
6.6691570573336385
6.660441763146226
6.657004729476634
6.648231344194984
6.635931119863512
6.632427078330597
6.628920867247867
6.620013215523822
6.612943331652119
6.603965546203179
6.605875005141723
6.593294267257296
6.5842357500444795
6.580663676049044
6.573534758468784
6.569979441638258
6.560844379676004
6.553726964201266
6.544569596110497
6.543125414788934
6.539614613430539
6.530419944944691
6.523425560139062
6.519951257915276
6.513052339949115
6.503862909100688
6.497038558092576
6.4936567467113955
6.490296176185205
6.477822440545791
6.474514978976707
6.467974367331569
6.464742643152338
6.455692670871225
6.449339351021987
6.440366534824962
6.443102344167573
6.431110933126117
6.428087508063387
6.419239734585366
6.4133278517390915
6.410421163091057
6.401691566480323
6.393015108317966
6.396048486984971
6.384700957048262
6.376167110873656
6.36768239464927
6.365057852211576
6.3624738409454205
6.3540957808636955
6.3457628645612765
6.337468677234258
6.332578289151699
6.324375533501403
6.316211286526159
6.308078254980603
6.305753058868344
6.299980698426155
6.291916743039948
6.283877672068063
6.281613788991438
6.273620356594989
6.259906887195571
6.251961100624081
6.249758965612619
6.241842929617872
6.233947990821331
6.222549880384015
6.214704030577412
6.2125529949099345
6.2125529949099345
6.206889141094606
6.201237064542954
6.195597633043042
6.18783482564714
6.1822212957489855
6.1766204174882535
6.17103153839165
6.165458775670037
6.159906918397961
6.152235992818856
6.14672053554006
6.141231644189551
6.135764295703581
6.1303237569070825
6.122798880327648
6.117413522126979
6.112057017267572
6.106731862779748
6.101429250461375
6.096159835697262
6.088835404568147
6.083628114016287
6.078457295646535
6.073318387685672
6.068218668557698
6.063160679933481
6.056095178506638
6.051122319768373
6.046196343119025
6.041312487379136
6.036477287770257
6.029702039159635
6.024966344457481
6.020282905424058
6.015646513479436
6.011063092308994
6.006533069290834
6.000140246952968
5.995721366132578
5.991357181951403
5.987042935774838
5.982783947512902
5.978580199353499
5.972606883731069
5.968518261677863
5.9644853296564415
5.960503561262445
5.9565786747636125
5.950969434051516
5.947163426086854
5.943415130521439
5.939721031656923
5.936085421033996
5.932508126900291
5.927340850345515
5.923885640990122
5.9204885304887
5.917146117443752
5.913861561405061
5.9106318380590235
5.9059074272125915
5.9027998264758486
5.8997461081714775
5.896748908363172
5.893807755099973
5.890920247052641
5.888088540952883
5.883852457374203
5.881135350929154
5.878472906652123
5.87586447504401
5.873307915499466
5.870804643313877
5.868352728251334
5.864573437944251
5.862229508897239
5.859935107076399
5.857691177553687
5.855497066462353
5.853351291020451
5.851254487965363
5.847885934388461
5.845885221534364
5.843931537082583
5.842024219283821
5.840162014120985
5.838345155681381
5.836572525716427
5.834844144948925
5.831871220745679
5.830225655142813
5.828622219283057
5.827060346224258
5.825539195752708
5.824058690369448
5.82261833037015
5.821217434317697
5.81985585449946
5.818533161760357
5.815940633128305
5.8146861442576325
5.813469049976184
5.812289252879338
5.811146508759257
5.810040538731307
5.808971316925633
5.807938749610187
5.806942748798558
5.805983404787619
5.805060791564731
5.804175014863077
5.803326305633248
5.801102765328382
5.8003166464642515
5.799568398041381
5.7988584481195735
5.798187309113951
5.797555532706056
5.796963721069627
5.796412536020268
5.795902684465979
5.795434921696901
5.795010045349387
5.794628896434389
5.794292358985668
5.79400134618411
5.793756808981327
5.793559728723799
5.793411114091204
5.7933119973058504
5.793263430953076
5.793266484530754
5.793322240459852
5.793431790590793
5.793596232524643
5.793816665559753
5.794094187120863
5.794429888754082
5.794824852462047
5.795280146989694
5.7957968239718225
5.796375914382475
5.7970184249991625
5.797725334829697
5.798497591807107
5.799336109553091
5.800241764185984
5.801215391371366
5.802257783486548
5.803369686888966
5.804551799420073
5.805804768021092
5.807129186558257
5.808525593813892
5.80999447165412
5.8115362433933475
5.813151272341629
5.8148398605489895
5.81660224773534
5.818438610410748
5.820349061201751
5.82233364835111
5.824392355407825
5.8281679211968385
5.830365637480814
5.832636632065856
5.834980646130903
5.837397356669101
5.839886377127364
5.842447258194018
5.845079488748194
5.847782496971198
5.850555651585449
5.853398263230428
5.856309585972304
5.859288818915167
5.863840003983897
5.866939109280411
5.870103135250754
5.873331079263589
5.876621891740833
5.879974478253167
5.883387701661947
5.886860384288934
5.890391310106273
5.893979226934701
5.89762284863526
5.902666474858675
5.906400869649651
5.910186582237322
5.914022199609685
5.917906284854142
5.921837379244866
5.925814004270786
5.92983466359914
5.933897844972302
5.93918514840749
5.943308420505835
5.947469124052094
5.951665688143674
5.955896535162259
5.960160082409563
5.964454743693135
5.968778930870889
5.9731310553638455
5.978490328440659
5.982868365323505
5.987269021038312
5.991690718172828
5.99613188798181
6.000590972013029
6.0050664237822025
6.009556710511108
6.014060314940973
6.019306462626102
6.023801790078113
6.028305469543917
6.0328160803311395
6.037332229598727
6.041852554797485
6.046375726233666
6.050900449755267
6.055894588678709
6.060384374185207
6.064871713165183
6.069355511371236
6.0738347265237564
6.078308371514358
6.082775517656487
6.087235297962585
6.091868490226777
6.0962748468997825
6.100671559977311
6.1050580798518865
6.109433935128581
6.113798735408738
6.118152173896911
6.1224940297970045
6.126824170463875
6.13099423224821
6.135265441769927
6.139525389614889
6.1437743527186965
6.1480127019528945
6.152240902069716
6.156459511198571
6.160669179875232
6.164870649587266
6.169064750824472
6.173252400626852
6.176921864403478
6.181070344822533
6.185216380986002
6.1893612372501465
6.193506243832847
6.197652791399322
6.201802325231573
6.205956339012965
6.21011636826592
6.214283983483534
6.218460783001392
6.222648385658221
6.226053578979301
6.230250491903649
6.234464248562685
6.238696493081448
6.242948850420947
6.247222918900147
6.251520262913216
6.2558424059013795
6.260190823636122
6.2645669378688
6.268972110397078
6.273407637596435
6.277874745459048
6.282374585177888
6.286908229308205
6.2914766685321615
6.296080809046398
6.300721470584839
6.3053993850826044
6.310115195979309
6.314869458153054
6.319662638468902
6.324495116918842
6.329367188323557
6.334279064559151
6.339230877266705
6.344222680996701
6.3492544567352125
6.354326115754498
6.359437503727719
6.364588405043779
6.3697785472571145
6.375007605606194
6.3802752075339555
6.385580937144836
6.390924339534261
6.396304924929581
6.401722172584729
6.407175534375058
6.412664438044682
6.418188290063615
6.423746478059273
6.429338372793453
6.4349633296639555
6.4406206897171225
6.4463097801666365
6.452029914421229
6.457780391632889
6.463560495784711
6.469704151246229
6.475511823814366
6.481346504774643
6.487207421347915
6.493093774432832
6.499004735779389
6.504939445039228
6.51089700675745
6.5168764873735325
6.522876912299716
6.528990022409777
6.5349975983378545
6.541022709011742
6.547064204738179
6.553120883520955
6.559191490052041
6.565274715199103
6.571369196028805
6.577379645924352
6.583459858840361
6.589546800579096
6.595638920589023
6.601734623999893
6.6078322752787795
6.613930202458834
6.619778652344468
6.625839339250085
6.631895093616735
6.637944170785336
6.643984818679681
6.649681695327145
6.655667961923237
6.6616406334899665
6.667598021142196
6.673538463872078
6.679046564419463
6.684916843130503
6.690765602745031
6.696591385433036
6.7023927930384275
6.707682277528421
6.7134009155505385
6.719091670750865
6.724753451756053
6.7303852461761045
6.735437740993849
6.740978586200557
6.74648726230953
6.751963101161183
6.7568338465372175
6.762215810831366
6.767563810507877
6.7728774955412865
6.7775709757908436
6.7827905564125075
6.787975572230235
6.793125922607252
6.797651260883158
6.802709207144009
6.807732825398138
6.812157410953907
6.817090772361202
6.821990346115125
6.826856226568317
6.8311332492536225
6.835911468465818
6.840656522050577
6.844848024845763
6.849506969864074
6.854133057407421
6.8587262843339625
6.862783661912787
6.867291428929127
6.871766204622512
6.875743160667985
6.880131771082834
6.884486846066981
6.888381267182016
6.892648323116671
6.896880893584172
6.901078639429781
6.904829600738118
6.908935452934113
6.913005107544172
6.916659090944153
6.920632881482755
6.92456887991954
6.928116340024795
6.9319519679978
6.935748110661988
6.939178278315486
6.942869300967187
6.946519174361796
6.949820621256305
6.953360667273557
6.956858049554544
6.960019202177218
6.963402344023226
6.966741559604316
6.969751122814478
6.972972180188599
6.976148378951458
6.978995646294827
6.982050404693389
6.9850597532884295
6.98773479743546
6.990620137057387
6.993459920600081
6.995953670921208
6.9986676103892185
7.001336251323509
7.0036404752517765
7.006182141017778
7.008679147436766
7.010786357502002
7.013155893229748
7.015481751549342
7.017385061211971
7.019583492283337
7.021739519388656
7.0234324690385534
7.025461536364297
7.027449705004082
7.028926075976333
7.030788051375148
7.032610800527436
7.033864430928771
7.035561924240013
7.037221964117147
7.03824657656437
7.039782342893494
7.041282462623721
7.042747773009777
7.0434482654232555
7.044791150347231
7.046100984911945
7.046557937034887
7.047746001840839
7.048902667399153
7.04910847093626
7.0501437142313215
7.051149052169356
7.051095506884302
7.051979391968277
7.052834668030382
7.053661965547939
7.053246323508467
7.05395214837503
7.054630979955049
7.0552833347758055
7.054492136999544
7.055022157099673
7.05552634042177
7.0544432904005445
7.054823429633578
7.055178110183144
7.0555076304429445
7.054020859243507
7.054224012500336
7.0544020365099405
7.054555105217474
7.052647802987604
7.052671436350767
7.0526698246552115
7.05264302609341
7.052591069180975
7.050137821207907
7.049952153393516
7.049740690321172
7.049503363915238
7.04659106852786
7.046215801149915
7.045813838421394
7.04538503895265
7.044929243721447
7.041425347511898
7.0408264620454455
7.040199618848827
7.039544625029039
7.038861281020883
7.038149383123893
7.0339117445682335
7.033051162386506
7.0321611397978305
7.031241503091046
7.030292089132044
7.0293127485672136
7.028303349102602
7.023184748091759
7.022022267216968
7.020829343500883
7.019605966826489
7.018352161130503
7.017067987734596
7.0157535486083455
7.014408989538454
7.0130345031777965
7.006774387002704
7.005247849114266
7.00369235505314
7.002108332383621
7.000496267880784
6.998856709273967
6.997190266686434
6.99549761374931
6.993779488369346
6.992036693132332
6.990270095326778
6.988480626575197
6.986669282063015
6.984837119358885
6.982985256823128
6.981114871605121
6.9792271972334445
6.977323520806769
6.975405179797645
6.973473558483809
6.971530084026775
6.969576222220083
6.967613472933279
6.965643365281136
6.963667452550317
6.961687306918359
6.95970451400288
6.957720667279801
6.955737362412569
6.953756191534018
6.951778737524879
6.949806568332362
6.947841231372569
6.945884248060294
6.943937108508424
6.942001266438185
6.940078134339629
6.946264865500072
6.944449203918513
6.9426495151176155
6.940866993869996
6.939102774904603
6.937357930274634
6.935633467175722
6.933930326228657
6.932249380237183
6.939439708193511
6.937877201348781
6.936338305977277
6.9348236141482795
6.933333651840626
6.931868880576135
6.9304296994953
6.938426036842497
6.937105047054669
6.935809648326406
6.934540018198301
6.933296289062194
6.941885034435699
6.940754983640041
6.939650133891259
6.9385704868214235
6.937516023745969
6.946665991819853
6.945718829282421
6.944795868183025
6.943897073348397
6.9430224178826005
6.952698574417837
6.951924642673092
6.951174063555911
6.9504469151883095
6.960543038562001
6.959911999816249
6.959304114932443
6.958719660571132
6.969214742398097
6.968723696267787
6.968256598003467
6.979066642558449
6.978692213034266
6.978343019916843
6.978019883386593
6.989204118356614
6.988976119250477
6.9887766403051526
7.000262995702251
7.000162516053712
7.000094006216995
7.011882424657137
7.011919013821991
7.011992050259372
7.024086459637324
7.0242729672250315
7.024501438587942
7.024774073946429
7.0372622661187485
7.037663313596332
7.050397116402864
7.050934960461048
7.051528824510102
7.064603234866594
7.06534856815128
7.066158355394005
7.079591458118084
7.080569121392587
7.081620508792034
7.0954328596437435
7.096670015392465
7.097990909606575
7.1122049527369064
7.113730724737697
7.128246805053811
7.129990351466287
7.131835446837092
7.146792068105451
7.1488753954485285
7.151071718523794
7.166493296823174
7.168948771633518
7.184711505463148
7.187439626179645
7.190300143667668
7.2065660542514545
7.2097201995767435
7.226349009106573
7.229809897295762
7.233422781796769
7.250588758109106
7.254528596808752
7.272074863261031
7.276353793904808
7.280803807755981
7.298914123369319
7.30372171793519
7.3222232232570805
7.327398859910285
7.3327632468225685
7.351845518164802
7.357593536839789
7.377069103677975
7.383208678281315
7.389552081888721
7.409611543294623
7.416357735845697
7.436801280465204
7.443954615863683
7.451322845481142
7.472336022459779
7.480116578249104
7.501490654327886
7.509683183129834
7.5314022806863825
7.540004214774435
7.54882646441984
7.5710558438600435
7.580281296326319
7.602808619276643
7.612428545878913
7.622263977566409
7.645230281269021
7.6554441854324775
7.67864259461303
7.689219423348128
7.699998341385396
7.723537032879728
7.734652422587384
7.7583385310554895
7.7697679332442116
7.781377146394
7.805278202074685
7.817164847032224
7.8292141211446555
7.853246827388472
7.865531455799252
7.889544671386927
7.902032706177391
7.91464857901129
7.9386340685376835
7.951403942966225
7.975249168830093
7.988137288188655
8.001113095555517
8.024759671341796
8.037800001961608
8.05090257876962
8.074249321629603
8.087361740491662
8.100510588769344
8.123457638447364
8.136562016917269
8.14967727759336
8.172128347764083
8.185146507501717
8.207128351962064
8.220015437026005
8.232873002199792
8.254209292288019
8.266888792304997
8.279516854358475
8.30013150618396
8.312539168141402
8.324875692681177
8.3371350576655
8.356782284220637
8.368773207033536
8.380670668382564
8.3994618992695
8.411061878623002
8.422554884559123
8.44045177625581
8.451624589950015
8.462679765260917
8.47965651930665
8.490375115881394
8.500968208307814
8.511433608717361
8.527257559526786
8.537373082082743
8.547356515356492
8.557206729387161
8.571875468938208
8.58137196657163
8.590733913207574
8.599961087650964
8.613493848145298
8.622371613082256
8.631115837315162
8.639727038218732
8.652161279878753
8.660434009471816
8.668576972854446
8.676591254680176
8.687978928952965
8.695670764142495
8.703238683705157
8.710684183315815
8.71800883910037
8.728230742838742
8.735256871305001
8.742168176597987
8.748966487719795
8.755653680741192
8.764811171567445
8.771227122515862
8.77753870311396
8.783747930911327
8.789856848461874
8.798057983196545
8.803924667615474
8.809698157959676
8.815380567039336
8.820974019009785
8.826480647284939
8.831902592609126
8.83900885391417
8.844228404974533
8.849370543683051
8.854437418431932
8.859431175539575
8.864353957405639
8.869207900601163
8.873995133871661
8.880101353382969
8.884730330528763
8.889299619952006
8.893811280520875
8.898267349273407
8.90266983843404
8.907020732278763
8.911321983852758
8.915575511547743
8.919783195549442
8.92394687416865
8.929072289200727
8.933129978991282
8.937149243116082
8.941131670419187
8.945078785605997
8.948992045343083
8.952872834425525
8.95672246204141
8.960542158163168
8.964333070095584
8.968096259210146
8.971832697894996
8.975543266749286
8.979228752048272
8.982889843506552
8.986527132362417
8.990141109806864
8.993732165777095
8.997300588132587
9.000846562230015
9.004370170908844
9.007871394899444
9.011350113659752
9.014806106645718
9.018239055017025
9.021648543776871
9.025034064341032
9.028395017529274
9.031730716969243
9.03504039289954
9.038323196356714
9.041578203728308
9.044804421651008
9.04800079223214
9.051166198568788
9.054299470538844
9.057399390835196
9.06046470121372
9.063494108923784
9.066486293288996
9.069439912406539
9.072618082611207
9.075542960976724
9.078426349036462
9.08126683509329
9.084063014124919
9.086813494688567
9.089516905740895
9.092171903339244
9.094777177189986
9.097331457010991
9.099833518676371
9.102282190111683
9.10561859141499
9.108019792113108
9.110364613896355
9.112652038785722
9.114881123968942
9.117051006128632
9.119160905349498
9.121210128584243
9.123198072658742
9.126622084532702
9.128546859808996
9.130408261313981
9.132205961669321
9.13393973393524
9.135609452046651
9.1372150907094
9.138756724757627
9.142192114936591
9.143658165787151
9.145059417590248
9.146396259207524
9.14766917441722
9.14887873845848
9.15227518492011
9.153401663567738
9.154465064108999
9.155466252532536
9.156406169068605
9.157285822280429
9.158106282813028
9.161376573262618
9.162109579329826
9.162784844938168
9.16340363614626
9.163967252706088
9.16711321850955
9.167587868648377
9.16800941867345
9.168379273457939
9.168698840712787
9.168969524365236
9.171917215899642
9.172100617965354
9.172237625251048
9.172329641521172
9.172378047085791
9.175137695134437
9.175101636068952
9.175024461879845
9.17490717354053
9.174750506309474
9.177302031157142
9.17706063166276
9.176781581523555
9.176466828742399
9.176118370029696
9.178453913084416
9.178031573516165
9.177578456168856
9.177095470659358
9.176583729593885
9.178717722605091
9.178140304285316
9.177538585207945
9.17691431894836
9.176269292399798
9.17823329897968
9.177541237199591
9.176834118528767
9.176113585241994
9.177985695787608
9.177233617958157
9.176472647355919
9.185122597436644
9.193990449917974
9.203078503603443
9.212366212500221
9.221809782309451
9.231342298711601
9.240874404245815
9.250295543994692
9.259475802356848
9.268268350436934
9.276512512978496
9.284037443669979
9.29066636856917
9.294623191261387
9.29622132214731
9.299320438573886
9.300528263831076
9.302653168307303
9.303422430623954
9.304466349630058
9.304753758700151
9.304623389110056
9.30439219723701
9.303011266865786
9.302232741829426
9.299545279905692
9.298200030134542
9.294173249891287
9.292252363932919
9.286879074820103
9.284385043399489
9.27768552246429
9.2746329155834
9.266656173941415
9.263072046949699
9.253896428171258
9.249820430218852
9.23955347600947
9.235037633709206
9.223815154084724
9.218923305345287
9.206907602442564
9.201714463277542
9.18909168630462
9.183681549321262
9.17065820675505
9.165123294895231
9.15192201859277
9.14636055044578
9.133215289559566
9.127729349901024
9.114880260214802
9.109573606128565
9.09726197876911
9.092237941323344
9.080701568213563
9.076061225519
9.065530612792926
9.061371406638365
9.052067210504436
9.04848215194415
9.040614118992076
9.037691677438614
9.031459225364618
9.029283923456116
9.024878308800046
9.023531957478061
9.021139761820493
9.020703175537724
9.020510624209196
9.021065565978125
9.023263000790415
9.024894032866143
9.029679720443918
9.032475590425639
9.040057985510966
9.044112169364311
9.054709787117954
9.060119846648993
9.073958039501116
9.080823534275359
9.098127715704061
9.106546535048306
9.127531730090576
9.137594870633494
9.162451873062967
9.17423686678057
9.203115706219188
9.21667908426686
9.24967090541264
9.26504024271701
9.302159022799971
9.3193252259917
9.360490958449223
9.379401516679259
9.42442653217887
9.444980433914795
9.471955347425068
9.493560394237337
9.515605318738046
9.544357501916457
9.56731610590397
9.590648330883946
9.620875275476743
9.644949587621612
9.669316829634425
9.700654968350886
9.725562333860152
9.750669478669234
9.782703384521705
9.808123916822147
9.833641332744506
9.865916069646564
9.89150244623646
9.917076335346268
9.94911212136612
9.974500921894498
9.999764980873007
10.031073121886193
10.055896898102965
10.080484454702784
10.110583413997151
10.13448263757901
10.158038412620892
10.18646891173591
10.20910299387219
10.23129371324901
10.257631905579652
10.278688614134365
10.299211849554146
10.323079850605815
10.342282648449842
10.360873478623843
10.381946842911743
10.399059908435165
10.415495236178812
10.433507301122072
10.448338238628997
10.462438843093926
10.477182173896143
10.489582647376702
10.501213265040809
10.512538694712935
10.522403397471573
10.53147128661899
10.539285224168616
10.54654971058284
10.553002246113545
10.557263007786144
10.561900953166203
10.565722815775466
10.566436716691525
10.5684571378336
10.56966760778699
10.566885444526399
10.566330317106184
10.564981070344157
10.558795449264915
10.555738015568528
10.551911667147456
10.542455415358841
10.536999307985088
10.530808776573775
10.518254442076675
10.510533578281406
10.502122177422894
10.486682410057886
10.476861457549571
10.466403474012925
10.448331903389468
10.436606998305027
10.424308410039037
10.403900516670697
10.390499837669026
10.376598760581325
10.354192176940257
10.339375947487914
10.32414238282104
10.300116066506353
10.28417558448023
10.267910094018417
10.242681941973794
10.242681941973794
10.233641568513969
10.240574821511734
10.230592072188527
10.235988748331632
10.224789616506564
10.228260189934518
10.215557150543054
10.216729611329761
10.216335278379232
10.21427383552476
10.197577182289676
10.192606457987695
10.185813856400873
10.177179808100988
10.16670198004378
10.154397571590314
10.140316703440734
10.12453301830715
10.107124293160428
10.088158864371213
10.0676954441294
10.045790254205361
10.027787699521836
10.002602247093568
9.97617038184772
9.951657420094017
9.9224061890891
9.893673378175418
9.862485616649112
9.828979858410102
9.794707915944931
9.757933633183963
9.719261102251972
9.674799455803827
9.632020315011658
9.587881104236725
9.54255017137467
9.488835980362834
9.441054144249012
9.383806571687867
9.33446044686375
9.274870568806067
9.2248012637091
9.16400464991214
9.113978867549037
9.064282925850641
9.003710502568413
8.95497387095327
8.90689218388605
8.859540943993965
8.824052219473431
8.778203097076535
8.743901933395898
8.710087690872102
8.676762091282058
8.643925830198429
8.621227157354884
8.598495503568701
8.57573618424878
8.56173256604101
8.53866150815996
8.523752730753056
8.515956882426279
8.506675452902648
8.495826207343116
8.483336234965217
8.469142495813585
8.45789574984095
8.443273667079962
8.425150030764462
8.405100583525268
8.378827306615932
8.348473435241958
8.312643970813493
8.271796208759817
8.226598238591157
8.177929831411268
8.126875337075623
8.074707073359448
8.022858713980106
7.972886990364678
7.929598034276468
7.886943753513406
7.850704363404564
7.821196903413662
7.796855656417765
7.777864824132124
7.763978742973188
7.747887525384702
7.740833239295038
7.728541468702038
7.628152740399027
7.600520175270875
7.573157653729964
7.5460868738587825
7.519287130981408
7.492755450332617
7.466512278816575
7.440534391445483
7.4148424532847965
7.38941021839059
7.3642332518047855
7.339331977676014
7.314679396646282
7.290272590116175
7.266132974940477
7.242234252322118
7.218575655181095
7.195178274401338
7.172015176062689
7.149085665358472
7.12640702391366
7.103956558770373
7.081748038638731
7.059751550829449
7.054959724583958
7.033441097057818
7.006223268815746
6.97937383004106
6.958421165628797
6.937645350891935
6.911524959339549
6.891137641009941
6.8709319478026805
6.850926299865806
size_x: 0.2, size_y: 0.2
width: 1635, height: 2090
