(20, 409)
(21, 408)
(22, 407)
(22, 407)
(23, 406)
(24, 405)
(25, 405)
(26, 404)
(26, 404)
(27, 403)
(28, 402)
(29, 402)
(29, 401)
(30, 400)
(31, 400)
(32, 399)
(32, 398)
(33, 398)
(34, 397)
(35, 396)
(35, 396)
(36, 395)
(37, 395)
(38, 394)
(39, 393)
(39, 393)
(40, 392)
(41, 391)
(42, 391)
(42, 390)
(43, 389)
(44, 389)
(45, 388)
(45, 387)
(46, 387)
(47, 386)
(48, 386)
(48, 385)
(49, 384)
(50, 384)
(51, 383)
(52, 382)
(52, 382)
(53, 381)
(54, 380)
(55, 380)
(55, 379)
(56, 378)
(57, 378)
(58, 377)
(58, 377)
(59, 376)
(60, 375)
(61, 375)
(62, 374)
(62, 373)
(63, 373)
(64, 372)
(65, 371)
(65, 371)
(66, 370)
(67, 369)
(68, 369)
(68, 368)
(69, 368)
(70, 367)
(71, 366)
(71, 366)
(72, 365)
(73, 364)
(74, 364)
(75, 363)
(75, 362)
(76, 362)
(77, 361)
(78, 360)
(78, 360)
(79, 359)
(80, 359)
(81, 358)
(81, 357)
(82, 357)
(83, 356)
(84, 355)
(84, 355)
(85, 354)
(86, 353)
(87, 353)
(88, 352)
(88, 351)
(89, 351)
(90, 350)
(91, 350)
(91, 349)
(92, 348)
(93, 348)
(94, 347)
(94, 346)
(95, 346)
(96, 345)
(97, 344)
(98, 344)
(98, 343)
(99, 342)
(100, 342)
(101, 341)
(101, 341)
(102, 340)
(103, 339)
(104, 339)
(104, 338)
(105, 337)
(106, 337)
(107, 336)
(107, 335)
(108, 335)
(109, 334)
(110, 333)
(111, 333)
(111, 332)
(112, 332)
(113, 331)
(114, 330)
(114, 330)
(115, 329)
(116, 328)
(117, 328)
(117, 327)
(118, 326)
(119, 326)
(120, 325)
(120, 324)
(121, 324)
(122, 323)
(123, 323)
(124, 322)
(124, 321)
(125, 321)
(126, 320)
(127, 319)
(127, 319)
(128, 318)
(129, 317)
(130, 317)
(130, 316)
(131, 315)
(132, 315)
(133, 314)
(134, 314)
(134, 313)
(135, 312)
(136, 312)
(137, 311)
(137, 310)
(138, 310)
(139, 309)
(140, 308)
(140, 308)
(141, 307)
(143, 306)
(146, 305)
(149, 304)
(150, 304)
(152, 303)
(153, 303)
(155, 302)
(156, 302)
(158, 301)
(159, 301)
(161, 300)
(162, 300)
(164, 299)
(165, 299)
(167, 298)
(168, 298)
(170, 297)
(171, 297)
(173, 296)
(174, 296)
(176, 295)
(177, 295)
(179, 294)
(180, 294)
(182, 293)
(183, 293)
(185, 292)
(186, 292)
(188, 291)
(189, 291)
(191, 290)
(192, 290)
(194, 289)
(195, 289)
(197, 288)
(198, 288)
(200, 287)
(201, 287)
(203, 286)
(204, 286)
(206, 285)
(207, 285)
(209, 284)
(210, 284)
(212, 283)
(213, 283)
(215, 282)
(216, 282)
(218, 281)
(219, 281)
(221, 280)
(222, 280)
(224, 279)
(225, 279)
(226, 279)
(227, 278)
(228, 278)
(229, 278)
(230, 277)
(231, 277)
(232, 277)
(233, 276)
(234, 276)
(235, 276)
(237, 275)
(238, 275)
(240, 274)
(241, 274)
(243, 273)
(244, 273)
(246, 272)
(247, 272)
(249, 271)
(250, 271)
(252, 270)
(253, 270)
(255, 269)
(256, 269)
(258, 268)
(259, 268)
(261, 267)
(262, 267)
(264, 266)
(265, 266)
(267, 265)
(268, 265)
(270, 264)
(271, 264)
(273, 263)
(274, 263)
(276, 262)
(277, 262)
(279, 261)
(280, 261)
(282, 260)
(283, 260)
(285, 259)
(286, 259)
(288, 258)
(289, 258)
(291, 257)
(292, 257)
(294, 256)
(295, 256)
(297, 255)
(298, 255)
(300, 254)
(301, 254)
(302, 254)
(303, 253)
(304, 253)
(305, 253)
(306, 252)
(307, 252)
(308, 252)
(309, 251)
(310, 251)
(311, 251)
(312, 250)
(313, 250)
(314, 250)
(315, 249)
(316, 249)
(317, 249)
(318, 248)
(319, 248)
(320, 248)
(321, 247)
(321, 247)
(322, 247)
(324, 246)
(325, 246)
(327, 245)
(328, 245)
(330, 244)
(331, 244)
(334, 243)
(337, 242)
(340, 241)
(343, 240)
(346, 239)
(349, 238)
(352, 237)
(355, 236)
(358, 235)
(361, 234)
(364, 233)
(367, 232)
(370, 231)
(373, 230)
(376, 229)
(379, 228)
(380, 228)
(382, 227)
(383, 227)
(385, 226)
(386, 226)
(388, 225)
(389, 225)
(391, 224)
(392, 224)
(394, 223)
(395, 223)
(397, 222)
(398, 222)
(400, 221)
(401, 221)
(403, 220)
(404, 220)
(406, 219)
(407, 219)
(409, 218)
(410, 218)
(412, 217)
(413, 217)
(415, 216)
(416, 216)
(418, 215)
(419, 215)
(421, 214)
(422, 214)
(424, 213)
(425, 213)
(427, 212)
(428, 212)
(431, 211)
(434, 210)
(437, 209)
(440, 208)
(443, 207)
(446, 206)
(449, 205)
(452, 204)
(455, 203)
(456, 203)
(458, 202)
(459, 202)
(461, 201)
(462, 201)
(464, 200)
(465, 200)
(467, 199)
(468, 199)
(470, 198)
(471, 198)
(473, 197)
(474, 197)
(476, 196)
(477, 196)
(479, 195)
(480, 195)
(482, 194)
(483, 194)
(485, 193)
(486, 193)
(488, 192)
(489, 192)
(491, 191)
(492, 191)
(494, 190)
(495, 190)
(497, 189)
(498, 189)
(500, 188)
(501, 188)
(503, 187)
(504, 187)
(506, 186)
(507, 186)
(509, 185)
(510, 185)
(512, 184)
(513, 184)
(515, 183)
(516, 183)
(518, 182)
(519, 182)
(521, 181)
(522, 181)
(525, 180)
(528, 179)
(531, 178)
(532, 178)
(534, 177)
(535, 177)
(537, 176)
(538, 176)
(540, 175)
(541, 175)
(543, 174)
(544, 174)
(546, 173)
(547, 173)
(549, 172)
(550, 172)
(552, 171)
(553, 171)
(555, 170)
(556, 170)
(558, 169)
(559, 169)
(561, 168)
(562, 168)
(564, 167)
(565, 167)
(567, 166)
(568, 166)
(570, 165)
(571, 165)
(573, 164)
(574, 164)
(576, 163)
(577, 163)
(579, 162)
(580, 162)
(582, 161)
(583, 161)
(585, 160)
(586, 160)
(588, 159)
(589, 159)
(591, 158)
(592, 158)
(594, 157)
(595, 157)
(597, 156)
(598, 156)
(600, 155)
(601, 155)
(603, 154)
(604, 154)
(606, 153)
(607, 153)
(608, 153)
(609, 152)
(610, 152)
(611, 152)
(612, 151)
(613, 151)
(614, 151)
(615, 150)
(616, 150)
(617, 150)
(618, 149)
(619, 149)
(620, 149)
(622, 148)
(623, 148)
(625, 147)
(626, 147)
(628, 146)
(629, 146)
(631, 145)
(632, 145)
(634, 144)
(635, 144)
(637, 143)
(638, 143)
(640, 142)
(641, 142)
(643, 141)
(644, 141)
(646, 140)
(647, 140)
(649, 139)
(650, 139)
(652, 138)
(653, 138)
(655, 137)
(656, 137)
(658, 136)
(659, 136)
(661, 135)
(662, 135)
(664, 134)
(665, 134)
(667, 133)
(668, 133)
(670, 132)
(671, 132)
(673, 131)
(674, 131)
(676, 130)
(677, 130)
(679, 129)
(680, 129)
(682, 128)
(683, 128)
(684, 128)
(685, 127)
(686, 127)
(687, 127)
(688, 126)
(689, 126)
(690, 126)
(691, 125)
(692, 125)
(693, 125)
(694, 124)
(695, 124)
(696, 124)
(697, 123)
(698, 123)
(699, 123)
(700, 122)
(701, 122)
(702, 122)
(703, 121)
(704, 121)
(705, 121)
(706, 120)
(707, 120)
(708, 120)
(709, 119)
(710, 119)
(711, 119)
(712, 118)
(713, 118)
(714, 118)
(716, 117)
(717, 117)
(719, 116)
(720, 116)
(722, 115)
(723, 115)
(725, 114)
(726, 114)
(728, 113)
(729, 113)
(731, 112)
(732, 112)
(734, 111)
(735, 111)
(737, 110)
(738, 110)
(740, 109)
(741, 109)
(743, 108)
(744, 108)
(746, 107)
(747, 107)
(749, 106)
(750, 106)
(752, 105)
(753, 105)
(755, 104)
(756, 104)
(758, 103)
(759, 103)
(760, 103)
(761, 102)
(762, 102)
(763, 102)
(764, 101)
(765, 101)
(766, 101)
(767, 100)
(768, 100)
(769, 100)
(770, 99)
(771, 99)
(772, 99)
(773, 98)
(774, 98)
(775, 98)
(776, 97)
(777, 97)
(778, 97)
(779, 96)
(780, 96)
(781, 96)
(782, 95)
(783, 95)
(783, 95)
(782, 96)
(781, 96)
(781, 97)
(780, 98)
(779, 98)
(778, 99)
(778, 99)
(777, 100)
(776, 101)
(775, 101)
(775, 102)
(774, 103)
(773, 103)
(772, 104)
(771, 105)
(771, 105)
(770, 106)
(769, 107)
(768, 107)
(768, 108)
(767, 108)
(766, 109)
(765, 110)
(765, 110)
(764, 111)
(763, 112)
(762, 112)
(762, 113)
(761, 114)
(760, 114)
(759, 115)
(758, 116)
(758, 116)
(757, 117)
(756, 117)
(755, 118)
(755, 119)
(754, 119)
(753, 120)
(752, 121)
(752, 121)
(751, 122)
(750, 123)
(749, 123)
(748, 124)
(748, 125)
(747, 125)
(746, 126)
(745, 126)
(745, 127)
(744, 128)
(743, 128)
(742, 129)
(742, 130)
(741, 130)
(740, 131)
(739, 132)
(739, 132)
(738, 133)
(737, 134)
(736, 134)
(735, 135)
(735, 135)
(734, 136)
(733, 137)
(732, 137)
(732, 138)
(731, 139)
(730, 139)
(729, 140)
(729, 141)
(728, 141)
(727, 142)
(726, 143)
(725, 143)
(725, 144)
(724, 144)
(723, 145)
(722, 146)
(722, 146)
(721, 147)
(720, 148)
(719, 148)
(719, 149)
(718, 150)
(717, 150)
(716, 151)
(716, 151)
(715, 152)
(714, 153)
(713, 153)
(712, 154)
(712, 155)
(711, 155)
(710, 156)
(709, 157)
(709, 157)
(708, 158)
(707, 159)
(706, 159)
(706, 160)
(705, 160)
(704, 161)
(703, 162)
(703, 162)
(702, 163)
(701, 164)
(700, 164)
(699, 165)
(699, 166)
(698, 166)
(697, 167)
(696, 168)
(696, 168)
(695, 169)
(694, 169)
(693, 170)
(693, 171)
(692, 171)
(691, 172)
(690, 173)
(689, 173)
(689, 174)
(688, 175)
(687, 175)
(686, 176)
(686, 177)
(685, 177)
(684, 178)
(683, 178)
(683, 179)
(682, 180)
(681, 180)
(680, 181)
(680, 182)
(679, 182)
(678, 183)
(677, 184)
(676, 184)
(676, 185)
(675, 186)
(674, 186)
(673, 187)
(673, 187)
(672, 188)
(671, 189)
(670, 189)
(670, 190)
(669, 191)
(668, 191)
(667, 192)
(667, 193)
(666, 193)
(665, 194)
(664, 195)
(663, 195)
(663, 196)
(662, 196)
(661, 197)
(660, 198)
(660, 198)
(659, 199)
(658, 200)
(657, 200)
(657, 201)
(656, 202)
(655, 202)
(654, 203)
(653, 204)
(653, 204)
(652, 205)
(651, 205)
(650, 206)
(650, 207)
(649, 207)
(648, 208)
(647, 209)
(647, 209)
(646, 210)
(645, 211)
(644, 211)
(644, 212)
(643, 213)
(642, 213)
(641, 214)
(640, 214)
(640, 215)
(639, 216)
(638, 216)
(637, 217)
(637, 218)
(636, 218)
(635, 219)
(634, 220)
(634, 220)
(633, 221)
(632, 222)
(631, 222)
(631, 223)
(630, 223)
(629, 224)
(628, 225)
(627, 225)
(627, 226)
(626, 227)
(625, 227)
(624, 228)
(624, 229)
(623, 229)
(622, 230)
(621, 231)
(621, 231)
(620, 232)
(619, 232)
(618, 233)
(617, 234)
(617, 234)
(616, 235)
(615, 236)
(614, 236)
(614, 237)
(613, 238)
(612, 238)
(611, 239)
(611, 240)
(610, 240)
(609, 241)
(608, 241)
(608, 242)
(607, 243)
(606, 243)
(605, 244)
(604, 245)
(604, 245)
(603, 246)
(602, 247)
(601, 247)
(601, 248)
(600, 249)
(599, 249)
(598, 250)
(598, 250)
(597, 251)
(596, 252)
(595, 252)
(595, 253)
(594, 254)
(593, 254)
(592, 255)
(591, 256)
(591, 256)
(590, 257)
(589, 258)
(588, 258)
(588, 259)
(587, 259)
(586, 260)
(585, 261)
(585, 261)
(584, 262)
(583, 263)
(582, 263)
(581, 264)
(581, 265)
(580, 265)
(579, 266)
(578, 267)
(578, 267)
(577, 268)
(576, 268)
(575, 269)
(575, 270)
(574, 270)
(573, 271)
(572, 272)
(572, 272)
(571, 273)
(570, 274)
(569, 274)
(568, 275)
(568, 276)
(567, 276)
(566, 277)
(565, 277)
(565, 278)
(564, 279)
(563, 279)
(562, 280)
(562, 281)
(561, 281)
(560, 282)
(559, 283)
(559, 283)
(558, 284)
(557, 285)
(556, 285)
(555, 286)
(555, 286)
(554, 287)
(553, 288)
(552, 288)
(552, 289)
(551, 290)
(550, 290)
(549, 291)
(549, 292)
(548, 292)
(547, 293)
(546, 294)
(545, 294)
(545, 295)
(544, 295)
(543, 296)
(542, 297)
(542, 297)
(541, 298)
(540, 299)
(539, 299)
(539, 300)
(538, 301)
(537, 301)
(536, 302)
(536, 303)
(535, 303)
(534, 304)
(533, 304)
(532, 305)
(532, 306)
(531, 306)
(530, 307)
(529, 308)
(529, 308)
(528, 309)
(527, 310)
(526, 310)
(526, 311)
(525, 312)
(524, 312)
(523, 313)
(522, 313)
(522, 314)
(521, 315)
(520, 315)
(519, 316)
(519, 317)
(518, 317)
(517, 318)
(516, 319)
(516, 319)
(515, 320)
(514, 321)
(513, 321)
(513, 322)
(512, 322)
(511, 323)
(510, 324)
(509, 324)
(509, 325)
(508, 326)
(507, 326)
(506, 327)
(506, 328)
(505, 328)
(504, 329)
(503, 330)
(503, 330)
(502, 331)
(501, 331)
(500, 332)
(500, 333)
(499, 333)
(498, 334)
(497, 335)
(496, 335)
(496, 336)
(495, 337)
(494, 337)
(493, 338)
(493, 339)
(492, 339)
(491, 340)
(490, 340)
(490, 341)
(489, 342)
(488, 342)
(487, 343)
(486, 344)
(486, 344)
(485, 345)
(484, 346)
(483, 346)
(483, 347)
(482, 348)
(481, 348)
(480, 349)
(480, 349)
(479, 350)
(478, 351)
(477, 351)
(477, 352)
(476, 353)
(475, 353)
(474, 354)
(473, 355)
(473, 355)
(472, 356)
(471, 357)
(470, 357)
(470, 358)
(469, 358)
(468, 359)
(467, 360)
(467, 360)
(466, 361)
(465, 362)
(464, 362)
(464, 363)
(463, 364)
(462, 364)
(461, 365)
(460, 366)
(460, 366)
(459, 367)
(458, 367)
(457, 368)
(457, 369)
(456, 369)
(455, 370)
(454, 371)
(454, 371)
(453, 372)
(452, 373)
(451, 373)
(450, 374)
(450, 375)
(449, 375)
(448, 376)
(447, 376)
(447, 377)
(446, 378)
(445, 378)
(444, 379)
(444, 380)
(443, 380)
(442, 381)
(441, 382)
(441, 382)
(440, 383)
(439, 384)
(438, 384)
(437, 385)
(437, 385)
(436, 386)
(435, 387)
(434, 387)
(434, 388)
(433, 389)
(432, 389)
(431, 390)
(431, 391)
(430, 391)
(429, 392)
(428, 393)
(428, 393)
(427, 394)
(426, 394)
(425, 395)
(424, 396)
(424, 396)
(423, 397)
(422, 398)
(421, 398)
(421, 399)
(420, 400)
(419, 400)
(418, 401)
(418, 402)
(417, 402)
(416, 403)
(415, 403)
(414, 404)
(414, 405)
(413, 405)
(412, 406)
(411, 407)
(411, 407)
(410, 408)
(409, 409)
(408, 409)
(408, 410)
(407, 411)
(406, 411)
(405, 412)
(405, 412)
(404, 413)
(403, 414)
(402, 414)
(401, 415)
(401, 416)
(400, 416)
(399, 417)
(398, 418)
(398, 418)
(397, 419)
(396, 420)
(395, 420)
(395, 421)
(394, 421)
(393, 422)
(392, 423)
(392, 423)
(391, 424)
(390, 425)
(389, 425)
(388, 426)
(388, 427)
(387, 427)
(386, 428)
(385, 429)
(385, 429)
(384, 430)
(383, 430)
(382, 431)
(382, 432)
(381, 432)
(380, 433)
(379, 434)
(378, 434)
(378, 435)
(377, 436)
(376, 436)
(375, 437)
(375, 438)
(374, 438)
(373, 439)
(372, 439)
(372, 440)
(371, 441)
(370, 441)
(369, 442)
(369, 443)
(368, 443)
(367, 444)
(366, 445)
(365, 445)
(365, 446)
(364, 447)
(363, 447)
(362, 448)
(362, 448)
(361, 449)
(360, 450)
(359, 450)
(359, 451)
(358, 452)
(357, 452)
(356, 453)
(355, 454)
(355, 454)
(354, 455)
(353, 456)
(352, 456)
(352, 457)
(351, 457)
(350, 458)
(349, 459)
(349, 459)
(348, 460)
(347, 461)
(346, 461)
(346, 462)
(345, 463)
(344, 463)
(343, 464)
(342, 465)
(342, 465)
(341, 466)
(340, 466)
(339, 467)
(339, 468)
(338, 468)
(337, 469)
(336, 470)
(336, 470)
(335, 471)
(334, 472)
(333, 472)
(333, 473)
(332, 474)
(331, 474)
(330, 475)
(329, 475)
(329, 476)
(328, 477)
(327, 477)
(326, 478)
(326, 479)
(325, 479)
(324, 480)
(323, 481)
(323, 481)
(322, 482)
(321, 483)
(320, 483)
(319, 484)
(319, 484)
(318, 485)
(317, 486)
(316, 486)
(316, 487)
(315, 488)
(314, 488)
(313, 489)
(313, 490)
(312, 490)
(311, 491)
(310, 492)
(310, 492)
(309, 493)
(308, 493)
(307, 494)
(306, 495)
(306, 495)
(305, 496)
(304, 497)
(303, 497)
(303, 498)
(302, 499)
(301, 499)
(300, 500)
(300, 501)
(299, 501)
(298, 502)
(297, 502)
(297, 503)
(296, 504)
(295, 504)
(294, 505)
(293, 506)
(293, 506)
(292, 507)
(291, 508)
(290, 508)
(290, 509)
(289, 510)
(288, 510)
(287, 511)
(287, 511)
(286, 512)
(285, 513)
(284, 513)
(283, 514)
(283, 515)
(282, 515)
(281, 516)
(280, 517)
(280, 517)
(279, 518)
(278, 519)
(277, 519)
(277, 520)
(276, 520)
(275, 521)
(274, 522)
(274, 522)
(273, 523)
(272, 524)
(271, 524)
(270, 525)
(270, 526)
(269, 526)
(268, 527)
(267, 528)
(267, 528)
(266, 529)
(265, 529)
(264, 530)
(264, 531)
(263, 531)
(262, 532)
(261, 533)
(261, 533)
(260, 534)
(259, 535)
(258, 535)
(257, 536)
(257, 537)
(256, 537)
(255, 538)
(254, 538)
(254, 539)
(253, 540)
(252, 540)
(251, 541)
(251, 542)
(250, 542)
(249, 543)
(248, 544)
(247, 544)
(247, 545)
(246, 546)
(245, 546)
(244, 547)
(244, 547)
(243, 548)
(242, 549)
(241, 549)
(241, 550)
(240, 551)
(239, 551)
(238, 552)
(238, 553)
(237, 553)
(236, 554)
(235, 555)
(234, 555)
(234, 556)
(233, 556)
(232, 557)
(231, 558)
(231, 558)
(230, 559)
(229, 560)
(228, 560)
(228, 561)
(227, 562)
(226, 562)
(225, 563)
(225, 564)
(224, 564)
(223, 565)
(222, 565)
(221, 566)
(221, 567)
(220, 567)
(219, 568)
(218, 569)
(218, 569)
(217, 570)
(216, 571)
(215, 571)
(215, 572)
(214, 573)
(213, 573)
(212, 574)
(211, 574)
(211, 575)
(210, 576)
(209, 576)
(208, 577)
(208, 578)
(207, 578)
(206, 579)
(205, 580)
(205, 580)
(204, 581)
(203, 582)
(202, 582)
(202, 583)
(201, 583)
(200, 584)
(199, 585)
(198, 585)
(198, 586)
(197, 587)
(196, 587)
(195, 588)
(195, 589)
(194, 589)
(193, 590)
(192, 591)
(192, 591)
(191, 592)
(190, 592)
(189, 593)
(189, 594)
(188, 594)
(187, 595)
(186, 596)
(185, 596)
(185, 597)
(184, 598)
(183, 598)
(182, 599)
(182, 600)
(181, 600)
(180, 601)
(179, 601)
(179, 602)
(178, 603)
(177, 603)
(176, 604)
(175, 605)
(175, 605)
(174, 606)
(173, 607)
(172, 607)
(172, 608)
(171, 609)
(170, 609)
(169, 610)
(169, 610)
(168, 611)
(167, 612)
(166, 612)
(166, 613)
(165, 614)
(164, 614)
(163, 615)
(162, 616)
(162, 616)
(161, 617)
(160, 618)
(159, 618)
(159, 619)
(158, 619)
(157, 620)
(156, 621)
(156, 621)
(155, 622)
(154, 623)
(153, 623)
(152, 624)
(152, 625)
(151, 625)
(150, 626)
(149, 627)
(149, 627)
(148, 628)
(147, 628)
(146, 629)
(146, 630)
(145, 630)
(144, 631)
(143, 632)
(143, 632)
(142, 633)
(141, 634)
(140, 634)
(139, 635)
(139, 636)
(138, 636)
(137, 637)
(136, 637)
(136, 638)
(135, 639)
(134, 639)
(133, 640)
(133, 641)
(132, 641)
(131, 642)
(130, 643)
(130, 643)
(129, 644)
(128, 645)
(127, 645)
(126, 646)
(126, 646)
(125, 647)
(124, 648)
(123, 648)
(123, 649)
(122, 650)
(121, 650)
(120, 651)
(120, 652)
(119, 652)
(118, 653)
(117, 654)
(116, 654)
(116, 655)
(115, 655)
(114, 656)
(113, 657)
(113, 657)
(112, 658)
(111, 659)
(110, 659)
(110, 660)
(109, 661)
(108, 661)
(107, 662)
(107, 663)
(106, 663)
(105, 664)
(106, 666)
(106, 667)
(107, 669)
(107, 670)
(108, 672)
(108, 673)
(109, 675)
(109, 676)
(110, 678)
(110, 679)
(111, 681)
(111, 682)
(112, 684)
(112, 685)
(113, 687)
(113, 688)
(114, 690)
(114, 691)
(115, 693)
(115, 694)
(116, 696)
(116, 697)
(117, 699)
(117, 700)
(118, 702)
(118, 703)
(119, 705)
(119, 706)
(120, 708)
(120, 709)
(121, 711)
(121, 712)
(122, 714)
(122, 715)
(123, 717)
(123, 718)
(124, 720)
(124, 721)
(125, 723)
(125, 724)
(126, 726)
(126, 727)
(127, 729)
(127, 730)
(128, 732)
(128, 733)
(129, 735)
(129, 736)
(130, 738)
(130, 739)
(131, 741)
(131, 742)
(132, 744)
(132, 745)
(133, 747)
(133, 748)
(134, 750)
(134, 751)
(135, 753)
(135, 754)
(135, 754)
(136, 756)
(136, 757)
(137, 759)
(137, 760)
(138, 762)
(138, 763)
(139, 765)
(139, 766)
(140, 768)
(140, 769)
(141, 771)
(141, 772)
(142, 774)
(142, 775)
(143, 777)
(143, 778)
(144, 780)
(144, 781)
(145, 783)
(145, 784)
(146, 786)
(146, 787)
(147, 789)
(147, 790)
(148, 792)
(148, 793)
(149, 795)
(149, 796)
(150, 798)
(150, 799)
(151, 801)
(151, 802)
(152, 804)
(152, 805)
(153, 807)
(153, 808)
(154, 810)
(154, 811)
(155, 813)
(155, 814)
(156, 816)
(156, 817)
(157, 819)
(157, 820)
(158, 822)
(158, 823)
(159, 825)
(159, 826)
(160, 828)
(160, 829)
(161, 831)
(161, 832)
(162, 834)
(162, 835)
(163, 837)
(163, 838)
(164, 840)
(164, 841)
(165, 843)
(165, 844)
(166, 846)
(166, 847)
(167, 849)
(167, 850)
(168, 852)
(168, 853)
(169, 855)
(169, 856)
(170, 858)
(170, 859)
(171, 861)
(171, 862)
(172, 864)
(172, 865)
(173, 867)
(173, 868)
(174, 870)
(174, 871)
(175, 873)
(175, 874)
(176, 876)
(176, 877)
(177, 879)
(177, 880)
(178, 882)
(178, 883)
(179, 885)
(179, 886)
(180, 888)
(180, 889)
(181, 891)
(181, 892)
(182, 894)
(182, 895)
(183, 897)
(183, 898)
(184, 900)
(184, 901)
(185, 903)
(185, 904)
(186, 906)
(186, 907)
(187, 909)
(187, 910)
(188, 912)
(188, 913)
(189, 915)
(189, 916)
(190, 918)
(190, 919)
(190, 919)
(191, 918)
(191, 918)
(192, 917)
(193, 916)
(194, 916)
(194, 915)
(195, 914)
(196, 914)
(197, 913)
(198, 913)
(198, 912)
(199, 911)
(200, 911)
(201, 910)
(201, 909)
(202, 909)
(203, 908)
(204, 907)
(204, 907)
(205, 906)
(206, 905)
(207, 905)
(207, 904)
(208, 904)
(209, 903)
(210, 902)
(211, 902)
(211, 901)
(212, 900)
(213, 900)
(214, 899)
(214, 898)
(215, 898)
(216, 897)
(217, 896)
(217, 896)
(218, 895)
(219, 895)
(220, 894)
(221, 893)
(221, 893)
(222, 892)
(223, 891)
(224, 891)
(224, 890)
(225, 889)
(226, 889)
(227, 888)
(227, 887)
(228, 887)
(229, 886)
(230, 886)
(230, 885)
(231, 884)
(232, 884)
(233, 883)
(234, 882)
(234, 882)
(235, 881)
(236, 880)
(237, 880)
(237, 879)
(238, 878)
(239, 878)
(240, 877)
(240, 877)
(241, 876)
(242, 875)
(243, 875)
(243, 874)
(244, 873)
(245, 873)
(246, 872)
(247, 871)
(247, 871)
(248, 870)
(249, 869)
(250, 869)
(250, 868)
(251, 868)
(252, 867)
(253, 866)
(253, 866)
(254, 865)
(255, 864)
(256, 864)
(257, 863)
(257, 862)
(258, 862)
(259, 861)
(260, 860)
(260, 860)
(261, 859)
(262, 859)
(263, 858)
(263, 857)
(264, 857)
(265, 856)
(266, 855)
(266, 855)
(267, 854)
(268, 853)
(269, 853)
(270, 852)
(270, 851)
(271, 851)
(272, 850)
(273, 850)
(273, 849)
(274, 848)
(275, 848)
(276, 847)
(276, 846)
(277, 846)
(278, 845)
(279, 844)
(279, 844)
(280, 843)
(281, 842)
(282, 842)
(283, 841)
(283, 841)
(284, 840)
(285, 839)
(286, 839)
(286, 838)
(287, 837)
(288, 837)
(289, 836)
(289, 835)
(290, 835)
(291, 834)
(292, 833)
(293, 833)
(293, 832)
(294, 832)
(295, 831)
(296, 830)
(296, 830)
(297, 829)
(298, 828)
(299, 828)
(299, 827)
(300, 826)
(301, 826)
(302, 825)
(302, 824)
(303, 824)
(304, 823)
(305, 823)
(306, 822)
(306, 821)
(307, 821)
(308, 820)
(309, 819)
(309, 819)
(310, 818)
(311, 817)
(312, 817)
(312, 816)
(313, 815)
(314, 815)
(315, 814)
(315, 814)
(316, 813)
(317, 812)
(318, 812)
(319, 811)
(319, 810)
(320, 810)
(321, 809)
(322, 808)
(322, 808)
(323, 807)
(324, 806)
(325, 806)
(325, 805)
(326, 805)
(327, 804)
(328, 803)
(329, 803)
(329, 802)
(330, 801)
(331, 801)
(332, 800)
(332, 799)
(333, 799)
(334, 798)
(335, 797)
(335, 797)
(336, 796)
(337, 796)
(338, 795)
(338, 794)
(339, 794)
(340, 793)
(341, 792)
(342, 792)
(342, 791)
(343, 790)
(344, 790)
(345, 789)
(345, 788)
(346, 788)
(347, 787)
(348, 787)
(348, 786)
(349, 785)
(350, 785)
(351, 784)
(351, 783)
(352, 783)
(353, 782)
(354, 781)
(355, 781)
(355, 780)
(356, 779)
(357, 779)
(358, 778)
(358, 778)
(359, 777)
(360, 776)
(361, 776)
(361, 775)
(362, 774)
(363, 774)
(364, 773)
(365, 772)
(365, 772)
(366, 771)
(367, 770)
(368, 770)
(368, 769)
(369, 769)
(370, 768)
(371, 767)
(371, 767)
(372, 766)
(373, 765)
(374, 765)
(374, 764)
(375, 763)
(376, 763)
(377, 762)
(378, 761)
(378, 761)
(379, 760)
(380, 760)
(381, 759)
(381, 758)
(382, 758)
(383, 757)
(384, 756)
(384, 756)
(385, 755)
(386, 754)
(387, 754)
(388, 753)
(388, 752)
(389, 752)
(390, 751)
(391, 751)
(391, 750)
(392, 749)
(393, 749)
(394, 748)
(394, 747)
(395, 747)
(396, 746)
(397, 745)
(397, 745)
(398, 744)
(399, 743)
(400, 743)
(401, 742)
(401, 742)
(402, 741)
(403, 740)
(404, 740)
(404, 739)
(405, 738)
(406, 738)
(407, 737)
(407, 736)
(408, 736)
(409, 735)
(410, 734)
(410, 734)
(411, 733)
(412, 733)
(413, 732)
(414, 731)
(414, 731)
(415, 730)
(416, 729)
(417, 729)
(417, 728)
(418, 727)
(419, 727)
(420, 726)
(420, 725)
(421, 725)
(422, 724)
(423, 724)
(424, 723)
(424, 722)
(425, 722)
(426, 721)
(427, 720)
(427, 720)
(428, 719)
(429, 718)
(430, 718)
(430, 717)
(431, 716)
(432, 716)
(433, 715)
(433, 715)
(434, 714)
(435, 713)
(436, 713)
(437, 712)
(437, 711)
(438, 711)
(439, 710)
(440, 709)
(440, 709)
(441, 708)
(442, 707)
(443, 707)
(443, 706)
(444, 706)
(445, 705)
(446, 704)
(446, 704)
(447, 703)
(448, 702)
(449, 702)
(450, 701)
(450, 700)
(451, 700)
(452, 699)
(453, 698)
(453, 698)
(454, 697)
(455, 697)
(456, 696)
(456, 695)
(457, 695)
(458, 694)
(459, 693)
(460, 693)
(460, 692)
(461, 691)
(462, 691)
(463, 690)
(463, 689)
(464, 689)
(465, 688)
(466, 688)
(466, 687)
(467, 686)
(468, 686)
(469, 685)
(469, 684)
(470, 684)
(471, 683)
(472, 682)
(473, 682)
(473, 681)
(474, 680)
(475, 680)
(476, 679)
(476, 679)
(477, 678)
(478, 677)
(479, 677)
(479, 676)
(480, 675)
(481, 675)
(482, 674)
(482, 673)
(483, 673)
(484, 672)
(485, 671)
(486, 671)
(486, 670)
(487, 670)
(488, 669)
(489, 668)
(489, 668)
(490, 667)
(491, 666)
(492, 666)
(492, 665)
(493, 664)
(494, 664)
(495, 663)
(496, 662)
(496, 662)
(497, 661)
(498, 661)
(499, 660)
(499, 659)
(500, 659)
(501, 658)
(502, 657)
(502, 657)
(503, 656)
(504, 655)
(505, 655)
(505, 654)
(506, 653)
(507, 653)
(508, 652)
(509, 652)
(509, 651)
(510, 650)
(511, 650)
(512, 649)
(512, 648)
(513, 648)
(514, 647)
(515, 646)
(515, 646)
(516, 645)
(517, 644)
(518, 644)
(518, 643)
(519, 643)
(520, 642)
(521, 641)
(522, 641)
(522, 640)
(523, 639)
(524, 639)
(525, 638)
(525, 637)
(526, 637)
(527, 636)
(528, 635)
(528, 635)
(529, 634)
(530, 634)
(531, 633)
(532, 632)
(532, 632)
(533, 631)
(534, 630)
(535, 630)
(535, 629)
(536, 628)
(537, 628)
(538, 627)
(538, 626)
(539, 626)
(540, 625)
(541, 625)
(541, 624)
(542, 623)
(543, 623)
(544, 622)
(545, 621)
(545, 621)
(546, 620)
(547, 619)
(548, 619)
(548, 618)
(549, 617)
(550, 617)
(551, 616)
(551, 616)
(552, 615)
(553, 614)
(554, 614)
(554, 613)
(555, 612)
(556, 612)
(557, 611)
(558, 610)
(558, 610)
(559, 609)
(560, 608)
(561, 608)
(561, 607)
(562, 607)
(563, 606)
(564, 605)
(564, 605)
(565, 604)
(566, 603)
(567, 603)
(568, 602)
(568, 601)
(569, 601)
(570, 600)
(571, 599)
(571, 599)
(572, 598)
(573, 598)
(574, 597)
(574, 596)
(575, 596)
(576, 595)
(577, 594)
(577, 594)
(578, 593)
(579, 592)
(580, 592)
(581, 591)
(581, 590)
(582, 590)
(583, 589)
(584, 589)
(584, 588)
(585, 587)
(586, 587)
(587, 586)
(587, 585)
(588, 585)
(589, 584)
(590, 583)
(591, 583)
(591, 582)
(592, 581)
(593, 581)
(594, 580)
(594, 580)
(595, 579)
(596, 578)
(597, 578)
(597, 577)
(598, 576)
(599, 576)
(600, 575)
(600, 574)
(601, 574)
(602, 573)
(603, 572)
(604, 572)
(604, 571)
(605, 571)
(606, 570)
(607, 569)
(607, 569)
(608, 568)
(609, 567)
(610, 567)
(610, 566)
(611, 565)
(612, 565)
(613, 564)
(613, 563)
(614, 563)
(615, 562)
(616, 562)
(617, 561)
(617, 560)
(618, 560)
(619, 559)
(620, 558)
(620, 558)
(621, 557)
(622, 556)
(623, 556)
(623, 555)
(624, 554)
(625, 554)
(626, 553)
(627, 553)
(627, 552)
(628, 551)
(629, 551)
(630, 550)
(630, 549)
(631, 549)
(632, 548)
(633, 547)
(633, 547)
(634, 546)
(635, 545)
(636, 545)
(636, 544)
(637, 544)
(638, 543)
(639, 542)
(640, 542)
(640, 541)
(641, 540)
(642, 540)
(643, 539)
(643, 538)
(644, 538)
(645, 537)
(646, 536)
(646, 536)
(647, 535)
(648, 535)
(649, 534)
(649, 533)
(650, 533)
(651, 532)
(652, 531)
(653, 531)
(653, 530)
(654, 529)
(655, 529)
(656, 528)
(656, 527)
(657, 527)
(658, 526)
(659, 526)
(659, 525)
(660, 524)
(661, 524)
(662, 523)
(663, 522)
(663, 522)
(664, 521)
(665, 520)
(666, 520)
(666, 519)
(667, 518)
(668, 518)
(669, 517)
(669, 517)
(670, 516)
(671, 515)
(672, 515)
(672, 514)
(673, 513)
(674, 513)
(675, 512)
(676, 511)
(676, 511)
(677, 510)
(678, 509)
(679, 509)
(679, 508)
(680, 508)
(681, 507)
(682, 506)
(682, 506)
(683, 505)
(684, 504)
(685, 504)
(685, 503)
(686, 502)
(687, 502)
(688, 501)
(689, 500)
(689, 500)
(690, 499)
(691, 499)
(692, 498)
(692, 497)
(693, 497)
(694, 496)
(695, 495)
(695, 495)
(696, 494)
(697, 493)
(698, 493)
(699, 492)
(699, 491)
(700, 491)
(701, 490)
(702, 490)
(702, 489)
(703, 488)
(704, 488)
(705, 487)
(705, 486)
(706, 486)
(707, 485)
(708, 484)
(708, 484)
(709, 483)
(710, 482)
(711, 482)
(712, 481)
(712, 481)
(713, 480)
(714, 479)
(715, 479)
(715, 478)
(716, 477)
(717, 477)
(718, 476)
(718, 475)
(719, 475)
(720, 474)
(721, 473)
(721, 473)
(722, 472)
(723, 472)
(724, 471)
(725, 470)
(725, 470)
(726, 469)
(727, 468)
(728, 468)
(728, 467)
(729, 466)
(730, 466)
(731, 465)
(731, 464)
(732, 464)
(733, 463)
(734, 463)
(735, 462)
(735, 461)
(736, 461)
(737, 460)
(738, 459)
(738, 459)
(739, 458)
(740, 457)
(741, 457)
(741, 456)
(742, 455)
(743, 455)
(744, 454)
(744, 454)
(745, 453)
(746, 452)
(747, 452)
(748, 451)
(748, 450)
(749, 450)
(750, 449)
(751, 448)
(751, 448)
(752, 447)
(753, 446)
(754, 446)
(754, 445)
(755, 445)
(756, 444)
(757, 443)
(757, 443)
(758, 442)
(759, 441)
(760, 441)
(761, 440)
(761, 439)
(762, 439)
(763, 438)
(764, 438)
(764, 437)
(765, 436)
(766, 436)
(767, 435)
(767, 434)
(768, 434)
(769, 433)
(770, 432)
(771, 432)
(771, 431)
(772, 430)
(773, 430)
(774, 429)
(774, 429)
(775, 428)
(776, 427)
(777, 427)
(777, 426)
(778, 425)
(779, 425)
(780, 424)
(780, 423)
(781, 423)
(782, 422)
(783, 421)
(784, 421)
(784, 420)
(785, 420)
(786, 419)
(787, 418)
(787, 418)
(788, 417)
(789, 416)
(790, 416)
(790, 415)
(791, 414)
(792, 414)
(793, 413)
(794, 412)
(794, 412)
(795, 411)
(796, 411)
(797, 410)
(797, 409)
(798, 409)
(799, 408)
(800, 407)
(800, 407)
(801, 406)
(802, 405)
(803, 405)
(803, 404)
(804, 403)
(805, 403)
(806, 402)
(807, 402)
(807, 401)
(808, 400)
(809, 400)
(810, 399)
(810, 398)
(811, 398)
(812, 397)
(813, 396)
(813, 396)
(814, 395)
(815, 394)
(816, 394)
(816, 393)
(817, 393)
(818, 392)
(819, 391)
(820, 391)
(820, 390)
(821, 389)
(822, 389)
(823, 388)
(823, 387)
(824, 387)
(825, 386)
(826, 385)
(826, 385)
(827, 384)
(828, 384)
(829, 383)
(830, 382)
(830, 382)
(831, 381)
(832, 380)
(833, 380)
(833, 379)
(834, 378)
(835, 378)
(836, 377)
(836, 376)
(837, 376)
(838, 375)
(839, 375)
(839, 374)
(840, 373)
(841, 373)
(842, 372)
(843, 371)
(843, 371)
(844, 370)
(845, 369)
(846, 369)
(846, 368)
(847, 367)
(848, 367)
(849, 366)
(849, 366)
(850, 365)
(851, 364)
(852, 364)
(852, 363)
(853, 362)
(854, 362)
(855, 361)
(856, 360)
(856, 360)
(857, 359)
(858, 358)
(859, 358)
(859, 357)
(860, 357)
(861, 356)
(862, 355)
(862, 355)
(863, 354)
(864, 353)
(865, 353)
(866, 352)
(866, 351)
(867, 351)
(868, 350)
(869, 349)
(869, 349)
(870, 348)
(871, 348)
(872, 347)
(872, 346)
(873, 346)
(874, 345)
(875, 344)
(875, 344)
(876, 343)
(877, 342)
(878, 342)
(879, 341)
(879, 340)
(880, 340)
(881, 339)
(882, 339)
(882, 338)
(883, 337)
(884, 337)
(885, 336)
(885, 335)
(886, 335)
(887, 334)
(888, 333)
(888, 333)
(889, 332)
(890, 331)
(891, 331)
(892, 330)
(892, 330)
(893, 329)
(894, 328)
(895, 328)
(895, 327)
(896, 326)
(897, 326)
(898, 325)
(898, 324)
(899, 324)
(900, 323)
(901, 322)
(902, 322)
(902, 321)
(903, 321)
(904, 320)
(905, 319)
(905, 319)
(906, 318)
(907, 317)
(908, 317)
(908, 316)
(909, 315)
(910, 315)
(911, 314)
(911, 313)
(912, 313)
(913, 312)
(914, 312)
(915, 311)
(915, 310)
(916, 310)
(917, 309)
(918, 308)
(918, 308)
(919, 307)
(920, 306)
(921, 306)
(921, 305)
(922, 304)
(923, 304)
(924, 303)
(924, 303)
(925, 302)
(926, 301)
(927, 301)
(928, 300)
(928, 299)
(929, 299)
(930, 298)
(931, 297)
(931, 297)
(932, 296)
(933, 295)
(934, 295)
(934, 294)
(935, 294)
(936, 293)
(937, 292)
(938, 292)
(938, 291)
(939, 290)
(940, 290)
(941, 289)
(941, 288)
(942, 288)
(943, 287)
(944, 286)
(944, 286)
(945, 285)
(946, 285)
(947, 284)
(947, 283)
(948, 283)
(949, 282)
(950, 281)
(951, 281)
(951, 280)
(952, 279)
(953, 279)
(954, 278)
(954, 277)
(955, 277)
(956, 276)
(957, 276)
(957, 275)
(958, 274)
(959, 274)
(960, 273)
(961, 272)
(961, 272)
(962, 271)
(963, 270)
(964, 270)
(964, 269)
(965, 268)
(966, 268)
(967, 267)
(967, 267)
(968, 266)
(969, 265)
(970, 265)
(970, 264)
(971, 263)
(972, 263)
(973, 262)
(974, 261)
(974, 261)
(975, 260)
(976, 259)
(977, 259)
(977, 258)
(978, 258)
(979, 257)
(980, 256)
(980, 256)
(981, 255)
(982, 254)
(983, 254)
(983, 253)
(984, 252)
(985, 252)
(986, 251)
(987, 250)
(987, 250)
(988, 249)
(989, 249)
(990, 248)
(990, 247)
(991, 247)
(992, 246)
(993, 245)
(993, 245)
(994, 244)
(995, 243)
(996, 243)
(997, 242)
(997, 241)
(998, 241)
(999, 240)
(1000, 240)
(1000, 239)
(1001, 238)
(1002, 238)
(1003, 237)
(1003, 236)
(1004, 236)
(1005, 235)
(1006, 234)
(1006, 234)
(1007, 233)
(1008, 232)
(1009, 232)
(1010, 231)
(1010, 231)
(1011, 230)
(1012, 229)
(1013, 229)
(1013, 228)
(1014, 227)
(1015, 227)
(1016, 226)
(1016, 225)
(1017, 225)
(1018, 224)
(1019, 223)
(1019, 223)
(1020, 222)
(1021, 222)
(1022, 221)
(1023, 220)
(1023, 220)
(1024, 219)
(1025, 218)
(1026, 218)
(1026, 217)
(1027, 216)
(1028, 216)
(1029, 215)
(1029, 214)
(1030, 214)
(1031, 213)
(1032, 213)
(1033, 212)
(1033, 211)
(1034, 211)
(1035, 210)
(1036, 209)
(1036, 209)
(1037, 208)
(1038, 207)
(1039, 207)
(1039, 206)
(1040, 205)
(1041, 205)
(1042, 204)
(1042, 204)
(1043, 203)
(1044, 202)
(1045, 202)
(1046, 201)
(1046, 200)
(1047, 200)
(1048, 199)
(1049, 198)
(1049, 198)
(1050, 197)
(1051, 196)
(1052, 196)
(1052, 195)
(1053, 195)
(1054, 194)
(1055, 193)
(1055, 193)
(1056, 192)
(1057, 191)
(1058, 191)
(1059, 190)
(1059, 189)
(1060, 189)
(1061, 188)
(1062, 187)
(1062, 187)
(1063, 186)
(1064, 186)
(1065, 185)
(1065, 184)
(1066, 184)
(1067, 183)
(1068, 182)
(1069, 182)
(1069, 181)
(1070, 180)
(1071, 180)
(1072, 179)
(1072, 178)
(1073, 178)
(1074, 177)
(1075, 177)
(1075, 176)
(1076, 175)
(1077, 175)
(1078, 174)
(1078, 173)
(1079, 173)
(1080, 172)
(1081, 171)
(1082, 171)
(1082, 170)
(1083, 169)
(1084, 169)
(1085, 168)
(1085, 168)
(1086, 167)
(1087, 166)
(1088, 166)
(1088, 165)
(1089, 164)
(1090, 164)
(1091, 163)
(1091, 162)
(1092, 162)
(1093, 161)
(1094, 160)
(1095, 160)
(1095, 159)
(1096, 159)
(1097, 158)
(1098, 157)
(1098, 157)
(1099, 156)
(1100, 155)
(1101, 155)
(1101, 154)
(1102, 153)
(1103, 153)
(1104, 152)
(1105, 151)
(1105, 151)
(1106, 150)
(1107, 150)
(1108, 149)
(1108, 148)
(1109, 148)
(1110, 147)
(1111, 146)
(1111, 146)
(1112, 145)
(1113, 144)
(1114, 144)
(1114, 143)
(1115, 142)
(1116, 142)
(1117, 141)
(1118, 141)
(1118, 140)
(1119, 139)
(1120, 139)
(1121, 138)
(1121, 137)
(1122, 137)
(1123, 136)
(1123, 137)
(1124, 138)
(1124, 139)
(1124, 140)
(1125, 141)
(1125, 142)
(1125, 143)
(1125, 144)
(1126, 145)
(1126, 146)
(1126, 147)
(1127, 148)
(1127, 149)
(1127, 150)
(1128, 151)
(1128, 152)
(1128, 153)
(1129, 154)
(1129, 155)
(1129, 156)
(1130, 157)
(1130, 158)
(1130, 159)
(1131, 160)
(1131, 161)
(1131, 162)
(1132, 163)
(1132, 164)
(1132, 165)
(1133, 166)
(1133, 167)
(1133, 168)
(1134, 169)
(1134, 170)
(1134, 171)
(1135, 172)
(1135, 173)
(1135, 174)
(1136, 175)
(1136, 176)
(1136, 177)
(1137, 178)
(1137, 179)
(1137, 180)
(1137, 181)
(1138, 182)
(1138, 183)
(1138, 184)
(1139, 185)
(1139, 186)
(1139, 187)
(1140, 188)
(1140, 189)
(1140, 190)
(1141, 191)
(1141, 192)
(1141, 193)
(1142, 194)
(1142, 195)
(1142, 196)
(1143, 197)
(1143, 198)
(1143, 199)
(1144, 200)
(1144, 201)
(1144, 202)
(1145, 203)
(1145, 204)
(1145, 205)
(1146, 206)
(1146, 207)
(1146, 208)
(1147, 209)
(1147, 210)
(1147, 211)
(1148, 212)
(1148, 213)
(1148, 214)
(1149, 215)
(1149, 216)
(1149, 217)
(1149, 218)
(1150, 219)
(1150, 220)
(1150, 221)
(1151, 222)
(1151, 223)
(1151, 224)
(1152, 225)
(1152, 226)
(1152, 227)
(1153, 228)
(1153, 229)
(1153, 230)
(1154, 231)
(1154, 232)
(1154, 233)
(1155, 234)
(1155, 235)
(1155, 236)
(1156, 237)
(1156, 238)
(1156, 239)
(1157, 240)
(1157, 241)
(1157, 242)
(1158, 243)
(1158, 244)
(1158, 245)
(1159, 246)
(1159, 247)
(1159, 248)
(1160, 249)
(1160, 250)
(1160, 251)
(1161, 252)
(1161, 253)
(1161, 254)
(1161, 255)
(1162, 256)
(1162, 257)
(1162, 258)
(1163, 259)
(1163, 260)
(1163, 261)
(1164, 262)
(1164, 263)
(1164, 264)
(1165, 265)
(1165, 266)
(1165, 267)
(1166, 268)
(1166, 269)
(1166, 270)
(1167, 271)
(1167, 272)
(1167, 273)
(1168, 274)
(1168, 275)
(1168, 276)
(1169, 277)
(1169, 278)
(1169, 279)
(1170, 280)
(1170, 281)
(1170, 282)
(1171, 283)
(1171, 284)
(1171, 285)
(1172, 286)
(1172, 287)
(1172, 288)
(1173, 289)
(1173, 290)
(1173, 291)
(1173, 292)
(1174, 293)
(1174, 294)
(1174, 295)
(1175, 296)
(1175, 297)
(1175, 298)
(1176, 299)
(1176, 300)
(1176, 301)
(1177, 302)
(1177, 303)
(1177, 304)
(1178, 305)
(1178, 306)
(1178, 307)
(1179, 308)
(1179, 309)
(1179, 310)
(1180, 311)
(1180, 312)
(1180, 313)
(1181, 314)
(1181, 315)
(1181, 316)
(1182, 317)
(1182, 318)
(1182, 319)
(1183, 320)
(1183, 321)
(1183, 322)
(1184, 323)
(1184, 324)
(1184, 325)
(1185, 326)
(1185, 327)
(1185, 328)
(1185, 329)
(1186, 330)
(1186, 331)
(1186, 332)
(1187, 333)
(1187, 334)
(1187, 335)
(1188, 336)
(1188, 337)
(1188, 338)
(1189, 339)
(1189, 340)
(1189, 341)
(1190, 342)
(1190, 343)
(1190, 344)
(1191, 345)
(1191, 346)
(1191, 347)
(1192, 348)
(1192, 349)
(1192, 350)
(1193, 351)
(1193, 352)
(1193, 353)
(1194, 354)
(1194, 355)
(1194, 356)
(1195, 357)
(1195, 358)
(1195, 359)
(1196, 360)
(1196, 361)
(1196, 362)
(1197, 363)
(1197, 364)
(1197, 365)
(1197, 366)
(1198, 367)
(1198, 368)
(1198, 369)
(1199, 370)
(1199, 371)
(1199, 372)
(1200, 373)
(1200, 374)
(1200, 375)
(1201, 376)
(1201, 377)
(1201, 377)
(1202, 378)
(1202, 379)
(1202, 380)
(1203, 381)
(1203, 382)
(1203, 383)
(1204, 384)
(1204, 385)
(1204, 386)
(1205, 387)
(1205, 388)
(1205, 389)
(1206, 390)
(1206, 391)
(1206, 392)
(1206, 392)
(1205, 393)
(1205, 394)
(1204, 394)
(1203, 395)
(1202, 396)
(1202, 396)
(1201, 397)
(1200, 398)
(1199, 398)
(1199, 399)
(1198, 400)
(1197, 400)
(1196, 401)
(1196, 401)
(1195, 402)
(1194, 403)
(1193, 403)
(1192, 404)
(1192, 405)
(1191, 405)
(1190, 406)
(1189, 407)
(1189, 407)
(1188, 408)
(1187, 409)
(1186, 409)
(1186, 410)
(1185, 410)
(1184, 411)
(1183, 412)
(1182, 412)
(1182, 413)
(1181, 414)
(1180, 414)
(1179, 415)
(1179, 416)
(1178, 416)
(1177, 417)
(1176, 418)
(1176, 418)
(1175, 419)
(1174, 419)
(1173, 420)
(1173, 421)
(1172, 421)
(1171, 422)
(1170, 423)
(1169, 423)
(1169, 424)
(1168, 425)
(1167, 425)
(1166, 426)
(1166, 427)
(1165, 427)
(1164, 428)
(1163, 428)
(1163, 429)
(1162, 430)
(1161, 430)
(1160, 431)
(1160, 432)
(1159, 432)
(1158, 433)
(1157, 434)
(1156, 434)
(1156, 435)
(1155, 436)
(1154, 436)
(1153, 437)
(1153, 437)
(1152, 438)
(1151, 439)
(1150, 439)
(1150, 440)
(1149, 441)
(1148, 441)
(1147, 442)
(1146, 443)
(1146, 443)
(1145, 444)
(1144, 445)
(1143, 445)
(1143, 446)
(1142, 446)
(1141, 447)
(1140, 448)
(1140, 448)
(1139, 449)
(1138, 450)
(1137, 450)
(1137, 451)
(1136, 452)
(1135, 452)
(1134, 453)
(1133, 454)
(1133, 454)
(1132, 455)
(1131, 455)
(1130, 456)
(1130, 457)
(1129, 457)
(1128, 458)
(1127, 459)
(1127, 459)
(1126, 460)
(1125, 461)
(1124, 461)
(1123, 462)
(1123, 463)
(1122, 463)
(1121, 464)
(1120, 464)
(1120, 465)
(1119, 466)
(1118, 466)
(1117, 467)
(1117, 468)
(1116, 468)
(1115, 469)
(1114, 470)
(1114, 470)
(1113, 471)
(1112, 472)
(1111, 472)
(1110, 473)
(1110, 473)
(1109, 474)
(1108, 475)
(1107, 475)
(1107, 476)
(1106, 477)
(1105, 477)
(1104, 478)
(1104, 479)
(1103, 479)
(1102, 480)
(1101, 481)
(1101, 481)
(1100, 482)
(1099, 482)
(1098, 483)
(1097, 484)
(1097, 484)
(1096, 485)
(1095, 486)
(1094, 486)
(1094, 487)
(1093, 488)
(1092, 488)
(1091, 489)
(1091, 490)
(1090, 490)
(1089, 491)
(1088, 491)
(1087, 492)
(1087, 493)
(1086, 493)
(1085, 494)
(1084, 495)
(1084, 495)
(1083, 496)
(1082, 497)
(1081, 497)
(1081, 498)
(1080, 499)
(1079, 499)
(1078, 500)
(1078, 500)
(1077, 501)
(1076, 502)
(1075, 502)
(1074, 503)
(1074, 504)
(1073, 504)
(1072, 505)
(1071, 506)
(1071, 506)
(1070, 507)
(1069, 508)
(1068, 508)
(1068, 509)
(1067, 509)
(1066, 510)
(1065, 511)
(1065, 511)
(1064, 512)
(1063, 513)
(1062, 513)
(1061, 514)
(1061, 515)
(1060, 515)
(1059, 516)
(1058, 517)
(1058, 517)
(1057, 518)
(1056, 518)
(1055, 519)
(1055, 520)
(1054, 520)
(1053, 521)
(1052, 522)
(1051, 522)
(1051, 523)
(1050, 524)
(1049, 524)
(1048, 525)
(1048, 526)
(1047, 526)
(1046, 527)
(1045, 527)
(1045, 528)
(1044, 529)
(1043, 529)
(1042, 530)
(1042, 531)
(1041, 531)
(1040, 532)
(1039, 533)
(1038, 533)
(1038, 534)
(1037, 535)
(1036, 535)
(1035, 536)
(1035, 536)
(1034, 537)
(1033, 538)
(1032, 538)
(1032, 539)
(1031, 540)
(1030, 540)
(1029, 541)
(1029, 542)
(1028, 542)
(1027, 543)
(1026, 544)
(1025, 544)
(1025, 545)
(1024, 545)
(1023, 546)
(1022, 547)
(1022, 547)
(1021, 548)
(1020, 549)
(1019, 549)
(1019, 550)
(1018, 551)
(1017, 551)
(1016, 552)
(1015, 553)
(1015, 553)
(1014, 554)
(1013, 554)
(1012, 555)
(1012, 556)
(1011, 556)
(1010, 557)
(1009, 558)
(1009, 558)
(1008, 559)
(1007, 560)
(1006, 560)
(1006, 561)
(1005, 562)
(1004, 562)
(1003, 563)
(1002, 563)
(1002, 564)
(1001, 565)
(1000, 565)
(999, 566)
(999, 567)
(998, 567)
(997, 568)
(996, 569)
(996, 569)
(995, 570)
(994, 571)
(993, 571)
(993, 572)
(992, 572)
(991, 573)
(990, 574)
(989, 574)
(989, 575)
(988, 576)
(987, 576)
(986, 577)
(986, 578)
(985, 578)
(984, 579)
(983, 580)
(983, 580)
(982, 581)
(981, 581)
(980, 582)
(979, 583)
(979, 583)
(978, 584)
(977, 585)
(976, 585)
(976, 586)
(975, 587)
(974, 587)
(973, 588)
(973, 589)
(972, 589)
(971, 590)
(970, 590)
(970, 591)
(969, 592)
(968, 592)
(967, 593)
(966, 594)
(966, 594)
(965, 595)
(964, 596)
(963, 596)
(963, 597)
(962, 598)
(961, 598)
(960, 599)
(960, 599)
(959, 600)
(958, 601)
(957, 601)
(956, 602)
(956, 603)
(955, 603)
(954, 604)
(953, 605)
(953, 605)
(952, 606)
(951, 607)
(950, 607)
(950, 608)
(949, 608)
(948, 609)
(947, 610)
(947, 610)
(946, 611)
(945, 612)
(944, 612)
(943, 613)
(943, 614)
(942, 614)
(941, 615)
(940, 616)
(940, 616)
(939, 617)
(938, 617)
(937, 618)
(937, 619)
(936, 619)
(935, 620)
(934, 621)
(934, 621)
(933, 622)
(932, 623)
(931, 623)
(930, 624)
(930, 625)
(929, 625)
(928, 626)
(927, 626)
(927, 627)
(926, 628)
(925, 628)
(924, 629)
(924, 630)
(923, 630)
(922, 631)
(921, 632)
(920, 632)
(920, 633)
(919, 634)
(918, 634)
(917, 635)
(917, 635)
(916, 636)
(915, 637)
(914, 637)
(914, 638)
(913, 639)
(912, 639)
(911, 640)
(911, 641)
(910, 641)
(909, 642)
(908, 643)
(907, 643)
(907, 644)
(906, 644)
(905, 645)
(904, 646)
(904, 646)
(903, 647)
(902, 648)
(901, 648)
(901, 649)
(900, 650)
(899, 650)
(898, 651)
(898, 652)
(897, 652)
(896, 653)
(895, 653)
(894, 654)
(894, 655)
(893, 655)
(892, 656)
(891, 657)
(891, 657)
(890, 658)
(889, 659)
(888, 659)
(888, 660)
(887, 661)
(886, 661)
(885, 662)
(884, 662)
(884, 663)
(883, 664)
(882, 664)
(881, 665)
(881, 666)
(880, 666)
(879, 667)
(878, 668)
(878, 668)
(877, 669)
(876, 670)
(875, 670)
(875, 671)
(874, 671)
(873, 672)
(872, 673)
(871, 673)
(871, 674)
(870, 675)
(869, 675)
(868, 676)
(868, 677)
(867, 677)
(866, 678)
(865, 679)
(865, 679)
(864, 680)
(863, 680)
(862, 681)
(862, 682)
(861, 682)
(860, 683)
(859, 684)
(858, 684)
(858, 685)
(857, 686)
(856, 686)
(855, 687)
(855, 688)
(854, 688)
(853, 689)
(852, 689)
(852, 690)
(851, 691)
(850, 691)
(849, 692)
(848, 693)
(848, 693)
(847, 694)
(846, 695)
(845, 695)
(845, 696)
(844, 697)
(843, 697)
(842, 698)
(842, 698)
(841, 699)
(840, 700)
(839, 700)
(839, 701)
(838, 702)
(837, 702)
(836, 703)
(835, 704)
(835, 704)
(834, 705)
(833, 706)
(832, 706)
(832, 707)
(831, 707)
(830, 708)
(829, 709)
(829, 709)
(828, 710)
(827, 711)
(826, 711)
(826, 712)
(825, 713)
(824, 713)
(823, 714)
(822, 715)
(822, 715)
(821, 716)
(820, 716)
(819, 717)
(819, 718)
(818, 718)
(817, 719)
(816, 720)
(816, 720)
(815, 721)
(814, 722)
(813, 722)
(812, 723)
(812, 724)
(811, 724)
(810, 725)
(809, 725)
(809, 726)
(808, 727)
(807, 727)
(806, 728)
(806, 729)
(805, 729)
(804, 730)
(803, 731)
(803, 731)
(802, 732)
(801, 733)
(800, 733)
(799, 734)
(799, 734)
(798, 735)
(797, 736)
(796, 736)
(796, 737)
(795, 738)
(794, 738)
(793, 739)
(793, 740)
(792, 740)
(791, 741)
(790, 741)
(790, 742)
(789, 743)
(788, 743)
(787, 744)
(786, 745)
(786, 745)
(785, 746)
(784, 747)
(783, 747)
(783, 748)
(782, 749)
(781, 749)
(780, 750)
(780, 750)
(779, 751)
(778, 752)
(777, 752)
(776, 753)
(776, 754)
(775, 754)
(774, 755)
(773, 756)
(773, 756)
(772, 757)
(771, 758)
(770, 758)
(770, 759)
(769, 759)
(768, 760)
(767, 761)
(767, 761)
(766, 762)
(765, 763)
(764, 763)
(763, 764)
(763, 765)
(762, 765)
(761, 766)
(760, 767)
(760, 767)
(759, 768)
(758, 768)
(757, 769)
(757, 770)
(756, 770)
(755, 771)
(754, 772)
(753, 772)
(753, 773)
(752, 774)
(751, 774)
(750, 775)
(750, 776)
(749, 776)
(748, 777)
(747, 777)
(747, 778)
(746, 779)
(745, 779)
(744, 780)
(744, 781)
(743, 781)
(742, 782)
(741, 783)
(740, 783)
(740, 784)
(739, 785)
(738, 785)
(737, 786)
(737, 786)
(736, 787)
(735, 788)
(734, 788)
(734, 789)
(733, 790)
(732, 790)
(731, 791)
(731, 792)
(730, 792)
(729, 793)
(728, 794)
(727, 794)
(727, 795)
(726, 795)
(725, 796)
(724, 797)
(724, 797)
(723, 798)
(722, 799)
(721, 799)
(721, 800)
(720, 801)
(719, 801)
(718, 802)
(717, 803)
(717, 803)
(716, 804)
(715, 804)
(714, 805)
(714, 806)
(713, 806)
(712, 807)
(711, 808)
(711, 808)
(710, 809)
(709, 810)
(708, 810)
(708, 811)
(707, 812)
(706, 812)
(705, 813)
(704, 813)
(704, 814)
(703, 815)
(702, 815)
(701, 816)
(701, 817)
(700, 817)
(699, 818)
(698, 819)
(698, 819)
(697, 820)
(696, 821)
(695, 821)
(695, 822)
(694, 822)
(693, 823)
(692, 824)
(691, 824)
(691, 825)
(690, 826)
(689, 826)
(688, 827)
(688, 828)
(687, 828)
(686, 829)
(685, 830)
(685, 830)
(684, 831)
(683, 831)
(682, 832)
(681, 833)
(681, 833)
(680, 834)
(679, 835)
(678, 835)
(678, 836)
(677, 837)
(676, 837)
(675, 838)
(675, 839)
(674, 839)
(673, 840)
(672, 840)
(672, 841)
(671, 842)
(670, 842)
(669, 843)
(668, 844)
(668, 844)
(667, 845)
(666, 846)
(665, 846)
(665, 847)
(664, 848)
(663, 848)
(662, 849)
(662, 849)
(661, 850)
(660, 851)
(659, 851)
(659, 852)
(658, 853)
(657, 853)
(656, 854)
(655, 855)
(655, 855)
(654, 856)
(653, 857)
(652, 857)
(652, 858)
(651, 858)
(650, 859)
(649, 860)
(649, 860)
(648, 861)
(647, 862)
(646, 862)
(645, 863)
(645, 864)
(644, 864)
(643, 865)
(642, 866)
(642, 866)
(641, 867)
(640, 867)
(639, 868)
(639, 869)
(638, 869)
(637, 870)
(636, 871)
(636, 871)
(635, 872)
(634, 873)
(633, 873)
(632, 874)
(632, 875)
(631, 875)
(630, 876)
(629, 876)
(629, 877)
(628, 878)
(627, 878)
(626, 879)
(626, 880)
(625, 880)
(624, 881)
(623, 882)
(623, 882)
(622, 883)
(621, 884)
(620, 884)
(619, 885)
(619, 885)
(618, 886)
(617, 887)
(616, 887)
(616, 888)
(615, 889)
(614, 889)
(613, 890)
(613, 891)
(612, 891)
(611, 892)
(610, 893)
(609, 893)
(609, 894)
(608, 894)
(607, 895)
(606, 896)
(606, 896)
(605, 897)
(604, 898)
(603, 898)
(603, 899)
(602, 900)
(601, 900)
(600, 901)
(600, 902)
(599, 902)
(598, 903)
(597, 903)
(596, 904)
(596, 905)
(595, 905)
(594, 906)
(593, 907)
(593, 907)
(592, 908)
(591, 909)
(590, 909)
(590, 910)
(589, 911)
(588, 911)
(587, 912)
(586, 912)
(586, 913)
(585, 914)
(584, 914)
(583, 915)
(583, 916)
(582, 916)
(581, 917)
(580, 918)
(580, 918)
(579, 919)
(578, 920)
(577, 920)
(577, 921)
(576, 921)
(575, 922)
(574, 923)
(573, 923)
(573, 924)
(572, 925)
(571, 925)
(570, 926)
(570, 927)
(569, 927)
(568, 928)
(567, 929)
(567, 929)
(566, 930)
(565, 930)
(564, 931)
(564, 932)
(563, 932)
(562, 933)
(561, 934)
(560, 934)
(560, 935)
(559, 936)
(558, 936)
(557, 937)
(557, 938)
(556, 938)
(555, 939)
(554, 939)
(554, 940)
(553, 941)
(552, 941)
(551, 942)
(550, 943)
(550, 943)
(549, 944)
(548, 945)
(547, 945)
(547, 946)
(546, 947)
(545, 947)
(544, 948)
(544, 948)
(543, 949)
(542, 950)
(541, 950)
(541, 951)
(540, 952)
(539, 952)
(538, 953)
(537, 954)
(537, 954)
(536, 955)
(535, 956)
(534, 956)
(534, 957)
(533, 957)
(532, 958)
(531, 959)
(531, 959)
(530, 960)
(529, 961)
(528, 961)
(528, 962)
(527, 963)
(526, 963)
(525, 964)
(524, 965)
(524, 965)
(523, 966)
(522, 966)
(521, 967)
(521, 968)
(520, 968)
(519, 969)
(518, 970)
(518, 970)
(517, 971)
(516, 972)
(515, 972)
(514, 973)
(514, 974)
(513, 974)
(512, 975)
(511, 975)
(511, 976)
(510, 977)
(509, 977)
(508, 978)
(508, 979)
(507, 979)
(506, 980)
(505, 981)
(505, 981)
(504, 982)
(503, 983)
(502, 983)
(501, 984)
(501, 984)
(500, 985)
(499, 986)
(498, 986)
(498, 987)
(497, 988)
(496, 988)
(495, 989)
(495, 990)
(494, 990)
(493, 991)
(492, 992)
(492, 992)
(491, 993)
(490, 993)
(489, 994)
(488, 995)
(488, 995)
(487, 996)
(486, 997)
(485, 997)
(485, 998)
(484, 999)
(483, 999)
(482, 1000)
(482, 1001)
(481, 1001)
(480, 1002)
(479, 1002)
(478, 1003)
(478, 1004)
(477, 1004)
(476, 1005)
(475, 1006)
(475, 1006)
(474, 1007)
(473, 1008)
(472, 1008)
(472, 1009)
(471, 1010)
(470, 1010)
(469, 1011)
(469, 1011)
(468, 1012)
(467, 1013)
(466, 1013)
(465, 1014)
(465, 1015)
(464, 1015)
(463, 1016)
(462, 1017)
(462, 1017)
(461, 1018)
(460, 1019)
(459, 1019)
(459, 1020)
(458, 1020)
(457, 1021)
(456, 1022)
(456, 1022)
(455, 1023)
(454, 1024)
(453, 1024)
(452, 1025)
(452, 1026)
(451, 1026)
(450, 1027)
(449, 1028)
(449, 1028)
(448, 1029)
(447, 1029)
(446, 1030)
(446, 1031)
(445, 1031)
(444, 1032)
(443, 1033)
(442, 1033)
(442, 1034)
(441, 1035)
(440, 1035)
(439, 1036)
(439, 1037)
(438, 1037)
(437, 1038)
(436, 1038)
(436, 1039)
(435, 1040)
(434, 1040)
(433, 1041)
(433, 1042)
(432, 1042)
(431, 1043)
(430, 1044)
(429, 1044)
(429, 1045)
(428, 1046)
(427, 1046)
(426, 1047)
(426, 1047)
(425, 1048)
(424, 1049)
(423, 1049)
(423, 1050)
(422, 1051)
(421, 1051)
(420, 1052)
(420, 1053)
(419, 1053)
(418, 1054)
(417, 1055)
(416, 1055)
(416, 1056)
(415, 1056)
(414, 1057)
(413, 1058)
(413, 1058)
(412, 1059)
(411, 1060)
(410, 1060)
(410, 1061)
(409, 1062)
(408, 1062)
(407, 1063)
(406, 1064)
(406, 1064)
(405, 1065)
(404, 1065)
(403, 1066)
(403, 1067)
(402, 1067)
(401, 1068)
(400, 1069)
(400, 1069)
(399, 1070)
(398, 1071)
(397, 1071)
(397, 1072)
(396, 1073)
(395, 1073)
(394, 1074)
(393, 1074)
(393, 1075)
(392, 1076)
(391, 1076)
(390, 1077)
(390, 1078)
(389, 1078)
(388, 1079)
(387, 1080)
(387, 1080)
(386, 1081)
(385, 1082)
(384, 1082)
(383, 1083)
(383, 1083)
(382, 1084)
(381, 1085)
(380, 1085)
(380, 1086)
(379, 1087)
(378, 1087)
(377, 1088)
(377, 1089)
(376, 1089)
(375, 1090)
(374, 1091)
(374, 1091)
(373, 1092)
(372, 1092)
(371, 1093)
(370, 1094)
(370, 1094)
(369, 1095)
(368, 1096)
(367, 1096)
(367, 1097)
(366, 1098)
(365, 1098)
(364, 1099)
(364, 1100)
(363, 1100)
(362, 1101)
(361, 1101)
(361, 1102)
(360, 1103)
(359, 1103)
(358, 1104)
(357, 1105)
(357, 1105)
(356, 1106)
(355, 1107)
(354, 1107)
(354, 1108)
(353, 1109)
(352, 1109)
(351, 1110)
(351, 1110)
(350, 1111)
(349, 1112)
(348, 1112)
(347, 1113)
(347, 1114)
(346, 1114)
(345, 1115)
(344, 1116)
(344, 1116)
(343, 1117)
(342, 1118)
(341, 1118)
(341, 1119)
(340, 1119)
(339, 1120)
(338, 1121)
(338, 1121)
(337, 1122)
(336, 1123)
(335, 1123)
(334, 1124)
(334, 1125)
(333, 1125)
(332, 1126)
(331, 1127)
(331, 1127)
(330, 1128)
(329, 1128)
(328, 1129)
(328, 1130)
(327, 1130)
(326, 1131)
(325, 1132)
(325, 1132)
(324, 1133)
(323, 1134)
(322, 1134)
(321, 1135)
(321, 1136)
(320, 1136)
(319, 1137)
(318, 1137)
(318, 1138)
(317, 1139)
(316, 1139)
(315, 1140)
(315, 1141)
(314, 1141)
(313, 1142)
(312, 1143)
(311, 1143)
(311, 1144)
(310, 1145)
(309, 1145)
(308, 1146)
(308, 1146)
(307, 1147)
(306, 1148)
(305, 1148)
(305, 1149)
(304, 1150)
(303, 1150)
(302, 1151)
(302, 1152)
(301, 1152)
(300, 1153)
(299, 1154)
(298, 1154)
(298, 1155)
(297, 1155)
(296, 1156)
(295, 1157)
(295, 1157)
(294, 1158)
(293, 1159)
(292, 1159)
(292, 1160)
(291, 1161)
(290, 1161)
(289, 1162)
(289, 1163)
(288, 1163)
(287, 1164)
(286, 1164)
(285, 1165)
(285, 1166)
(284, 1166)
(283, 1167)
(282, 1168)
(282, 1168)
(281, 1169)
(280, 1170)
(279, 1170)
(279, 1171)
(278, 1172)
(277, 1172)
(276, 1173)
(275, 1173)
(275, 1174)
(276, 1177)
(277, 1180)
(278, 1183)
(279, 1186)
(280, 1189)
(281, 1192)
(282, 1195)
(283, 1198)
(284, 1201)
(285, 1204)
(286, 1207)
(287, 1210)
(288, 1213)
(289, 1216)
(290, 1219)
(291, 1222)
(292, 1225)
(293, 1228)
(294, 1231)
(295, 1234)
(296, 1237)
(297, 1240)
(298, 1243)
(299, 1246)
(300, 1249)
(301, 1252)
(302, 1255)
(303, 1258)
(304, 1261)
(305, 1264)
(306, 1267)
(307, 1270)
(308, 1273)
(309, 1276)
(310, 1279)
(311, 1282)
(312, 1285)
(313, 1288)
(314, 1291)
(335, 1354)
(336, 1357)
(337, 1360)
(338, 1363)
(339, 1366)
(340, 1369)
(341, 1372)
(342, 1375)
(343, 1378)
(344, 1381)
(345, 1384)
(346, 1387)
(347, 1390)
(348, 1393)
(349, 1396)
(350, 1399)
(351, 1402)
(352, 1405)
(353, 1408)
(354, 1411)
(355, 1414)
(356, 1417)
(357, 1420)
(358, 1423)
(359, 1426)
(360, 1429)
(360, 1429)
(360, 1429)
(361, 1428)
(362, 1427)
(363, 1427)
(363, 1426)
(364, 1425)
(365, 1425)
(366, 1424)
(366, 1423)
(367, 1423)
(368, 1422)
(369, 1422)
(370, 1421)
(370, 1420)
(371, 1420)
(372, 1419)
(373, 1418)
(373, 1418)
(374, 1417)
(375, 1416)
(376, 1416)
(376, 1415)
(377, 1414)
(378, 1414)
(379, 1413)
(379, 1413)
(380, 1412)
(381, 1411)
(382, 1411)
(383, 1410)
(383, 1409)
(384, 1409)
(385, 1408)
(386, 1407)
(386, 1407)
(387, 1406)
(388, 1405)
(389, 1405)
(389, 1404)
(390, 1404)
(391, 1403)
(392, 1402)
(393, 1402)
(393, 1401)
(394, 1400)
(395, 1400)
(396, 1399)
(396, 1398)
(397, 1398)
(398, 1397)
(399, 1396)
(399, 1396)
(400, 1395)
(401, 1395)
(402, 1394)
(402, 1393)
(403, 1393)
(404, 1392)
(405, 1391)
(406, 1391)
(406, 1390)
(407, 1389)
(408, 1389)
(409, 1388)
(409, 1387)
(410, 1387)
(411, 1386)
(412, 1386)
(412, 1385)
(413, 1384)
(414, 1384)
(415, 1383)
(415, 1382)
(416, 1382)
(417, 1381)
(418, 1380)
(419, 1380)
(419, 1379)
(420, 1378)
(421, 1378)
(422, 1377)
(422, 1377)
(423, 1376)
(424, 1375)
(425, 1375)
(425, 1374)
(426, 1373)
(427, 1373)
(428, 1372)
(429, 1371)
(429, 1371)
(430, 1370)
(431, 1369)
(432, 1369)
(432, 1368)
(433, 1368)
(434, 1367)
(435, 1366)
(435, 1366)
(436, 1365)
(437, 1364)
(438, 1364)
(438, 1363)
(439, 1362)
(440, 1362)
(441, 1361)
(442, 1360)
(442, 1360)
(443, 1359)
(444, 1359)
(445, 1358)
(445, 1357)
(446, 1357)
(447, 1356)
(448, 1355)
(448, 1355)
(449, 1354)
(450, 1353)
(451, 1353)
(452, 1352)
(452, 1351)
(453, 1351)
(454, 1350)
(455, 1350)
(455, 1349)
(456, 1348)
(457, 1348)
(458, 1347)
(458, 1346)
(459, 1346)
(460, 1345)
(461, 1344)
(461, 1344)
(462, 1343)
(463, 1342)
(464, 1342)
(465, 1341)
(465, 1341)
(466, 1340)
(467, 1339)
(468, 1339)
(468, 1338)
(469, 1337)
(470, 1337)
(471, 1336)
(471, 1335)
(472, 1335)
(473, 1334)
(474, 1333)
(474, 1333)
(475, 1332)
(476, 1332)
(477, 1331)
(478, 1330)
(478, 1330)
(479, 1329)
(480, 1328)
(481, 1328)
(481, 1327)
(482, 1326)
(483, 1326)
(484, 1325)
(484, 1324)
(485, 1324)
(486, 1323)
(487, 1323)
(488, 1322)
(488, 1321)
(489, 1321)
(490, 1320)
(491, 1319)
(491, 1319)
(492, 1318)
(493, 1317)
(494, 1317)
(494, 1316)
(495, 1315)
(496, 1315)
(497, 1314)
(497, 1314)
(498, 1313)
(499, 1312)
(500, 1312)
(501, 1311)
(501, 1310)
(502, 1310)
(503, 1309)
(504, 1308)
(504, 1308)
(505, 1307)
(506, 1306)
(507, 1306)
(507, 1305)
(508, 1305)
(509, 1304)
(510, 1303)
(510, 1303)
(511, 1302)
(512, 1301)
(513, 1301)
(514, 1300)
(514, 1299)
(515, 1299)
(516, 1298)
(517, 1297)
(517, 1297)
(518, 1296)
(519, 1296)
(520, 1295)
(520, 1294)
(521, 1294)
(522, 1293)
(523, 1292)
(524, 1292)
(524, 1291)
(525, 1290)
(526, 1290)
(527, 1289)
(527, 1288)
(528, 1288)
(529, 1287)
(530, 1287)
(530, 1286)
(531, 1285)
(532, 1285)
(533, 1284)
(533, 1283)
(534, 1283)
(535, 1282)
(536, 1281)
(537, 1281)
(537, 1280)
(538, 1279)
(539, 1279)
(540, 1278)
(540, 1278)
(541, 1277)
(542, 1276)
(543, 1276)
(543, 1275)
(544, 1274)
(545, 1274)
(546, 1273)
(546, 1272)
(547, 1272)
(548, 1271)
(549, 1270)
(550, 1270)
(550, 1269)
(551, 1269)
(552, 1268)
(553, 1267)
(553, 1267)
(554, 1266)
(555, 1265)
(556, 1265)
(556, 1264)
(557, 1263)
(558, 1263)
(559, 1262)
(560, 1261)
(560, 1261)
(561, 1260)
(562, 1260)
(563, 1259)
(563, 1258)
(564, 1258)
(565, 1257)
(566, 1256)
(566, 1256)
(567, 1255)
(568, 1254)
(569, 1254)
(569, 1253)
(570, 1252)
(571, 1252)
(572, 1251)
(573, 1251)
(573, 1250)
(574, 1249)
(575, 1249)
(576, 1248)
(576, 1247)
(577, 1247)
(578, 1246)
(579, 1245)
(579, 1245)
(580, 1244)
(581, 1243)
(582, 1243)
(582, 1242)
(583, 1242)
(584, 1241)
(585, 1240)
(586, 1240)
(586, 1239)
(587, 1238)
(588, 1238)
(589, 1237)
(589, 1236)
(590, 1236)
(591, 1235)
(592, 1234)
(592, 1234)
(593, 1233)
(594, 1233)
(595, 1232)
(596, 1231)
(596, 1231)
(597, 1230)
(598, 1229)
(599, 1229)
(599, 1228)
(600, 1227)
(601, 1227)
(602, 1226)
(602, 1225)
(603, 1225)
(604, 1224)
(605, 1224)
(605, 1223)
(606, 1222)
(607, 1222)
(608, 1221)
(609, 1220)
(609, 1220)
(610, 1219)
(611, 1218)
(612, 1218)
(612, 1217)
(613, 1216)
(614, 1216)
(615, 1215)
(615, 1215)
(616, 1214)
(617, 1213)
(618, 1213)
(619, 1212)
(619, 1211)
(620, 1211)
(621, 1210)
(622, 1209)
(622, 1209)
(623, 1208)
(624, 1207)
(625, 1207)
(625, 1206)
(626, 1206)
(627, 1205)
(628, 1204)
(628, 1204)
(629, 1203)
(630, 1202)
(631, 1202)
(632, 1201)
(632, 1200)
(633, 1200)
(634, 1199)
(635, 1198)
(635, 1198)
(636, 1197)
(637, 1197)
(638, 1196)
(638, 1195)
(639, 1195)
(640, 1194)
(641, 1193)
(641, 1193)
(642, 1192)
(643, 1191)
(644, 1191)
(645, 1190)
(645, 1189)
(646, 1189)
(647, 1188)
(648, 1188)
(648, 1187)
(649, 1186)
(650, 1186)
(651, 1185)
(651, 1184)
(652, 1184)
(653, 1183)
(654, 1182)
(655, 1182)
(655, 1181)
(656, 1180)
(657, 1180)
(658, 1179)
(658, 1179)
(659, 1178)
(660, 1177)
(661, 1177)
(661, 1176)
(662, 1175)
(663, 1175)
(664, 1174)
(664, 1173)
(665, 1173)
(666, 1172)
(667, 1171)
(668, 1171)
(668, 1170)
(669, 1170)
(670, 1169)
(671, 1168)
(671, 1168)
(672, 1167)
(673, 1166)
(674, 1166)
(674, 1165)
(675, 1164)
(676, 1164)
(677, 1163)
(677, 1162)
(678, 1162)
(679, 1161)
(680, 1161)
(681, 1160)
(681, 1159)
(682, 1159)
(683, 1158)
(684, 1157)
(684, 1157)
(685, 1156)
(686, 1155)
(687, 1155)
(687, 1154)
(688, 1153)
(689, 1153)
(690, 1152)
(691, 1152)
(691, 1151)
(692, 1150)
(693, 1150)
(694, 1149)
(694, 1148)
(695, 1148)
(696, 1147)
(697, 1146)
(697, 1146)
(698, 1145)
(699, 1144)
(700, 1144)
(700, 1143)
(701, 1143)
(702, 1142)
(703, 1141)
(704, 1141)
(704, 1140)
(705, 1139)
(706, 1139)
(707, 1138)
(707, 1137)
(708, 1137)
(709, 1136)
(710, 1135)
(710, 1135)
(711, 1134)
(712, 1134)
(713, 1133)
(713, 1132)
(714, 1132)
(715, 1131)
(716, 1130)
(717, 1130)
(717, 1129)
(718, 1128)
(719, 1128)
(720, 1127)
(720, 1126)
(721, 1126)
(722, 1125)
(723, 1125)
(723, 1124)
(724, 1123)
(725, 1123)
(726, 1122)
(727, 1121)
(727, 1121)
(728, 1120)
(729, 1119)
(730, 1119)
(730, 1118)
(731, 1117)
(732, 1117)
(733, 1116)
(733, 1116)
(734, 1115)
(735, 1114)
(736, 1114)
(736, 1113)
(737, 1112)
(738, 1112)
(739, 1111)
(740, 1110)
(740, 1110)
(741, 1109)
(742, 1108)
(743, 1108)
(743, 1107)
(744, 1107)
(745, 1106)
(746, 1105)
(746, 1105)
(747, 1104)
(748, 1103)
(749, 1103)
(749, 1102)
(750, 1101)
(751, 1101)
(752, 1100)
(753, 1099)
(753, 1099)
(754, 1098)
(755, 1098)
(756, 1097)
(756, 1096)
(757, 1096)
(758, 1095)
(759, 1094)
(759, 1094)
(760, 1093)
(761, 1092)
(762, 1092)
(763, 1091)
(763, 1090)
(764, 1090)
(765, 1089)
(766, 1089)
(766, 1088)
(767, 1087)
(768, 1087)
(769, 1086)
(769, 1085)
(770, 1085)
(771, 1084)
(772, 1083)
(772, 1083)
(773, 1082)
(774, 1081)
(775, 1081)
(776, 1080)
(776, 1080)
(777, 1079)
(778, 1078)
(779, 1078)
(779, 1077)
(780, 1076)
(781, 1076)
(782, 1075)
(782, 1074)
(783, 1074)
(784, 1073)
(785, 1072)
(785, 1072)
(786, 1071)
(787, 1071)
(788, 1070)
(789, 1069)
(789, 1069)
(790, 1068)
(791, 1067)
(792, 1067)
(792, 1066)
(793, 1065)
(794, 1065)
(795, 1064)
(795, 1063)
(796, 1063)
(797, 1062)
(798, 1062)
(799, 1061)
(799, 1060)
(800, 1060)
(801, 1059)
(802, 1058)
(802, 1058)
(803, 1057)
(804, 1056)
(805, 1056)
(805, 1055)
(806, 1054)
(807, 1054)
(808, 1053)
(808, 1053)
(809, 1052)
(810, 1051)
(811, 1051)
(812, 1050)
(812, 1049)
(813, 1049)
(814, 1048)
(815, 1047)
(815, 1047)
(816, 1046)
(817, 1045)
(818, 1045)
(818, 1044)
(819, 1044)
(820, 1043)
(821, 1042)
(822, 1042)
(822, 1041)
(823, 1040)
(824, 1040)
(825, 1039)
(825, 1038)
(826, 1038)
(827, 1037)
(828, 1036)
(828, 1036)
(829, 1035)
(830, 1035)
(831, 1034)
(831, 1033)
(832, 1033)
(833, 1032)
(834, 1031)
(835, 1031)
(835, 1030)
(836, 1029)
(837, 1029)
(838, 1028)
(838, 1027)
(839, 1027)
(840, 1026)
(841, 1026)
(841, 1025)
(842, 1024)
(843, 1024)
(844, 1023)
(844, 1022)
(845, 1022)
(846, 1021)
(847, 1020)
(848, 1020)
(848, 1019)
(849, 1019)
(850, 1018)
(851, 1017)
(851, 1017)
(852, 1016)
(853, 1015)
(854, 1015)
(854, 1014)
(855, 1013)
(856, 1013)
(857, 1012)
(858, 1011)
(858, 1011)
(859, 1010)
(860, 1010)
(861, 1009)
(861, 1008)
(862, 1008)
(863, 1007)
(864, 1006)
(864, 1006)
(865, 1005)
(866, 1004)
(867, 1004)
(867, 1003)
(868, 1002)
(869, 1002)
(870, 1001)
(871, 1001)
(871, 1000)
(872, 999)
(873, 999)
(874, 998)
(874, 997)
(875, 997)
(876, 996)
(877, 995)
(877, 995)
(878, 994)
(879, 993)
(880, 993)
(880, 992)
(881, 992)
(882, 991)
(883, 990)
(884, 990)
(884, 989)
(885, 988)
(886, 988)
(887, 987)
(887, 986)
(888, 986)
(889, 985)
(890, 984)
(890, 984)
(891, 983)
(892, 983)
(893, 982)
(894, 981)
(894, 981)
(895, 980)
(896, 979)
(897, 979)
(897, 978)
(898, 977)
(899, 977)
(900, 976)
(900, 975)
(901, 975)
(902, 974)
(903, 974)
(903, 973)
(904, 972)
(905, 972)
(906, 971)
(907, 970)
(907, 970)
(908, 969)
(909, 968)
(910, 968)
(910, 967)
(911, 966)
(912, 966)
(913, 965)
(913, 965)
(914, 964)
(915, 963)
(916, 963)
(916, 962)
(917, 961)
(918, 961)
(919, 960)
(920, 959)
(920, 959)
(921, 958)
(922, 957)
(923, 957)
(923, 956)
(924, 956)
(925, 955)
(926, 954)
(926, 954)
(927, 953)
(928, 952)
(929, 952)
(930, 951)
(930, 950)
(931, 950)
(932, 949)
(933, 948)
(933, 948)
(934, 947)
(935, 947)
(936, 946)
(936, 945)
(937, 945)
(938, 944)
(939, 943)
(939, 943)
(940, 942)
(941, 941)
(942, 941)
(943, 940)
(943, 939)
(944, 939)
(945, 938)
(946, 938)
(946, 937)
(947, 936)
(948, 936)
(949, 935)
(949, 934)
(950, 934)
(951, 933)
(952, 932)
(952, 932)
(953, 931)
(954, 930)
(955, 930)
(956, 929)
(956, 929)
(957, 928)
(958, 927)
(959, 927)
(959, 926)
(960, 925)
(961, 925)
(962, 924)
(962, 923)
(963, 923)
(964, 922)
(965, 921)
(966, 921)
(966, 920)
(967, 920)
(968, 919)
(969, 918)
(969, 918)
(970, 917)
(971, 916)
(972, 916)
(972, 915)
(973, 914)
(974, 914)
(975, 913)
(975, 912)
(976, 912)
(977, 911)
(978, 911)
(979, 910)
(979, 909)
(980, 909)
(981, 908)
(982, 907)
(982, 907)
(983, 906)
(984, 905)
(985, 905)
(985, 904)
(986, 903)
(987, 903)
(988, 902)
(989, 902)
(989, 901)
(990, 900)
(991, 900)
(992, 899)
(992, 898)
(993, 898)
(994, 897)
(995, 896)
(995, 896)
(996, 895)
(997, 894)
(998, 894)
(998, 893)
(999, 893)
(1000, 892)
(1001, 891)
(1002, 891)
(1002, 890)
(1003, 889)
(1004, 889)
(1005, 888)
(1005, 887)
(1006, 887)
(1007, 886)
(1008, 885)
(1008, 885)
(1009, 884)
(1010, 884)
(1011, 883)
(1011, 882)
(1012, 882)
(1013, 881)
(1014, 880)
(1015, 880)
(1015, 879)
(1016, 878)
(1017, 878)
(1018, 877)
(1018, 876)
(1019, 876)
(1020, 875)
(1021, 875)
(1021, 874)
(1022, 873)
(1023, 873)
(1024, 872)
(1025, 871)
(1025, 871)
(1026, 870)
(1027, 869)
(1028, 869)
(1028, 868)
(1029, 867)
(1030, 867)
(1031, 866)
(1031, 866)
(1032, 865)
(1033, 864)
(1034, 864)
(1034, 863)
(1035, 862)
(1036, 862)
(1037, 861)
(1038, 860)
(1038, 860)
(1039, 859)
(1040, 858)
(1041, 858)
(1041, 857)
(1042, 857)
(1043, 856)
(1044, 855)
(1044, 855)
(1045, 854)
(1046, 853)
(1047, 853)
(1047, 852)
(1048, 851)
(1049, 851)
(1050, 850)
(1051, 849)
(1051, 849)
(1052, 848)
(1053, 848)
(1054, 847)
(1054, 846)
(1055, 846)
(1056, 845)
(1057, 844)
(1057, 844)
(1058, 843)
(1059, 842)
(1060, 842)
(1061, 841)
(1061, 840)
(1062, 840)
(1063, 839)
(1064, 839)
(1064, 838)
(1065, 837)
(1066, 837)
(1067, 836)
(1067, 835)
(1068, 835)
(1069, 834)
(1070, 833)
(1070, 833)
(1071, 832)
(1072, 831)
(1073, 831)
(1074, 830)
(1074, 830)
(1075, 829)
(1076, 828)
(1077, 828)
(1077, 827)
(1078, 826)
(1079, 826)
(1080, 825)
(1080, 824)
(1081, 824)
(1082, 823)
(1083, 822)
(1083, 822)
(1084, 821)
(1085, 821)
(1086, 820)
(1087, 819)
(1087, 819)
(1088, 818)
(1089, 817)
(1090, 817)
(1090, 816)
(1091, 815)
(1092, 815)
(1093, 814)
(1093, 813)
(1094, 813)
(1095, 812)
(1096, 812)
(1097, 811)
(1097, 810)
(1098, 810)
(1099, 809)
(1100, 808)
(1100, 808)
(1101, 807)
(1102, 806)
(1103, 806)
(1103, 805)
(1104, 804)
(1105, 804)
(1106, 803)
(1106, 803)
(1107, 802)
(1108, 801)
(1109, 801)
(1110, 800)
(1110, 799)
(1111, 799)
(1112, 798)
(1113, 797)
(1113, 797)
(1114, 796)
(1115, 795)
(1116, 795)
(1116, 794)
(1117, 794)
(1118, 793)
(1119, 792)
(1119, 792)
(1120, 791)
(1121, 790)
(1122, 790)
(1123, 789)
(1123, 788)
(1124, 788)
(1125, 787)
(1126, 786)
(1126, 786)
(1127, 785)
(1128, 785)
(1129, 784)
(1129, 783)
(1130, 783)
(1131, 782)
(1132, 781)
(1133, 781)
(1133, 780)
(1134, 779)
(1135, 779)
(1136, 778)
(1136, 777)
(1137, 777)
(1138, 776)
(1139, 776)
(1139, 775)
(1140, 774)
(1141, 774)
(1142, 773)
(1142, 772)
(1143, 772)
(1144, 771)
(1145, 770)
(1146, 770)
(1146, 769)
(1147, 768)
(1148, 768)
(1149, 767)
(1149, 767)
(1150, 766)
(1151, 765)
(1152, 765)
(1152, 764)
(1153, 763)
(1154, 763)
(1155, 762)
(1155, 761)
(1156, 761)
(1157, 760)
(1158, 759)
(1159, 759)
(1159, 758)
(1160, 758)
(1161, 757)
(1162, 756)
(1162, 756)
(1163, 755)
(1164, 754)
(1165, 754)
(1165, 753)
(1166, 752)
(1167, 752)
(1168, 751)
(1169, 750)
(1169, 750)
(1170, 749)
(1171, 749)
(1172, 748)
(1172, 747)
(1173, 747)
(1174, 746)
(1175, 745)
(1175, 745)
(1176, 744)
(1177, 743)
(1178, 743)
(1178, 742)
(1179, 741)
(1180, 741)
(1181, 740)
(1182, 740)
(1182, 739)
(1183, 738)
(1184, 738)
(1185, 737)
(1185, 736)
(1186, 736)
(1187, 735)
(1188, 734)
(1188, 734)
(1189, 733)
(1190, 732)
(1191, 732)
(1192, 731)
(1192, 731)
(1193, 730)
(1194, 729)
(1195, 729)
(1195, 728)
(1196, 727)
(1197, 727)
(1198, 726)
(1198, 725)
(1199, 725)
(1200, 724)
(1201, 723)
(1201, 723)
(1202, 722)
(1203, 722)
(1204, 721)
(1205, 720)
(1205, 720)
(1206, 719)
(1207, 718)
(1208, 718)
(1208, 717)
(1209, 716)
(1210, 716)
(1211, 715)
(1211, 714)
(1212, 714)
(1213, 713)
(1214, 713)
(1214, 712)
(1215, 711)
(1216, 711)
(1217, 710)
(1218, 709)
(1218, 709)
(1219, 708)
(1220, 707)
(1221, 707)
(1221, 706)
(1222, 705)
(1223, 705)
(1224, 704)
(1224, 704)
(1225, 703)
(1226, 702)
(1227, 702)
(1228, 701)
(1228, 700)
(1229, 700)
(1230, 699)
(1231, 698)
(1231, 698)
(1232, 697)
(1233, 696)
(1234, 696)
(1234, 695)
(1235, 695)
(1236, 694)
(1237, 693)
(1237, 693)
(1238, 692)
(1239, 691)
(1240, 691)
(1241, 690)
(1241, 689)
(1242, 689)
(1243, 688)
(1244, 687)
(1244, 687)
(1245, 686)
(1246, 686)
(1247, 685)
(1247, 684)
(1248, 684)
(1249, 683)
(1250, 682)
(1250, 682)
(1251, 681)
(1252, 680)
(1253, 680)
(1254, 679)
(1254, 678)
(1255, 678)
(1256, 677)
(1257, 677)
(1257, 676)
(1258, 675)
(1259, 675)
(1260, 674)
(1260, 673)
(1261, 673)
(1262, 672)
(1263, 671)
(1264, 671)
(1264, 670)
(1265, 669)
(1266, 669)
(1267, 668)
(1267, 668)
(1268, 667)
(1269, 666)
(1270, 666)
(1270, 665)
(1271, 664)
(1272, 664)
(1273, 663)
(1273, 662)
(1274, 662)
(1275, 661)
(1276, 660)
(1277, 660)
(1277, 659)
(1278, 659)
(1279, 658)
(1280, 657)
(1280, 657)
(1281, 656)
(1282, 655)
(1283, 655)
(1283, 654)
(1284, 653)
(1285, 653)
(1286, 652)
(1286, 651)
(1287, 651)
(1288, 650)
(1289, 650)
(1290, 649)
(1290, 650)
(1290, 651)
(1291, 652)
(1291, 653)
(1291, 654)
(1292, 655)
(1292, 656)
(1292, 657)
(1292, 658)
(1293, 659)
(1293, 660)
(1293, 661)
(1294, 662)
(1294, 663)
(1294, 664)
(1295, 665)
(1295, 666)
(1295, 667)
(1296, 668)
(1296, 669)
(1296, 670)
(1297, 671)
(1297, 672)
(1297, 673)
(1298, 674)
(1298, 675)
(1298, 676)
(1299, 677)
(1299, 678)
(1299, 679)
(1300, 680)
(1300, 681)
(1300, 682)
(1301, 683)
(1301, 684)
(1301, 685)
(1302, 686)
(1302, 687)
(1302, 688)
(1303, 689)
(1303, 690)
(1303, 691)
(1303, 692)
(1304, 693)
(1304, 694)
(1304, 695)
(1305, 696)
(1305, 697)
(1305, 698)
(1306, 699)
(1306, 700)
(1306, 701)
(1307, 702)
(1307, 703)
(1307, 704)
(1308, 705)
(1308, 706)
(1308, 707)
(1309, 708)
(1309, 709)
(1309, 710)
(1310, 711)
(1310, 712)
(1310, 713)
(1311, 714)
(1311, 715)
(1311, 716)
(1312, 717)
(1312, 718)
(1312, 719)
(1313, 720)
(1313, 721)
(1313, 722)
(1314, 723)
(1314, 724)
(1314, 725)
(1315, 726)
(1315, 727)
(1315, 728)
(1315, 729)
(1316, 730)
(1316, 731)
(1316, 732)
(1317, 733)
(1317, 734)
(1317, 735)
(1318, 736)
(1318, 737)
(1318, 738)
(1319, 739)
(1319, 740)
(1319, 741)
(1320, 742)
(1320, 743)
(1320, 744)
(1321, 745)
(1321, 746)
(1321, 747)
(1322, 748)
(1322, 749)
(1322, 750)
(1323, 751)
(1323, 752)
(1323, 753)
(1324, 754)
(1324, 755)
(1324, 756)
(1325, 757)
(1325, 758)
(1325, 759)
(1326, 760)
(1326, 761)
(1326, 762)
(1327, 763)
(1327, 764)
(1327, 765)
(1327, 766)
(1328, 767)
(1328, 768)
(1328, 769)
(1329, 770)
(1329, 771)
(1329, 772)
(1330, 773)
(1330, 774)
(1330, 775)
(1331, 776)
(1331, 777)
(1331, 778)
(1332, 779)
(1332, 780)
(1332, 781)
(1333, 782)
(1333, 783)
(1333, 784)
(1334, 785)
(1334, 786)
(1334, 787)
(1335, 788)
(1335, 789)
(1335, 790)
(1336, 791)
(1336, 792)
(1336, 793)
(1337, 794)
(1337, 795)
(1337, 796)
(1338, 797)
(1338, 798)
(1338, 799)
(1339, 800)
(1339, 801)
(1339, 802)
(1339, 803)
(1340, 804)
(1340, 805)
(1340, 806)
(1341, 807)
(1341, 808)
(1341, 809)
(1342, 810)
(1342, 811)
(1342, 812)
(1343, 813)
(1343, 814)
(1343, 815)
(1344, 816)
(1344, 817)
(1344, 818)
(1345, 819)
(1345, 820)
(1345, 821)
(1346, 822)
(1346, 823)
(1346, 824)
(1347, 825)
(1347, 826)
(1347, 827)
(1348, 828)
(1348, 829)
(1348, 829)
(1349, 831)
(1349, 832)
(1350, 834)
(1350, 835)
(1351, 837)
(1351, 838)
(1351, 839)
(1352, 840)
(1352, 841)
(1352, 842)
(1353, 843)
(1353, 844)
(1353, 845)
(1354, 846)
(1354, 847)
(1354, 848)
(1355, 849)
(1355, 850)
(1355, 851)
(1356, 852)
(1356, 853)
(1356, 854)
(1357, 855)
(1357, 856)
(1357, 857)
(1358, 859)
(1358, 860)
(1359, 862)
(1359, 863)
(1360, 865)
(1360, 866)
(1361, 868)
(1361, 869)
(1362, 871)
(1362, 872)
(1363, 874)
(1363, 875)
(1363, 876)
(1364, 877)
(1364, 878)
(1364, 879)
(1365, 880)
(1365, 881)
(1365, 882)
(1366, 883)
(1366, 884)
(1366, 885)
(1367, 886)
(1367, 887)
(1367, 888)
(1368, 889)
(1368, 890)
(1368, 891)
(1369, 892)
(1369, 893)
(1369, 894)
(1370, 895)
(1370, 896)
(1370, 897)
(1371, 899)
(1371, 900)
(1372, 902)
(1372, 903)
(1373, 905)
(1373, 905)
(1372, 906)
(1371, 907)
(1371, 907)
(1370, 908)
(1369, 909)
(1368, 909)
(1368, 910)
(1367, 910)
(1366, 911)
(1365, 912)
(1364, 912)
(1364, 913)
(1363, 914)
(1362, 914)
(1361, 915)
(1361, 916)
(1360, 916)
(1359, 917)
(1358, 918)
(1358, 918)
(1357, 919)
(1356, 919)
(1355, 920)
(1354, 921)
(1354, 921)
(1353, 922)
(1352, 923)
(1351, 923)
(1351, 924)
(1350, 925)
(1349, 925)
(1348, 926)
(1348, 927)
(1347, 927)
(1346, 928)
(1345, 928)
(1345, 929)
(1344, 930)
(1343, 930)
(1342, 931)
(1341, 932)
(1341, 932)
(1340, 933)
(1339, 934)
(1338, 934)
(1338, 935)
(1337, 936)
(1336, 936)
(1335, 937)
(1335, 937)
(1334, 938)
(1333, 939)
(1332, 939)
(1332, 940)
(1331, 941)
(1330, 941)
(1329, 942)
(1328, 943)
(1328, 943)
(1327, 944)
(1326, 945)
(1325, 945)
(1325, 946)
(1324, 946)
(1323, 947)
(1322, 948)
(1322, 948)
(1321, 949)
(1320, 950)
(1319, 950)
(1318, 951)
(1318, 952)
(1317, 952)
(1316, 953)
(1315, 954)
(1315, 954)
(1314, 955)
(1313, 955)
(1312, 956)
(1312, 957)
(1311, 957)
(1310, 958)
(1309, 959)
(1309, 959)
(1308, 960)
(1307, 961)
(1306, 961)
(1305, 962)
(1305, 963)
(1304, 963)
(1303, 964)
(1302, 964)
(1302, 965)
(1301, 966)
(1300, 966)
(1299, 967)
(1299, 968)
(1298, 968)
(1297, 969)
(1296, 970)
(1296, 970)
(1295, 971)
(1294, 972)
(1293, 972)
(1292, 973)
(1292, 973)
(1291, 974)
(1290, 975)
(1289, 975)
(1289, 976)
(1288, 977)
(1287, 977)
(1286, 978)
(1286, 979)
(1285, 979)
(1284, 980)
(1283, 981)
(1282, 981)
(1282, 982)
(1281, 982)
(1280, 983)
(1279, 984)
(1279, 984)
(1278, 985)
(1277, 986)
(1276, 986)
(1276, 987)
(1275, 988)
(1274, 988)
(1273, 989)
(1273, 990)
(1272, 990)
(1271, 991)
(1270, 991)
(1269, 992)
(1269, 993)
(1268, 993)
(1267, 994)
(1266, 995)
(1266, 995)
(1265, 996)
(1264, 997)
(1263, 997)
(1263, 998)
(1262, 999)
(1261, 999)
(1260, 1000)
(1260, 1000)
(1259, 1001)
(1258, 1002)
(1257, 1002)
(1256, 1003)
(1256, 1004)
(1255, 1004)
(1254, 1005)
(1253, 1006)
(1253, 1006)
(1252, 1007)
(1251, 1008)
(1250, 1008)
(1250, 1009)
(1249, 1009)
(1248, 1010)
(1247, 1011)
(1246, 1011)
(1246, 1012)
(1245, 1013)
(1244, 1013)
(1243, 1014)
(1243, 1015)
(1242, 1015)
(1241, 1016)
(1240, 1017)
(1240, 1017)
(1239, 1018)
(1238, 1018)
(1237, 1019)
(1237, 1020)
(1236, 1020)
(1235, 1021)
(1234, 1022)
(1233, 1022)
(1233, 1023)
(1232, 1024)
(1231, 1024)
(1230, 1025)
(1230, 1026)
(1229, 1026)
(1228, 1027)
(1227, 1027)
(1227, 1028)
(1226, 1029)
(1225, 1029)
(1224, 1030)
(1224, 1031)
(1223, 1031)
(1222, 1032)
(1221, 1033)
(1220, 1033)
(1220, 1034)
(1219, 1035)
(1218, 1035)
(1217, 1036)
(1217, 1036)
(1216, 1037)
(1215, 1038)
(1214, 1038)
(1214, 1039)
(1213, 1040)
(1212, 1040)
(1211, 1041)
(1210, 1042)
(1210, 1042)
(1209, 1043)
(1208, 1044)
(1207, 1044)
(1207, 1045)
(1206, 1045)
(1205, 1046)
(1204, 1047)
(1204, 1047)
(1203, 1048)
(1202, 1049)
(1201, 1049)
(1201, 1050)
(1200, 1051)
(1199, 1051)
(1198, 1052)
(1197, 1053)
(1197, 1053)
(1196, 1054)
(1195, 1054)
(1194, 1055)
(1194, 1056)
(1193, 1056)
(1192, 1057)
(1191, 1058)
(1191, 1058)
(1190, 1059)
(1189, 1060)
(1188, 1060)
(1187, 1061)
(1187, 1062)
(1186, 1062)
(1185, 1063)
(1184, 1063)
(1184, 1064)
(1183, 1065)
(1182, 1065)
(1181, 1066)
(1181, 1067)
(1180, 1067)
(1179, 1068)
(1178, 1069)
(1178, 1069)
(1177, 1070)
(1176, 1071)
(1175, 1071)
(1174, 1072)
(1174, 1072)
(1173, 1073)
(1172, 1074)
(1171, 1074)
(1171, 1075)
(1170, 1076)
(1169, 1076)
(1168, 1077)
(1168, 1078)
(1167, 1078)
(1166, 1079)
(1165, 1080)
(1165, 1080)
(1164, 1081)
(1163, 1081)
(1162, 1082)
(1161, 1083)
(1161, 1083)
(1160, 1084)
(1159, 1085)
(1158, 1085)
(1158, 1086)
(1157, 1087)
(1156, 1087)
(1155, 1088)
(1155, 1089)
(1154, 1089)
(1153, 1090)
(1152, 1090)
(1151, 1091)
(1151, 1092)
(1150, 1092)
(1149, 1093)
(1148, 1094)
(1148, 1094)
(1147, 1095)
(1146, 1096)
(1145, 1096)
(1145, 1097)
(1144, 1098)
(1143, 1098)
(1142, 1099)
(1142, 1099)
(1141, 1100)
(1140, 1101)
(1139, 1101)
(1138, 1102)
(1138, 1103)
(1137, 1103)
(1136, 1104)
(1135, 1105)
(1135, 1105)
(1134, 1106)
(1133, 1107)
(1132, 1107)
(1132, 1108)
(1131, 1108)
(1130, 1109)
(1129, 1110)
(1129, 1110)
(1128, 1111)
(1127, 1112)
(1126, 1112)
(1125, 1113)
(1125, 1114)
(1124, 1114)
(1123, 1115)
(1122, 1116)
(1122, 1116)
(1121, 1117)
(1120, 1117)
(1119, 1118)
(1119, 1119)
(1118, 1119)
(1117, 1120)
(1116, 1121)
(1115, 1121)
(1115, 1122)
(1114, 1123)
(1113, 1123)
(1112, 1124)
(1112, 1125)
(1111, 1125)
(1110, 1126)
(1109, 1126)
(1109, 1127)
(1108, 1128)
(1107, 1128)
(1106, 1129)
(1106, 1130)
(1105, 1130)
(1104, 1131)
(1103, 1132)
(1102, 1132)
(1102, 1133)
(1101, 1134)
(1100, 1134)
(1099, 1135)
(1099, 1135)
(1098, 1136)
(1097, 1137)
(1096, 1137)
(1096, 1138)
(1095, 1139)
(1094, 1139)
(1093, 1140)
(1093, 1141)
(1092, 1141)
(1091, 1142)
(1090, 1143)
(1089, 1143)
(1089, 1144)
(1088, 1144)
(1087, 1145)
(1086, 1146)
(1086, 1146)
(1085, 1147)
(1084, 1148)
(1083, 1148)
(1083, 1149)
(1082, 1150)
(1081, 1150)
(1080, 1151)
(1079, 1152)
(1079, 1152)
(1078, 1153)
(1077, 1153)
(1076, 1154)
(1076, 1155)
(1075, 1155)
(1074, 1156)
(1073, 1157)
(1073, 1157)
(1072, 1158)
(1071, 1159)
(1070, 1159)
(1070, 1160)
(1069, 1161)
(1068, 1161)
(1067, 1162)
(1066, 1162)
(1066, 1163)
(1065, 1164)
(1064, 1164)
(1063, 1165)
(1063, 1166)
(1062, 1166)
(1061, 1167)
(1060, 1168)
(1060, 1168)
(1059, 1169)
(1058, 1170)
(1057, 1170)
(1057, 1171)
(1056, 1171)
(1055, 1172)
(1054, 1173)
(1053, 1173)
(1053, 1174)
(1052, 1175)
(1051, 1175)
(1050, 1176)
(1050, 1177)
(1049, 1177)
(1048, 1178)
(1047, 1179)
(1047, 1179)
(1046, 1180)
(1045, 1180)
(1044, 1181)
(1043, 1182)
(1043, 1182)
(1042, 1183)
(1041, 1184)
(1040, 1184)
(1040, 1185)
(1039, 1186)
(1038, 1186)
(1037, 1187)
(1037, 1188)
(1036, 1188)
(1035, 1189)
(1034, 1189)
(1034, 1190)
(1033, 1191)
(1032, 1191)
(1031, 1192)
(1030, 1193)
(1030, 1193)
(1029, 1194)
(1028, 1195)
(1027, 1195)
(1027, 1196)
(1026, 1197)
(1025, 1197)
(1024, 1198)
(1024, 1198)
(1023, 1199)
(1022, 1200)
(1021, 1200)
(1021, 1201)
(1020, 1202)
(1019, 1202)
(1018, 1203)
(1017, 1204)
(1017, 1204)
(1016, 1205)
(1015, 1206)
(1014, 1206)
(1014, 1207)
(1013, 1207)
(1012, 1208)
(1011, 1209)
(1011, 1209)
(1010, 1210)
(1009, 1211)
(1008, 1211)
(1007, 1212)
(1007, 1213)
(1006, 1213)
(1005, 1214)
(1004, 1215)
(1004, 1215)
(1003, 1216)
(1002, 1216)
(1001, 1217)
(1001, 1218)
(1000, 1218)
(999, 1219)
(998, 1220)
(998, 1220)
(997, 1221)
(996, 1222)
(995, 1222)
(994, 1223)
(994, 1224)
(993, 1224)
(992, 1225)
(991, 1225)
(991, 1226)
(990, 1227)
(989, 1227)
(988, 1228)
(988, 1229)
(987, 1229)
(986, 1230)
(985, 1231)
(984, 1231)
(984, 1232)
(983, 1233)
(982, 1233)
(981, 1234)
(981, 1234)
(980, 1235)
(979, 1236)
(978, 1236)
(978, 1237)
(977, 1238)
(976, 1238)
(975, 1239)
(975, 1240)
(974, 1240)
(973, 1241)
(972, 1242)
(971, 1242)
(971, 1243)
(970, 1243)
(969, 1244)
(968, 1245)
(968, 1245)
(967, 1246)
(966, 1247)
(965, 1247)
(965, 1248)
(964, 1249)
(963, 1249)
(962, 1250)
(962, 1251)
(961, 1251)
(960, 1252)
(959, 1252)
(958, 1253)
(958, 1254)
(957, 1254)
(956, 1255)
(955, 1256)
(955, 1256)
(954, 1257)
(953, 1258)
(952, 1258)
(952, 1259)
(951, 1260)
(950, 1260)
(949, 1261)
(948, 1261)
(948, 1262)
(947, 1263)
(946, 1263)
(945, 1264)
(945, 1265)
(944, 1265)
(943, 1266)
(942, 1267)
(942, 1267)
(941, 1268)
(940, 1269)
(939, 1269)
(939, 1270)
(938, 1270)
(937, 1271)
(936, 1272)
(935, 1272)
(935, 1273)
(934, 1274)
(933, 1274)
(932, 1275)
(932, 1276)
(931, 1276)
(930, 1277)
(929, 1278)
(929, 1278)
(928, 1279)
(927, 1279)
(926, 1280)
(926, 1281)
(925, 1281)
(924, 1282)
(923, 1283)
(922, 1283)
(922, 1284)
(921, 1285)
(920, 1285)
(919, 1286)
(919, 1287)
(918, 1287)
(917, 1288)
(916, 1288)
(916, 1289)
(915, 1290)
(914, 1290)
(913, 1291)
(912, 1292)
(912, 1292)
(911, 1293)
(910, 1294)
(909, 1294)
(909, 1295)
(908, 1296)
(907, 1296)
(906, 1297)
(906, 1297)
(905, 1298)
(904, 1299)
(903, 1299)
(903, 1300)
(902, 1301)
(901, 1301)
(900, 1302)
(899, 1303)
(899, 1303)
(898, 1304)
(897, 1305)
(896, 1305)
(896, 1306)
(895, 1306)
(894, 1307)
(893, 1308)
(893, 1308)
(892, 1309)
(891, 1310)
(890, 1310)
(890, 1311)
(889, 1312)
(888, 1312)
(887, 1313)
(886, 1314)
(886, 1314)
(885, 1315)
(884, 1315)
(883, 1316)
(883, 1317)
(882, 1317)
(881, 1318)
(880, 1319)
(880, 1319)
(879, 1320)
(878, 1321)
(877, 1321)
(876, 1322)
(876, 1322)
(875, 1323)
(874, 1324)
(873, 1324)
(873, 1325)
(872, 1326)
(871, 1326)
(870, 1327)
(870, 1328)
(869, 1328)
(868, 1329)
(867, 1330)
(867, 1330)
(866, 1331)
(865, 1331)
(864, 1332)
(863, 1333)
(863, 1333)
(862, 1334)
(861, 1335)
(860, 1335)
(860, 1336)
(859, 1337)
(858, 1337)
(857, 1338)
(857, 1339)
(856, 1339)
(855, 1340)
(854, 1340)
(854, 1341)
(853, 1342)
(852, 1342)
(851, 1343)
(850, 1344)
(850, 1344)
(849, 1345)
(848, 1346)
(847, 1346)
(847, 1347)
(846, 1348)
(845, 1348)
(844, 1349)
(844, 1349)
(843, 1350)
(842, 1351)
(841, 1351)
(840, 1352)
(840, 1353)
(839, 1353)
(838, 1354)
(837, 1355)
(837, 1355)
(836, 1356)
(835, 1357)
(834, 1357)
(834, 1358)
(833, 1358)
(832, 1359)
(831, 1360)
(831, 1360)
(830, 1361)
(829, 1362)
(828, 1362)
(827, 1363)
(827, 1364)
(826, 1364)
(825, 1365)
(824, 1366)
(824, 1366)
(823, 1367)
(822, 1367)
(821, 1368)
(821, 1369)
(820, 1369)
(819, 1370)
(818, 1371)
(818, 1371)
(817, 1372)
(816, 1373)
(815, 1373)
(814, 1374)
(814, 1375)
(813, 1375)
(812, 1376)
(811, 1376)
(811, 1377)
(810, 1378)
(809, 1378)
(808, 1379)
(808, 1380)
(807, 1380)
(806, 1381)
(805, 1382)
(804, 1382)
(804, 1383)
(803, 1384)
(802, 1384)
(801, 1385)
(801, 1385)
(800, 1386)
(799, 1387)
(798, 1387)
(798, 1388)
(797, 1389)
(796, 1389)
(795, 1390)
(795, 1391)
(794, 1391)
(793, 1392)
(792, 1393)
(791, 1393)
(791, 1394)
(790, 1394)
(789, 1395)
(788, 1396)
(788, 1396)
(787, 1397)
(786, 1398)
(785, 1398)
(785, 1399)
(784, 1400)
(783, 1400)
(782, 1401)
(781, 1402)
(781, 1402)
(780, 1403)
(779, 1403)
(778, 1404)
(778, 1405)
(777, 1405)
(776, 1406)
(775, 1407)
(775, 1407)
(774, 1408)
(773, 1409)
(772, 1409)
(772, 1410)
(771, 1411)
(770, 1411)
(769, 1412)
(768, 1412)
(768, 1413)
(767, 1414)
(766, 1414)
(765, 1415)
(765, 1416)
(764, 1416)
(763, 1417)
(762, 1418)
(762, 1418)
(761, 1419)
(760, 1420)
(759, 1420)
(759, 1421)
(758, 1421)
(757, 1422)
(756, 1423)
(755, 1423)
(755, 1424)
(754, 1425)
(753, 1425)
(752, 1426)
(752, 1427)
(751, 1427)
(750, 1428)
(749, 1429)
(749, 1429)
(748, 1430)
(747, 1430)
(746, 1431)
(745, 1432)
(745, 1432)
(744, 1433)
(743, 1434)
(742, 1434)
(742, 1435)
(741, 1436)
(740, 1436)
(739, 1437)
(739, 1438)
(738, 1438)
(737, 1439)
(736, 1439)
(736, 1440)
(735, 1441)
(734, 1441)
(733, 1442)
(732, 1443)
(732, 1443)
(731, 1444)
(730, 1445)
(729, 1445)
(729, 1446)
(728, 1447)
(727, 1447)
(726, 1448)
(726, 1448)
(725, 1449)
(724, 1450)
(723, 1450)
(723, 1451)
(722, 1452)
(721, 1452)
(720, 1453)
(719, 1454)
(719, 1454)
(718, 1455)
(717, 1456)
(716, 1456)
(716, 1457)
(715, 1457)
(714, 1458)
(713, 1459)
(713, 1459)
(712, 1460)
(711, 1461)
(710, 1461)
(709, 1462)
(709, 1463)
(708, 1463)
(707, 1464)
(706, 1465)
(706, 1465)
(705, 1466)
(704, 1466)
(703, 1467)
(703, 1468)
(702, 1468)
(701, 1469)
(700, 1470)
(700, 1470)
(699, 1471)
(698, 1472)
(697, 1472)
(696, 1473)
(696, 1474)
(695, 1474)
(694, 1475)
(693, 1475)
(693, 1476)
(692, 1477)
(691, 1477)
(690, 1478)
(690, 1479)
(689, 1479)
(688, 1480)
(687, 1481)
(687, 1481)
(686, 1482)
(685, 1483)
(684, 1483)
(683, 1484)
(683, 1484)
(682, 1485)
(681, 1486)
(680, 1486)
(680, 1487)
(679, 1488)
(678, 1488)
(677, 1489)
(677, 1490)
(676, 1490)
(675, 1491)
(674, 1492)
(673, 1492)
(673, 1493)
(672, 1493)
(671, 1494)
(670, 1495)
(670, 1495)
(669, 1496)
(668, 1497)
(667, 1497)
(667, 1498)
(666, 1499)
(665, 1499)
(664, 1500)
(664, 1501)
(663, 1501)
(662, 1502)
(661, 1502)
(660, 1503)
(660, 1504)
(659, 1504)
(658, 1505)
(657, 1506)
(657, 1506)
(656, 1507)
(655, 1508)
(654, 1508)
(654, 1509)
(653, 1510)
(652, 1510)
(651, 1511)
(651, 1511)
(650, 1512)
(649, 1513)
(648, 1513)
(647, 1514)
(647, 1515)
(646, 1515)
(645, 1516)
(644, 1517)
(644, 1517)
(643, 1518)
(642, 1519)
(641, 1519)
(641, 1520)
(640, 1520)
(639, 1521)
(638, 1522)
(637, 1522)
(637, 1523)
(636, 1524)
(635, 1524)
(634, 1525)
(634, 1526)
(633, 1526)
(632, 1527)
(631, 1528)
(631, 1528)
(630, 1529)
(629, 1529)
(628, 1530)
(628, 1531)
(627, 1531)
(626, 1532)
(625, 1533)
(624, 1533)
(624, 1534)
(623, 1535)
(622, 1535)
(621, 1536)
(621, 1537)
(620, 1537)
(619, 1538)
(618, 1538)
(618, 1539)
(617, 1540)
(616, 1540)
(615, 1541)
(614, 1542)
(614, 1542)
(613, 1543)
(612, 1544)
(611, 1544)
(611, 1545)
(610, 1546)
(609, 1546)
(608, 1547)
(608, 1547)
(607, 1548)
(606, 1549)
(605, 1549)
(605, 1550)
(604, 1551)
(603, 1551)
(602, 1552)
(601, 1553)
(601, 1553)
(600, 1554)
(599, 1555)
(598, 1555)
(598, 1556)
(597, 1556)
(596, 1557)
(595, 1558)
(595, 1558)
(594, 1559)
(593, 1560)
(592, 1560)
(592, 1561)
(591, 1562)
(590, 1562)
(589, 1563)
(588, 1564)
(588, 1564)
(587, 1565)
(586, 1565)
(585, 1566)
(585, 1567)
(584, 1567)
(583, 1568)
(582, 1569)
(582, 1569)
(581, 1570)
(580, 1571)
(579, 1571)
(578, 1572)
(578, 1573)
(577, 1573)
(576, 1574)
(575, 1574)
(575, 1575)
(574, 1576)
(573, 1576)
(572, 1577)
(572, 1578)
(571, 1578)
(570, 1579)
(569, 1580)
(569, 1580)
(568, 1581)
(567, 1582)
(566, 1582)
(565, 1583)
(565, 1583)
(564, 1584)
(563, 1585)
(562, 1585)
(562, 1586)
(561, 1587)
(560, 1587)
(559, 1588)
(559, 1589)
(558, 1589)
(557, 1590)
(556, 1591)
(556, 1591)
(555, 1592)
(554, 1592)
(553, 1593)
(552, 1594)
(552, 1594)
(551, 1595)
(550, 1596)
(549, 1596)
(549, 1597)
(548, 1598)
(547, 1598)
(546, 1599)
(546, 1600)
(545, 1600)
(544, 1601)
(543, 1601)
(542, 1602)
(542, 1603)
(541, 1603)
(540, 1604)
(539, 1605)
(539, 1605)
(538, 1606)
(537, 1607)
(536, 1607)
(536, 1608)
(535, 1609)
(534, 1609)
(533, 1610)
(533, 1610)
(532, 1611)
(531, 1612)
(530, 1612)
(529, 1613)
(529, 1614)
(528, 1614)
(527, 1615)
(526, 1616)
(526, 1616)
(525, 1617)
(524, 1618)
(523, 1618)
(523, 1619)
(522, 1619)
(521, 1620)
(520, 1621)
(520, 1621)
(519, 1622)
(518, 1623)
(517, 1623)
(516, 1624)
(516, 1625)
(515, 1625)
(514, 1626)
(513, 1627)
(513, 1627)
(512, 1628)
(511, 1628)
(510, 1629)
(510, 1630)
(509, 1630)
(508, 1631)
(507, 1632)
(506, 1632)
(506, 1633)
(505, 1634)
(504, 1634)
(503, 1635)
(503, 1636)
(502, 1636)
(501, 1637)
(500, 1637)
(500, 1638)
(499, 1639)
(498, 1639)
(497, 1640)
(497, 1641)
(496, 1641)
(495, 1642)
(494, 1643)
(493, 1643)
(493, 1644)
(492, 1645)
(491, 1645)
(490, 1646)
(490, 1646)
(489, 1647)
(488, 1648)
(487, 1648)
(487, 1649)
(486, 1650)
(485, 1650)
(484, 1651)
(484, 1652)
(483, 1652)
(482, 1653)
(481, 1654)
(480, 1654)
(480, 1655)
(479, 1655)
(478, 1656)
(477, 1657)
(477, 1657)
(476, 1658)
(475, 1659)
(474, 1659)
(474, 1660)
(473, 1661)
(472, 1661)
(471, 1662)
(470, 1663)
(470, 1663)
(469, 1664)
(468, 1664)
(467, 1665)
(467, 1666)
(466, 1666)
(465, 1667)
(464, 1668)
(464, 1668)
(463, 1669)
(462, 1670)
(461, 1670)
(461, 1671)
(460, 1672)
(459, 1672)
(458, 1673)
(457, 1673)
(457, 1674)
(456, 1675)
(455, 1675)
(454, 1676)
(454, 1677)
(453, 1677)
(452, 1678)
(451, 1679)
(451, 1679)
(450, 1680)
(449, 1681)
(448, 1681)
(448, 1682)
(447, 1682)
(446, 1683)
(445, 1684)
(446, 1685)
(446, 1686)
(446, 1687)
(447, 1688)
(447, 1689)
(447, 1690)
(448, 1691)
(448, 1692)
(448, 1693)
(449, 1694)
(449, 1695)
(449, 1696)
(450, 1697)
(450, 1698)
(450, 1699)
(451, 1700)
(451, 1701)
(451, 1702)
(452, 1703)
(452, 1704)
(452, 1705)
(453, 1707)
(453, 1708)
(454, 1710)
(454, 1711)
(455, 1713)
(455, 1714)
(456, 1716)
(456, 1717)
(457, 1719)
(457, 1720)
(458, 1722)
(458, 1723)
(459, 1725)
(459, 1726)
(460, 1728)
(460, 1729)
(461, 1731)
(461, 1732)
(462, 1734)
(462, 1735)
(463, 1737)
(463, 1738)
(464, 1740)
(464, 1741)
(465, 1743)
(465, 1744)
(466, 1746)
(466, 1747)
(467, 1749)
(467, 1750)
(468, 1752)
(468, 1753)
(469, 1755)
(469, 1756)
(470, 1757)
(470, 1758)
(470, 1759)
(471, 1760)
(471, 1761)
(471, 1762)
(472, 1763)
(472, 1764)
(472, 1765)
(473, 1766)
(473, 1767)
(473, 1768)
(474, 1769)
(474, 1770)
(474, 1771)
(475, 1772)
(475, 1773)
(475, 1774)
(476, 1775)
(476, 1776)
(476, 1777)
(477, 1778)
(477, 1779)
(477, 1780)
(478, 1781)
(478, 1782)
(478, 1783)
(479, 1784)
(479, 1785)
(479, 1786)
(480, 1787)
(480, 1788)
(480, 1789)
(481, 1790)
(481, 1791)
(481, 1792)
(482, 1793)
(482, 1794)
(482, 1795)
(483, 1796)
(483, 1797)
(483, 1798)
(484, 1799)
(484, 1800)
(484, 1801)
(485, 1802)
(485, 1803)
(485, 1804)
(486, 1805)
(486, 1806)
(486, 1807)
(487, 1808)
(487, 1809)
(487, 1810)
(488, 1811)
(488, 1812)
(488, 1813)
(489, 1814)
(489, 1815)
(489, 1816)
(490, 1817)
(490, 1818)
(490, 1819)
(491, 1820)
(491, 1821)
(491, 1822)
(492, 1823)
(492, 1824)
(492, 1825)
(493, 1826)
(493, 1827)
(493, 1828)
(494, 1829)
(494, 1830)
(494, 1831)
(495, 1832)
(495, 1833)
(495, 1834)
(496, 1835)
(496, 1836)
(496, 1837)
(497, 1838)
(497, 1839)
(497, 1840)
(498, 1841)
(498, 1842)
(498, 1843)
(499, 1844)
(499, 1845)
(499, 1846)
(500, 1847)
(500, 1848)
(500, 1849)
(501, 1850)
(501, 1851)
(501, 1852)
(502, 1853)
(502, 1854)
(502, 1855)
(503, 1856)
(503, 1857)
(503, 1858)
(504, 1859)
(504, 1860)
(504, 1861)
(505, 1862)
(505, 1863)
(505, 1864)
(506, 1865)
(506, 1866)
(506, 1867)
(507, 1868)
(507, 1869)
(507, 1870)
(508, 1871)
(508, 1872)
(508, 1873)
(509, 1874)
(509, 1875)
(509, 1876)
(510, 1877)
(510, 1878)
(510, 1879)
(511, 1880)
(511, 1881)
(511, 1882)
(512, 1884)
(512, 1885)
(513, 1887)
(513, 1888)
(514, 1890)
(514, 1891)
(515, 1893)
(515, 1894)
(516, 1896)
(516, 1897)
(517, 1899)
(517, 1900)
(518, 1902)
(518, 1903)
(519, 1905)
(519, 1906)
(520, 1908)
(520, 1909)
(521, 1911)
(521, 1912)
(522, 1914)
(522, 1915)
(523, 1917)
(523, 1918)
(524, 1920)
(524, 1921)
(525, 1923)
(525, 1924)
(526, 1926)
(526, 1927)
(527, 1929)
(527, 1930)
(528, 1932)
(528, 1933)
(529, 1935)
(529, 1936)
(530, 1938)
(530, 1939)
(530, 1939)
(531, 1938)
(532, 1938)
(532, 1937)
(533, 1936)
(534, 1936)
(535, 1935)
(535, 1934)
(536, 1934)
(537, 1933)
(538, 1932)
(538, 1932)
(539, 1931)
(540, 1931)
(541, 1930)
(542, 1929)
(542, 1929)
(543, 1928)
(544, 1927)
(545, 1927)
(545, 1926)
(546, 1925)
(547, 1925)
(548, 1924)
(548, 1923)
(549, 1923)
(550, 1922)
(551, 1922)
(552, 1921)
(552, 1920)
(553, 1920)
(554, 1919)
(555, 1918)
(555, 1918)
(556, 1917)
(557, 1916)
(558, 1916)
(558, 1915)
(559, 1914)
(560, 1914)
(561, 1913)
(561, 1913)
(562, 1912)
(563, 1911)
(564, 1911)
(565, 1910)
(565, 1909)
(566, 1909)
(567, 1908)
(568, 1907)
(568, 1907)
(569, 1906)
(570, 1905)
(571, 1905)
(571, 1904)
(572, 1904)
(573, 1903)
(574, 1902)
(574, 1902)
(575, 1901)
(576, 1900)
(577, 1900)
(578, 1899)
(578, 1898)
(579, 1898)
(580, 1897)
(581, 1896)
(581, 1896)
(582, 1895)
(583, 1895)
(584, 1894)
(584, 1893)
(585, 1893)
(586, 1892)
(587, 1891)
(588, 1891)
(588, 1890)
(589, 1889)
(590, 1889)
(591, 1888)
(591, 1887)
(592, 1887)
(593, 1886)
(594, 1886)
(594, 1885)
(595, 1884)
(596, 1884)
(597, 1883)
(597, 1882)
(598, 1882)
(599, 1881)
(600, 1880)
(601, 1880)
(601, 1879)
(602, 1878)
(603, 1878)
(604, 1877)
(604, 1877)
(605, 1876)
(606, 1875)
(607, 1875)
(607, 1874)
(608, 1873)
(609, 1873)
(610, 1872)
(610, 1871)
(611, 1871)
(612, 1870)
(613, 1869)
(614, 1869)
(614, 1868)
(615, 1868)
(616, 1867)
(617, 1866)
(617, 1866)
(618, 1865)
(619, 1864)
(620, 1864)
(620, 1863)
(621, 1862)
(622, 1862)
(623, 1861)
(624, 1860)
(624, 1860)
(625, 1859)
(626, 1859)
(627, 1858)
(627, 1857)
(628, 1857)
(629, 1856)
(630, 1855)
(630, 1855)
(631, 1854)
(632, 1853)
(633, 1853)
(633, 1852)
(634, 1851)
(635, 1851)
(636, 1850)
(637, 1850)
(637, 1849)
(638, 1848)
(639, 1848)
(640, 1847)
(640, 1846)
(641, 1846)
(642, 1845)
(643, 1844)
(643, 1844)
(644, 1843)
(645, 1842)
(646, 1842)
(646, 1841)
(647, 1841)
(648, 1840)
(649, 1839)
(650, 1839)
(650, 1838)
(651, 1837)
(652, 1837)
(653, 1836)
(653, 1835)
(654, 1835)
(655, 1834)
(656, 1833)
(656, 1833)
(657, 1832)
(658, 1832)
(659, 1831)
(660, 1830)
(660, 1830)
(661, 1829)
(662, 1828)
(663, 1828)
(663, 1827)
(664, 1826)
(665, 1826)
(666, 1825)
(666, 1824)
(667, 1824)
(668, 1823)
(669, 1823)
(669, 1822)
(670, 1821)
(671, 1821)
(672, 1820)
(673, 1819)
(673, 1819)
(674, 1818)
(675, 1817)
(676, 1817)
(676, 1816)
(677, 1815)
(678, 1815)
(679, 1814)
(679, 1814)
(680, 1813)
(681, 1812)
(682, 1812)
(683, 1811)
(683, 1810)
(684, 1810)
(685, 1809)
(686, 1808)
(686, 1808)
(687, 1807)
(688, 1806)
(689, 1806)
(689, 1805)
(690, 1805)
(691, 1804)
(692, 1803)
(692, 1803)
(693, 1802)
(694, 1801)
(695, 1801)
(696, 1800)
(696, 1799)
(697, 1799)
(698, 1798)
(699, 1797)
(699, 1797)
(700, 1796)
(701, 1796)
(702, 1795)
(702, 1794)
(703, 1794)
(704, 1793)
(705, 1792)
(705, 1792)
(706, 1791)
(707, 1790)
(708, 1790)
(709, 1789)
(709, 1788)
(710, 1788)
(711, 1787)
(712, 1787)
(712, 1786)
(713, 1785)
(714, 1785)
(715, 1784)
(715, 1783)
(716, 1783)
(717, 1782)
(718, 1781)
(719, 1781)
(719, 1780)
(720, 1779)
(721, 1779)
(722, 1778)
(722, 1778)
(723, 1777)
(724, 1776)
(725, 1776)
(725, 1775)
(726, 1774)
(727, 1774)
(728, 1773)
(728, 1772)
(729, 1772)
(730, 1771)
(731, 1770)
(732, 1770)
(732, 1769)
(733, 1769)
(734, 1768)
(735, 1767)
(735, 1767)
(736, 1766)
(737, 1765)
(738, 1765)
(738, 1764)
(739, 1763)
(740, 1763)
(741, 1762)
(741, 1761)
(742, 1761)
(743, 1760)
(744, 1760)
(745, 1759)
(745, 1758)
(746, 1758)
(747, 1757)
(748, 1756)
(748, 1756)
(749, 1755)
(750, 1754)
(751, 1754)
(751, 1753)
(752, 1752)
(753, 1752)
(754, 1751)
(755, 1751)
(755, 1750)
(756, 1749)
(757, 1749)
(758, 1748)
(758, 1747)
(759, 1747)
(760, 1746)
(761, 1745)
(761, 1745)
(762, 1744)
(763, 1743)
(764, 1743)
(764, 1742)
(765, 1742)
(766, 1741)
(767, 1740)
(768, 1740)
(768, 1739)
(769, 1738)
(770, 1738)
(771, 1737)
(771, 1736)
(772, 1736)
(773, 1735)
(774, 1734)
(774, 1734)
(775, 1733)
(776, 1733)
(777, 1732)
(777, 1731)
(778, 1731)
(779, 1730)
(780, 1729)
(781, 1729)
(781, 1728)
(782, 1727)
(783, 1727)
(784, 1726)
(784, 1725)
(785, 1725)
(786, 1724)
(787, 1724)
(787, 1723)
(788, 1722)
(789, 1722)
(790, 1721)
(791, 1720)
(791, 1720)
(792, 1719)
(793, 1718)
(794, 1718)
(794, 1717)
(795, 1716)
(796, 1716)
(797, 1715)
(797, 1715)
(798, 1714)
(799, 1713)
(800, 1713)
(800, 1712)
(801, 1711)
(802, 1711)
(803, 1710)
(804, 1709)
(804, 1709)
(805, 1708)
(806, 1707)
(807, 1707)
(807, 1706)
(808, 1706)
(809, 1705)
(810, 1704)
(810, 1704)
(811, 1703)
(812, 1702)
(813, 1702)
(813, 1701)
(814, 1700)
(815, 1700)
(816, 1699)
(817, 1698)
(817, 1698)
(818, 1697)
(819, 1697)
(820, 1696)
(820, 1695)
(821, 1695)
(822, 1694)
(823, 1693)
(823, 1693)
(824, 1692)
(825, 1691)
(826, 1691)
(827, 1690)
(827, 1689)
(828, 1689)
(829, 1688)
(830, 1688)
(830, 1687)
(831, 1686)
(832, 1686)
(833, 1685)
(833, 1684)
(834, 1684)
(835, 1683)
(836, 1682)
(836, 1682)
(837, 1681)
(838, 1680)
(839, 1680)
(840, 1679)
(840, 1679)
(841, 1678)
(842, 1677)
(843, 1677)
(843, 1676)
(844, 1675)
(845, 1675)
(846, 1674)
(846, 1673)
(847, 1673)
(848, 1672)
(849, 1671)
(850, 1671)
(850, 1670)
(851, 1670)
(852, 1669)
(853, 1668)
(853, 1668)
(854, 1667)
(855, 1666)
(856, 1666)
(856, 1665)
(857, 1664)
(858, 1664)
(859, 1663)
(859, 1662)
(860, 1662)
(861, 1661)
(862, 1661)
(863, 1660)
(863, 1659)
(864, 1659)
(865, 1658)
(866, 1657)
(866, 1657)
(867, 1656)
(868, 1655)
(869, 1655)
(869, 1654)
(870, 1653)
(871, 1653)
(872, 1652)
(872, 1652)
(873, 1651)
(874, 1650)
(875, 1650)
(876, 1649)
(876, 1648)
(877, 1648)
(878, 1647)
(879, 1646)
(879, 1646)
(880, 1645)
(881, 1644)
(882, 1644)
(882, 1643)
(883, 1643)
(884, 1642)
(885, 1641)
(886, 1641)
(886, 1640)
(887, 1639)
(888, 1639)
(889, 1638)
(889, 1637)
(890, 1637)
(891, 1636)
(892, 1635)
(892, 1635)
(893, 1634)
(894, 1634)
(895, 1633)
(895, 1632)
(896, 1632)
(897, 1631)
(898, 1630)
(899, 1630)
(899, 1629)
(900, 1628)
(901, 1628)
(902, 1627)
(902, 1626)
(903, 1626)
(904, 1625)
(905, 1625)
(905, 1624)
(906, 1623)
(907, 1623)
(908, 1622)
(908, 1621)
(909, 1621)
(910, 1620)
(911, 1619)
(912, 1619)
(912, 1618)
(913, 1617)
(914, 1617)
(915, 1616)
(915, 1616)
(916, 1615)
(917, 1614)
(918, 1614)
(918, 1613)
(919, 1612)
(920, 1612)
(921, 1611)
(922, 1610)
(922, 1610)
(923, 1609)
(924, 1609)
(925, 1608)
(925, 1607)
(926, 1607)
(927, 1606)
(928, 1605)
(928, 1605)
(929, 1604)
(930, 1603)
(931, 1603)
(931, 1602)
(932, 1601)
(933, 1601)
(934, 1600)
(935, 1600)
(935, 1599)
(936, 1598)
(937, 1598)
(938, 1597)
(938, 1596)
(939, 1596)
(940, 1595)
(941, 1594)
(941, 1594)
(942, 1593)
(943, 1592)
(944, 1592)
(944, 1591)
(945, 1591)
(946, 1590)
(947, 1589)
(948, 1589)
(948, 1588)
(949, 1587)
(950, 1587)
(951, 1586)
(951, 1585)
(952, 1585)
(953, 1584)
(954, 1583)
(954, 1583)
(955, 1582)
(956, 1582)
(957, 1581)
(958, 1580)
(958, 1580)
(959, 1579)
(960, 1578)
(961, 1578)
(961, 1577)
(962, 1576)
(963, 1576)
(964, 1575)
(964, 1574)
(965, 1574)
(966, 1573)
(967, 1573)
(967, 1572)
(968, 1571)
(969, 1571)
(970, 1570)
(971, 1569)
(971, 1569)
(972, 1568)
(973, 1567)
(974, 1567)
(974, 1566)
(975, 1565)
(976, 1565)
(977, 1564)
(977, 1564)
(978, 1563)
(979, 1562)
(980, 1562)
(980, 1561)
(981, 1560)
(982, 1560)
(983, 1559)
(984, 1558)
(984, 1558)
(985, 1557)
(986, 1556)
(987, 1556)
(987, 1555)
(988, 1555)
(989, 1554)
(990, 1553)
(990, 1553)
(991, 1552)
(992, 1551)
(993, 1551)
(994, 1550)
(994, 1549)
(995, 1549)
(996, 1548)
(997, 1547)
(997, 1547)
(998, 1546)
(999, 1546)
(1000, 1545)
(1000, 1544)
(1001, 1544)
(1002, 1543)
(1003, 1542)
(1003, 1542)
(1004, 1541)
(1005, 1540)
(1006, 1540)
(1007, 1539)
(1007, 1538)
(1008, 1538)
(1009, 1537)
(1010, 1537)
(1010, 1536)
(1011, 1535)
(1012, 1535)
(1013, 1534)
(1013, 1533)
(1014, 1533)
(1015, 1532)
(1016, 1531)
(1016, 1531)
(1017, 1530)
(1018, 1529)
(1019, 1529)
(1020, 1528)
(1020, 1528)
(1021, 1527)
(1022, 1526)
(1023, 1526)
(1023, 1525)
(1024, 1524)
(1025, 1524)
(1026, 1523)
(1026, 1522)
(1027, 1522)
(1028, 1521)
(1029, 1520)
(1030, 1520)
(1030, 1519)
(1031, 1519)
(1032, 1518)
(1033, 1517)
(1033, 1517)
(1034, 1516)
(1035, 1515)
(1036, 1515)
(1036, 1514)
(1037, 1513)
(1038, 1513)
(1039, 1512)
(1039, 1511)
(1040, 1511)
(1041, 1510)
(1042, 1510)
(1043, 1509)
(1043, 1508)
(1044, 1508)
(1045, 1507)
(1046, 1506)
(1046, 1506)
(1047, 1505)
(1048, 1504)
(1049, 1504)
(1049, 1503)
(1050, 1502)
(1051, 1502)
(1052, 1501)
(1053, 1501)
(1053, 1500)
(1054, 1499)
(1055, 1499)
(1056, 1498)
(1056, 1497)
(1057, 1497)
(1058, 1496)
(1059, 1495)
(1059, 1495)
(1060, 1494)
(1061, 1493)
(1062, 1493)
(1062, 1492)
(1063, 1492)
(1064, 1491)
(1065, 1490)
(1066, 1490)
(1066, 1489)
(1067, 1488)
(1068, 1488)
(1069, 1487)
(1069, 1486)
(1070, 1486)
(1071, 1485)
(1072, 1484)
(1072, 1484)
(1073, 1483)
(1074, 1483)
(1075, 1482)
(1075, 1481)
(1076, 1481)
(1077, 1480)
(1078, 1479)
(1079, 1479)
(1079, 1478)
(1080, 1477)
(1081, 1477)
(1082, 1476)
(1082, 1475)
(1083, 1475)
(1084, 1474)
(1085, 1474)
(1085, 1473)
(1086, 1472)
(1087, 1472)
(1088, 1471)
(1089, 1470)
(1089, 1470)
(1090, 1469)
(1091, 1468)
(1092, 1468)
(1092, 1467)
(1093, 1466)
(1094, 1466)
(1095, 1465)
(1095, 1465)
(1096, 1464)
(1097, 1463)
(1098, 1463)
(1098, 1462)
(1099, 1461)
(1100, 1461)
(1101, 1460)
(1102, 1459)
(1102, 1459)
(1103, 1458)
(1104, 1457)
(1105, 1457)
(1105, 1456)
(1106, 1456)
(1107, 1455)
(1108, 1454)
(1108, 1454)
(1109, 1453)
(1110, 1452)
(1111, 1452)
(1111, 1451)
(1112, 1450)
(1113, 1450)
(1114, 1449)
(1115, 1448)
(1115, 1448)
(1116, 1447)
(1117, 1447)
(1118, 1446)
(1118, 1445)
(1119, 1445)
(1120, 1444)
(1121, 1443)
(1121, 1443)
(1122, 1442)
(1123, 1441)
(1124, 1441)
(1125, 1440)
(1125, 1439)
(1126, 1439)
(1127, 1438)
(1128, 1438)
(1128, 1437)
(1129, 1436)
(1130, 1436)
(1131, 1435)
(1131, 1434)
(1132, 1434)
(1133, 1433)
(1134, 1432)
(1134, 1432)
(1135, 1431)
(1136, 1430)
(1137, 1430)
(1138, 1429)
(1138, 1429)
(1139, 1428)
(1140, 1427)
(1141, 1427)
(1141, 1426)
(1142, 1425)
(1143, 1425)
(1144, 1424)
(1144, 1423)
(1145, 1423)
(1146, 1422)
(1147, 1421)
(1147, 1421)
(1148, 1420)
(1149, 1420)
(1150, 1419)
(1151, 1418)
(1151, 1418)
(1152, 1417)
(1153, 1416)
(1154, 1416)
(1154, 1415)
(1155, 1414)
(1156, 1414)
(1157, 1413)
(1157, 1412)
(1158, 1412)
(1159, 1411)
(1160, 1411)
(1161, 1410)
(1161, 1409)
(1162, 1409)
(1163, 1408)
(1164, 1407)
(1164, 1407)
(1165, 1406)
(1166, 1405)
(1167, 1405)
(1167, 1404)
(1168, 1403)
(1169, 1403)
(1170, 1402)
(1170, 1402)
(1171, 1401)
(1172, 1400)
(1173, 1400)
(1174, 1399)
(1174, 1398)
(1175, 1398)
(1176, 1397)
(1177, 1396)
(1177, 1396)
(1178, 1395)
(1179, 1394)
(1180, 1394)
(1180, 1393)
(1181, 1393)
(1182, 1392)
(1183, 1391)
(1183, 1391)
(1184, 1390)
(1185, 1389)
(1186, 1389)
(1187, 1388)
(1187, 1387)
(1188, 1387)
(1189, 1386)
(1190, 1385)
(1190, 1385)
(1191, 1384)
(1192, 1384)
(1193, 1383)
(1193, 1382)
(1194, 1382)
(1195, 1381)
(1196, 1380)
(1197, 1380)
(1197, 1379)
(1198, 1378)
(1199, 1378)
(1200, 1377)
(1200, 1376)
(1201, 1376)
(1202, 1375)
(1203, 1375)
(1203, 1374)
(1204, 1373)
(1205, 1373)
(1206, 1372)
(1206, 1371)
(1207, 1371)
(1208, 1370)
(1209, 1369)
(1210, 1369)
(1210, 1368)
(1211, 1367)
(1212, 1367)
(1213, 1366)
(1213, 1366)
(1214, 1365)
(1215, 1364)
(1216, 1364)
(1216, 1363)
(1217, 1362)
(1218, 1362)
(1219, 1361)
(1220, 1360)
(1220, 1360)
(1221, 1359)
(1222, 1358)
(1223, 1358)
(1223, 1357)
(1224, 1357)
(1225, 1356)
(1226, 1355)
(1226, 1355)
(1227, 1354)
(1228, 1353)
(1229, 1353)
(1229, 1352)
(1230, 1351)
(1231, 1351)
(1232, 1350)
(1233, 1349)
(1233, 1349)
(1234, 1348)
(1235, 1348)
(1236, 1347)
(1236, 1346)
(1237, 1346)
(1238, 1345)
(1239, 1344)
(1239, 1344)
(1240, 1343)
(1241, 1342)
(1242, 1342)
(1242, 1341)
(1243, 1340)
(1244, 1340)
(1245, 1339)
(1246, 1339)
(1246, 1338)
(1247, 1337)
(1248, 1337)
(1249, 1336)
(1249, 1335)
(1250, 1335)
(1251, 1334)
(1252, 1333)
(1252, 1333)
(1253, 1332)
(1254, 1331)
(1255, 1331)
(1256, 1330)
(1256, 1330)
(1257, 1329)
(1258, 1328)
(1259, 1328)
(1259, 1327)
(1260, 1326)
(1261, 1326)
(1262, 1325)
(1262, 1324)
(1263, 1324)
(1264, 1323)
(1265, 1322)
(1265, 1322)
(1266, 1321)
(1267, 1321)
(1268, 1320)
(1269, 1319)
(1269, 1319)
(1270, 1318)
(1271, 1317)
(1272, 1317)
(1272, 1316)
(1273, 1315)
(1274, 1315)
(1275, 1314)
(1275, 1313)
(1276, 1313)
(1277, 1312)
(1278, 1312)
(1278, 1311)
(1279, 1310)
(1280, 1310)
(1281, 1309)
(1282, 1308)
(1282, 1308)
(1283, 1307)
(1284, 1306)
(1285, 1306)
(1285, 1305)
(1286, 1304)
(1287, 1304)
(1288, 1303)
(1288, 1303)
(1289, 1302)
(1290, 1301)
(1291, 1301)
(1292, 1300)
(1292, 1299)
(1293, 1299)
(1294, 1298)
(1295, 1297)
(1295, 1297)
(1296, 1296)
(1297, 1295)
(1298, 1295)
(1298, 1294)
(1299, 1294)
(1300, 1293)
(1301, 1292)
(1301, 1292)
(1302, 1291)
(1303, 1290)
(1304, 1290)
(1305, 1289)
(1305, 1288)
(1306, 1288)
(1307, 1287)
(1308, 1286)
(1308, 1286)
(1309, 1285)
(1310, 1285)
(1311, 1284)
(1311, 1283)
(1312, 1283)
(1313, 1282)
(1314, 1281)
(1314, 1281)
(1315, 1280)
(1316, 1279)
(1317, 1279)
(1318, 1278)
(1318, 1277)
(1319, 1277)
(1320, 1276)
(1321, 1276)
(1321, 1275)
(1322, 1274)
(1323, 1274)
(1324, 1273)
(1324, 1272)
(1325, 1272)
(1326, 1271)
(1327, 1270)
(1328, 1270)
(1328, 1269)
(1329, 1268)
(1330, 1268)
(1331, 1267)
(1331, 1267)
(1332, 1266)
(1333, 1265)
(1334, 1265)
(1334, 1264)
(1335, 1263)
(1336, 1263)
(1337, 1262)
(1337, 1261)
(1338, 1261)
(1339, 1260)
(1340, 1259)
(1341, 1259)
(1341, 1258)
(1342, 1258)
(1343, 1257)
(1344, 1256)
(1344, 1256)
(1345, 1255)
(1346, 1254)
(1347, 1254)
(1347, 1253)
(1348, 1252)
(1349, 1252)
(1350, 1251)
(1350, 1250)
(1351, 1250)
(1352, 1249)
(1353, 1249)
(1354, 1248)
(1354, 1247)
(1355, 1247)
(1356, 1246)
(1357, 1245)
(1357, 1245)
(1358, 1244)
(1359, 1243)
(1360, 1243)
(1360, 1242)
(1361, 1241)
(1362, 1241)
(1363, 1240)
(1364, 1240)
(1364, 1239)
(1365, 1238)
(1366, 1238)
(1367, 1237)
(1367, 1236)
(1368, 1236)
(1369, 1235)
(1370, 1234)
(1370, 1234)
(1371, 1233)
(1372, 1232)
(1373, 1232)
(1373, 1231)
(1374, 1231)
(1375, 1230)
(1376, 1229)
(1377, 1229)
(1377, 1228)
(1378, 1227)
(1379, 1227)
(1380, 1226)
(1380, 1225)
(1381, 1225)
(1382, 1224)
(1383, 1223)
(1383, 1223)
(1384, 1222)
(1385, 1222)
(1386, 1221)
(1386, 1220)
(1387, 1220)
(1388, 1219)
(1389, 1218)
(1390, 1218)
(1390, 1217)
(1391, 1216)
(1392, 1216)
(1393, 1215)
(1393, 1214)
(1394, 1214)
(1395, 1213)
(1396, 1213)
(1396, 1212)
(1397, 1211)
(1398, 1211)
(1399, 1210)
(1400, 1209)
(1400, 1209)
(1401, 1208)
(1402, 1207)
(1403, 1207)
(1403, 1206)
(1404, 1205)
(1405, 1205)
(1406, 1204)
(1406, 1204)
(1407, 1203)
(1408, 1202)
(1409, 1202)
(1409, 1201)
(1410, 1200)
(1411, 1200)
(1412, 1199)
(1413, 1198)
(1413, 1198)
(1414, 1197)
(1415, 1196)
(1416, 1196)
(1416, 1195)
(1417, 1195)
(1418, 1194)
(1419, 1193)
(1419, 1193)
(1420, 1192)
(1421, 1191)
(1422, 1191)
(1423, 1190)
(1423, 1189)
(1424, 1189)
(1425, 1188)
(1426, 1187)
(1426, 1187)
(1427, 1186)
(1428, 1186)
(1429, 1185)
(1429, 1184)
(1430, 1184)
(1431, 1183)
(1432, 1182)
(1432, 1182)
(1433, 1181)
(1434, 1180)
(1435, 1180)
(1436, 1179)
(1436, 1178)
(1437, 1178)
(1438, 1177)
(1439, 1177)
(1439, 1176)
(1440, 1175)
(1441, 1175)
(1442, 1174)
(1442, 1173)
(1443, 1173)
(1444, 1172)
(1445, 1171)
(1445, 1171)
(1446, 1170)
(1447, 1169)
(1448, 1169)
(1449, 1168)
(1449, 1168)
(1450, 1167)
(1451, 1166)
(1452, 1166)
(1452, 1165)
(1453, 1164)
(1454, 1164)
(1455, 1163)
(1455, 1162)
(1456, 1162)
(1457, 1163)
(1457, 1164)
(1457, 1165)
(1457, 1166)
(1458, 1167)
(1458, 1168)
(1458, 1169)
(1459, 1170)
(1459, 1171)
(1459, 1172)
(1460, 1173)
(1460, 1174)
(1460, 1175)
(1461, 1176)
(1461, 1177)
(1461, 1178)
(1462, 1179)
(1462, 1180)
(1462, 1181)
(1463, 1182)
(1463, 1183)
(1463, 1184)
(1464, 1185)
(1464, 1186)
(1464, 1187)
(1465, 1188)
(1465, 1189)
(1465, 1190)
(1465, 1191)
(1466, 1192)
(1466, 1193)
(1466, 1194)
(1467, 1195)
(1467, 1196)
(1467, 1197)
(1468, 1198)
(1468, 1199)
(1468, 1200)
(1469, 1201)
(1469, 1202)
(1469, 1203)
(1470, 1204)
(1470, 1205)
(1470, 1206)
(1471, 1207)
(1471, 1208)
(1471, 1209)
(1472, 1210)
(1472, 1211)
(1472, 1212)
(1473, 1213)
(1473, 1214)
(1473, 1215)
(1473, 1216)
(1474, 1217)
(1474, 1218)
(1474, 1219)
(1475, 1220)
(1475, 1221)
(1475, 1222)
(1476, 1223)
(1476, 1224)
(1476, 1225)
(1477, 1226)
(1477, 1227)
(1477, 1228)
(1478, 1229)
(1478, 1230)
(1478, 1231)
(1479, 1232)
(1479, 1233)
(1479, 1234)
(1480, 1235)
(1480, 1235)
(1480, 1236)
(1481, 1237)
(1481, 1238)
(1481, 1239)
(1481, 1240)
(1482, 1241)
(1482, 1242)
(1482, 1243)
(1483, 1244)
(1483, 1245)
(1483, 1246)
(1484, 1247)
(1484, 1248)
(1484, 1249)
(1485, 1250)
(1485, 1251)
(1485, 1252)
(1486, 1253)
(1486, 1254)
(1486, 1255)
(1487, 1256)
(1487, 1257)
(1487, 1258)
(1488, 1259)
(1488, 1260)
(1488, 1261)
(1489, 1262)
(1489, 1263)
(1489, 1264)
(1489, 1265)
(1490, 1266)
(1490, 1267)
(1490, 1268)
(1491, 1269)
(1491, 1270)
(1491, 1271)
(1492, 1272)
(1492, 1273)
(1492, 1274)
(1493, 1275)
(1493, 1276)
(1493, 1277)
(1494, 1278)
(1494, 1279)
(1494, 1280)
(1495, 1281)
(1495, 1282)
(1495, 1283)
(1496, 1284)
(1496, 1285)
(1496, 1286)
(1497, 1287)
(1497, 1288)
(1497, 1289)
(1497, 1290)
(1498, 1291)
(1498, 1292)
(1498, 1293)
(1499, 1294)
(1499, 1295)
(1499, 1296)
(1500, 1297)
(1500, 1298)
(1500, 1299)
(1501, 1300)
(1501, 1301)
(1501, 1302)
(1502, 1303)
(1502, 1304)
(1502, 1305)
(1503, 1306)
(1503, 1307)
(1503, 1308)
(1504, 1309)
(1504, 1310)
(1504, 1311)
(1505, 1312)
(1505, 1313)
(1505, 1314)
(1505, 1315)
(1506, 1316)
(1506, 1317)
(1506, 1318)
(1507, 1319)
(1507, 1320)
(1507, 1321)
(1508, 1322)
(1508, 1323)
(1508, 1324)
(1509, 1325)
(1509, 1326)
(1509, 1327)
(1510, 1328)
(1510, 1329)
(1510, 1330)
(1511, 1331)
(1511, 1332)
(1511, 1333)
(1512, 1334)
(1512, 1335)
(1512, 1336)
(1513, 1337)
(1513, 1338)
(1513, 1339)
(1513, 1340)
(1514, 1341)
(1514, 1342)
(1514, 1343)
(1515, 1344)
(1515, 1345)
(1515, 1346)
(1516, 1347)
(1516, 1348)
(1516, 1349)
(1517, 1350)
(1517, 1351)
(1517, 1352)
(1518, 1353)
(1518, 1354)
(1518, 1355)
(1519, 1356)
(1519, 1357)
(1519, 1358)
(1520, 1359)
(1520, 1360)
(1520, 1361)
(1521, 1362)
(1521, 1363)
(1521, 1364)
(1521, 1365)
(1522, 1366)
(1522, 1367)
(1522, 1368)
(1523, 1369)
(1523, 1370)
(1523, 1371)
(1524, 1372)
(1524, 1373)
(1524, 1374)
(1525, 1375)
(1525, 1376)
(1525, 1377)
(1526, 1378)
(1526, 1379)
(1526, 1380)
(1527, 1381)
(1527, 1382)
(1527, 1383)
(1528, 1384)
(1528, 1385)
(1528, 1386)
(1529, 1387)
(1529, 1388)
(1529, 1389)
(1529, 1390)
(1530, 1391)
(1530, 1392)
(1530, 1393)
(1531, 1394)
(1531, 1395)
(1531, 1396)
(1532, 1397)
(1532, 1398)
(1532, 1399)
(1533, 1400)
(1533, 1401)
(1533, 1402)
(1534, 1403)
(1534, 1404)
(1534, 1405)
(1535, 1406)
(1535, 1407)
(1535, 1408)
(1536, 1409)
(1536, 1410)
(1536, 1411)
(1537, 1412)
(1537, 1413)
(1537, 1414)
(1537, 1415)
(1538, 1416)
(1538, 1417)
(1538, 1418)
(1539, 1419)
(1539, 1419)
(1538, 1419)
(1537, 1420)
(1536, 1421)
(1536, 1421)
(1535, 1422)
(1534, 1423)
(1533, 1423)
(1533, 1424)
(1532, 1425)
(1531, 1425)
(1530, 1426)
(1530, 1427)
(1529, 1427)
(1528, 1428)
(1527, 1428)
(1527, 1429)
(1526, 1430)
(1525, 1430)
(1524, 1431)
(1523, 1432)
(1523, 1432)
(1522, 1433)
(1521, 1434)
(1520, 1434)
(1520, 1435)
(1519, 1436)
(1518, 1436)
(1517, 1437)
(1517, 1437)
(1516, 1438)
(1515, 1439)
(1514, 1439)
(1513, 1440)
(1513, 1441)
(1512, 1441)
(1511, 1442)
(1510, 1443)
(1510, 1443)
(1509, 1444)
(1508, 1445)
(1507, 1445)
(1507, 1446)
(1506, 1446)
(1505, 1447)
(1504, 1448)
(1504, 1448)
(1503, 1449)
(1502, 1450)
(1501, 1450)
(1500, 1451)
(1500, 1452)
(1499, 1452)
(1498, 1453)
(1497, 1454)
(1497, 1454)
(1496, 1455)
(1495, 1455)
(1494, 1456)
(1494, 1457)
(1493, 1457)
(1492, 1458)
(1491, 1459)
(1491, 1459)
(1490, 1460)
(1489, 1461)
(1488, 1461)
(1487, 1462)
(1487, 1463)
(1486, 1463)
(1485, 1464)
(1484, 1464)
(1484, 1465)
(1483, 1466)
(1482, 1466)
(1481, 1467)
(1481, 1468)
(1480, 1468)
(1479, 1469)
(1478, 1470)
(1477, 1470)
(1477, 1471)
(1476, 1472)
(1475, 1472)
(1474, 1473)
(1474, 1473)
(1473, 1474)
(1472, 1475)
(1471, 1475)
(1471, 1476)
(1470, 1477)
(1469, 1477)
(1468, 1478)
(1468, 1479)
(1467, 1479)
(1466, 1480)
(1465, 1481)
(1464, 1481)
(1464, 1482)
(1463, 1482)
(1462, 1483)
(1461, 1484)
(1461, 1484)
(1460, 1485)
(1459, 1486)
(1458, 1486)
(1458, 1487)
(1457, 1488)
(1456, 1488)
(1455, 1489)
(1455, 1490)
(1454, 1490)
(1453, 1491)
(1452, 1491)
(1451, 1492)
(1451, 1493)
(1450, 1493)
(1449, 1494)
(1448, 1495)
(1448, 1495)
(1447, 1496)
(1446, 1497)
(1445, 1497)
(1445, 1498)
(1444, 1499)
(1443, 1499)
(1442, 1500)
(1441, 1500)
(1441, 1501)
(1440, 1502)
(1439, 1502)
(1438, 1503)
(1438, 1504)
(1437, 1504)
(1436, 1505)
(1435, 1506)
(1435, 1506)
(1434, 1507)
(1433, 1508)
(1432, 1508)
(1432, 1509)
(1431, 1509)
(1430, 1510)
(1429, 1511)
(1428, 1511)
(1428, 1512)
(1427, 1513)
(1426, 1513)
(1425, 1514)
(1425, 1515)
(1424, 1515)
(1423, 1516)
(1422, 1517)
(1422, 1517)
(1421, 1518)
(1420, 1518)
(1419, 1519)
(1419, 1520)
(1418, 1520)
(1417, 1521)
(1416, 1522)
(1415, 1522)
(1415, 1523)
(1414, 1524)
(1413, 1524)
(1412, 1525)
(1412, 1526)
(1411, 1526)
(1410, 1527)
(1409, 1527)
(1409, 1528)
(1408, 1529)
(1407, 1529)
(1406, 1530)
(1405, 1531)
(1405, 1531)
(1404, 1532)
(1403, 1533)
(1402, 1533)
(1402, 1534)
(1401, 1535)
(1400, 1535)
(1399, 1536)
(1399, 1536)
(1398, 1537)
(1397, 1538)
(1396, 1538)
(1396, 1539)
(1395, 1540)
(1394, 1540)
(1393, 1541)
(1392, 1542)
(1392, 1542)
(1391, 1543)
(1390, 1544)
(1389, 1544)
(1389, 1545)
(1388, 1545)
(1387, 1546)
(1386, 1547)
(1386, 1547)
(1385, 1548)
(1384, 1549)
(1383, 1549)
(1382, 1550)
(1382, 1551)
(1381, 1551)
(1380, 1552)
(1379, 1553)
(1379, 1553)
(1378, 1554)
(1377, 1554)
(1376, 1555)
(1376, 1556)
(1375, 1556)
(1374, 1557)
(1373, 1558)
(1373, 1558)
(1372, 1559)
(1371, 1560)
(1370, 1560)
(1369, 1561)
(1369, 1562)
(1368, 1562)
(1367, 1563)
(1366, 1563)
(1366, 1564)
(1365, 1565)
(1364, 1565)
(1363, 1566)
(1363, 1567)
(1362, 1567)
(1361, 1568)
(1360, 1569)
(1360, 1569)
(1359, 1570)
(1358, 1571)
(1357, 1571)
(1356, 1572)
(1356, 1572)
(1355, 1573)
(1354, 1574)
(1353, 1574)
(1353, 1575)
(1352, 1576)
(1351, 1576)
(1350, 1577)
(1350, 1578)
(1349, 1578)
(1348, 1579)
(1347, 1580)
(1346, 1580)
(1346, 1581)
(1345, 1581)
(1344, 1582)
(1343, 1583)
(1343, 1583)
(1342, 1584)
(1341, 1585)
(1340, 1585)
(1340, 1586)
(1339, 1587)
(1338, 1587)
(1337, 1588)
(1337, 1589)
(1336, 1589)
(1335, 1590)
(1334, 1590)
(1333, 1591)
(1333, 1592)
(1332, 1592)
(1331, 1593)
(1330, 1594)
(1330, 1594)
(1329, 1595)
(1328, 1596)
(1327, 1596)
(1327, 1597)
(1326, 1598)
(1325, 1598)
(1324, 1599)
(1324, 1599)
(1323, 1600)
(1322, 1601)
(1321, 1601)
(1320, 1602)
(1320, 1603)
(1319, 1603)
(1318, 1604)
(1317, 1605)
(1317, 1605)
(1316, 1606)
(1315, 1607)
(1314, 1607)
(1314, 1608)
(1313, 1608)
(1312, 1609)
(1311, 1610)
(1310, 1610)
(1310, 1611)
(1309, 1612)
(1308, 1612)
(1307, 1613)
(1307, 1614)
(1306, 1614)
(1305, 1615)
(1304, 1616)
(1304, 1616)
(1303, 1617)
(1302, 1617)
(1301, 1618)
(1301, 1619)
(1300, 1619)
(1299, 1620)
(1298, 1621)
(1297, 1621)
(1297, 1622)
(1296, 1623)
(1295, 1623)
(1294, 1624)
(1294, 1625)
(1293, 1625)
(1292, 1626)
(1291, 1626)
(1291, 1627)
(1290, 1628)
(1289, 1628)
(1288, 1629)
(1288, 1630)
(1287, 1630)
(1286, 1631)
(1285, 1632)
(1284, 1632)
(1284, 1633)
(1283, 1634)
(1282, 1634)
(1281, 1635)
(1281, 1635)
(1280, 1636)
(1279, 1637)
(1278, 1637)
(1278, 1638)
(1277, 1639)
(1276, 1639)
(1275, 1640)
(1274, 1641)
(1274, 1641)
(1273, 1642)
(1272, 1643)
(1271, 1643)
(1271, 1644)
(1270, 1644)
(1269, 1645)
(1268, 1646)
(1268, 1646)
(1267, 1647)
(1266, 1648)
(1265, 1648)
(1265, 1649)
(1264, 1650)
(1263, 1650)
(1262, 1651)
(1261, 1652)
(1261, 1652)
(1260, 1653)
(1259, 1653)
(1258, 1654)
(1258, 1655)
(1257, 1655)
(1256, 1656)
(1255, 1657)
(1255, 1657)
(1254, 1658)
(1253, 1659)
(1252, 1659)
(1252, 1660)
(1251, 1661)
(1250, 1661)
(1249, 1662)
(1248, 1662)
(1248, 1663)
(1247, 1664)
(1246, 1664)
(1245, 1665)
(1245, 1666)
(1244, 1666)
(1243, 1667)
(1242, 1668)
(1242, 1668)
(1241, 1669)
(1240, 1670)
(1239, 1670)
(1238, 1671)
(1238, 1671)
(1237, 1672)
(1236, 1673)
(1235, 1673)
(1235, 1674)
(1234, 1675)
(1233, 1675)
(1232, 1676)
(1232, 1677)
(1231, 1677)
(1230, 1678)
(1229, 1679)
(1229, 1679)
(1228, 1680)
(1227, 1680)
(1226, 1681)
(1225, 1682)
(1225, 1682)
(1224, 1683)
(1223, 1684)
(1222, 1684)
(1222, 1685)
(1221, 1686)
(1220, 1686)
(1219, 1687)
(1219, 1688)
(1218, 1688)
(1217, 1689)
(1216, 1689)
(1215, 1690)
(1215, 1691)
(1214, 1691)
(1213, 1692)
(1212, 1693)
(1212, 1693)
(1211, 1694)
(1210, 1695)
(1209, 1695)
(1209, 1696)
(1208, 1697)
(1207, 1697)
(1206, 1698)
(1206, 1698)
(1205, 1699)
(1204, 1700)
(1203, 1700)
(1202, 1701)
(1202, 1702)
(1201, 1702)
(1200, 1703)
(1199, 1704)
(1199, 1704)
(1198, 1705)
(1197, 1706)
(1196, 1706)
(1196, 1707)
(1195, 1707)
(1194, 1708)
(1193, 1709)
(1193, 1709)
(1192, 1710)
(1191, 1711)
(1190, 1711)
(1189, 1712)
(1189, 1713)
(1188, 1713)
(1187, 1714)
(1186, 1715)
(1186, 1715)
(1185, 1716)
(1184, 1716)
(1183, 1717)
(1183, 1718)
(1182, 1718)
(1181, 1719)
(1180, 1720)
(1179, 1720)
(1179, 1721)
(1178, 1722)
(1177, 1722)
(1176, 1723)
(1176, 1724)
(1175, 1724)
(1174, 1725)
(1173, 1725)
(1173, 1726)
(1172, 1727)
(1171, 1727)
(1170, 1728)
(1170, 1729)
(1169, 1729)
(1168, 1730)
(1167, 1731)
(1166, 1731)
(1166, 1732)
(1165, 1733)
(1164, 1733)
(1163, 1734)
(1163, 1734)
(1162, 1735)
(1161, 1736)
(1160, 1736)
(1160, 1737)
(1159, 1738)
(1158, 1738)
(1157, 1739)
(1157, 1740)
(1156, 1740)
(1155, 1741)
(1154, 1742)
(1153, 1742)
(1153, 1743)
(1152, 1743)
(1151, 1744)
(1150, 1745)
(1150, 1745)
(1149, 1746)
(1148, 1747)
(1147, 1747)
(1147, 1748)
(1146, 1749)
(1145, 1749)
(1144, 1750)
(1143, 1751)
(1143, 1751)
(1142, 1752)
(1141, 1752)
(1140, 1753)
(1140, 1754)
(1139, 1754)
(1138, 1755)
(1137, 1756)
(1137, 1756)
(1136, 1757)
(1135, 1758)
(1134, 1758)
(1134, 1759)
(1133, 1760)
(1132, 1760)
(1131, 1761)
(1130, 1761)
(1130, 1762)
(1129, 1763)
(1128, 1763)
(1127, 1764)
(1127, 1765)
(1126, 1765)
(1125, 1766)
(1124, 1767)
(1124, 1767)
(1123, 1768)
(1122, 1769)
(1121, 1769)
(1121, 1770)
(1120, 1770)
(1119, 1771)
(1118, 1772)
(1117, 1772)
(1117, 1773)
(1116, 1774)
(1115, 1774)
(1114, 1775)
(1114, 1776)
(1113, 1776)
(1112, 1777)
(1111, 1778)
(1111, 1778)
(1110, 1779)
(1109, 1779)
(1108, 1780)
(1107, 1781)
(1107, 1781)
(1106, 1782)
(1105, 1783)
(1104, 1783)
(1104, 1784)
(1103, 1785)
(1102, 1785)
(1101, 1786)
(1101, 1787)
(1100, 1787)
(1099, 1788)
(1098, 1788)
(1098, 1789)
(1097, 1790)
(1096, 1790)
(1095, 1791)
(1094, 1792)
(1094, 1792)
(1093, 1793)
(1092, 1794)
(1091, 1794)
(1091, 1795)
(1090, 1796)
(1089, 1796)
(1088, 1797)
(1088, 1797)
(1087, 1798)
(1086, 1799)
(1085, 1799)
(1085, 1800)
(1084, 1801)
(1083, 1801)
(1082, 1802)
(1081, 1803)
(1081, 1803)
(1080, 1804)
(1079, 1805)
(1078, 1805)
(1078, 1806)
(1077, 1806)
(1076, 1807)
(1075, 1808)
(1075, 1808)
(1074, 1809)
(1073, 1810)
(1072, 1810)
(1071, 1811)
(1071, 1812)
(1070, 1812)
(1069, 1813)
(1068, 1814)
(1068, 1814)
(1067, 1815)
(1066, 1815)
(1065, 1816)
(1065, 1817)
(1064, 1817)
(1063, 1818)
(1062, 1819)
(1062, 1819)
(1061, 1820)
(1060, 1821)
(1059, 1821)
(1058, 1822)
(1058, 1823)
(1057, 1823)
(1056, 1824)
(1055, 1824)
(1055, 1825)
(1054, 1826)
(1053, 1826)
(1052, 1827)
(1052, 1828)
(1051, 1828)
(1050, 1829)
(1049, 1830)
(1049, 1830)
(1048, 1831)
(1047, 1832)
(1046, 1832)
(1045, 1833)
(1045, 1833)
(1044, 1834)
(1043, 1835)
(1042, 1835)
(1042, 1836)
(1041, 1837)
(1040, 1837)
(1039, 1838)
(1039, 1839)
(1038, 1839)
(1037, 1840)
(1036, 1841)
(1035, 1841)
(1035, 1842)
(1034, 1842)
(1033, 1843)
(1032, 1844)
(1032, 1844)
(1031, 1845)
(1030, 1846)
(1029, 1846)
(1029, 1847)
(1028, 1848)
(1027, 1848)
(1026, 1849)
(1026, 1850)
(1025, 1850)
(1024, 1851)
(1023, 1851)
(1022, 1852)
(1022, 1853)
(1021, 1853)
(1020, 1854)
(1019, 1855)
(1019, 1855)
(1018, 1856)
(1017, 1857)
(1016, 1857)
(1016, 1858)
(1015, 1859)
(1014, 1859)
(1013, 1860)
(1012, 1860)
(1012, 1861)
(1011, 1862)
(1010, 1862)
(1009, 1863)
(1009, 1864)
(1008, 1864)
(1007, 1865)
(1006, 1866)
(1006, 1866)
(1005, 1867)
(1004, 1868)
(1003, 1868)
(1003, 1869)
(1002, 1869)
(1001, 1870)
(1000, 1871)
(999, 1871)
(999, 1872)
(998, 1873)
(997, 1873)
(996, 1874)
(996, 1875)
(995, 1875)
(994, 1876)
(993, 1877)
(993, 1877)
(992, 1878)
(991, 1878)
(990, 1879)
(990, 1880)
(989, 1880)
(988, 1881)
(987, 1882)
(986, 1882)
(986, 1883)
(985, 1884)
(984, 1884)
(983, 1885)
(983, 1886)
(982, 1886)
(981, 1887)
(980, 1887)
(980, 1888)
(979, 1889)
(978, 1889)
(977, 1890)
(976, 1891)
(976, 1891)
(975, 1892)
(974, 1893)
(973, 1893)
(973, 1894)
(972, 1895)
(971, 1895)
(970, 1896)
(970, 1896)
(969, 1897)
(968, 1898)
(967, 1898)
(967, 1899)
(966, 1900)
(965, 1900)
(964, 1901)
(963, 1902)
(963, 1902)
(962, 1903)
(961, 1904)
(960, 1904)
(960, 1905)
(959, 1905)
(958, 1906)
(957, 1907)
(957, 1907)
(956, 1908)
(955, 1909)
(954, 1909)
(954, 1910)
(953, 1911)
(952, 1911)
(951, 1912)
(950, 1912)
(950, 1913)
(949, 1914)
(948, 1914)
(947, 1915)
(947, 1916)
(946, 1916)
(945, 1917)
(944, 1918)
(944, 1918)
(943, 1919)
(942, 1920)
(941, 1920)
(940, 1921)
(940, 1921)
(939, 1922)
(938, 1923)
(937, 1923)
(937, 1924)
(936, 1925)
(935, 1925)
(934, 1926)
(934, 1927)
(933, 1927)
(932, 1928)
(931, 1929)
(931, 1929)
(930, 1930)
(929, 1930)
(928, 1931)
(927, 1932)
(927, 1932)
(926, 1933)
(925, 1934)
(924, 1934)
(924, 1935)
(923, 1936)
(922, 1936)
(921, 1937)
(921, 1938)
(920, 1938)
(919, 1939)
(918, 1939)
(918, 1940)
(917, 1941)
(916, 1941)
(915, 1942)
(914, 1943)
(914, 1943)
(913, 1944)
(912, 1945)
(911, 1945)
(911, 1946)
(910, 1947)
(909, 1947)
(908, 1948)
(908, 1948)
(907, 1949)
(906, 1950)
(905, 1950)
(904, 1951)
(904, 1952)
(903, 1952)
(902, 1953)
(901, 1954)
(901, 1954)
(900, 1955)
(899, 1956)
(898, 1956)
(898, 1957)
(897, 1957)
(896, 1958)
(895, 1959)
(895, 1959)
(894, 1960)
(893, 1961)
(892, 1961)
(891, 1962)
(891, 1963)
(890, 1963)
(889, 1964)
(888, 1965)
(888, 1965)
(887, 1966)
(886, 1966)
(885, 1967)
(885, 1968)
(884, 1968)
(883, 1969)
(882, 1970)
(882, 1970)
(881, 1971)
(880, 1972)
(879, 1972)
(878, 1973)
(878, 1974)
(877, 1974)
(876, 1975)
(875, 1975)
(875, 1976)
(874, 1977)
(873, 1977)
(872, 1978)
(872, 1979)
(871, 1979)
(870, 1980)
(869, 1981)
(868, 1981)
(869, 1981)
(870, 1981)
(871, 1980)
(872, 1980)
(873, 1979)
(874, 1979)
(875, 1979)
(876, 1978)
(877, 1978)
(878, 1978)
(879, 1977)
(880, 1977)
(881, 1977)
(882, 1976)
(883, 1976)
(884, 1976)
(885, 1975)
(886, 1975)
(887, 1974)
(888, 1974)
(889, 1974)
(890, 1973)
(891, 1973)
(892, 1973)
(893, 1972)
(894, 1972)
(895, 1972)
(896, 1971)
(897, 1971)
(898, 1971)
(899, 1970)
(900, 1970)
(901, 1969)
(902, 1969)
(903, 1969)
(904, 1968)
(905, 1968)
(906, 1968)
(907, 1967)
(908, 1967)
(909, 1967)
(910, 1966)
(911, 1966)
(912, 1966)
(913, 1965)
(914, 1965)
(915, 1964)
(916, 1964)
(917, 1964)
(918, 1963)
(919, 1963)
(920, 1963)
(921, 1962)
(922, 1962)
(923, 1962)
(924, 1961)
(925, 1961)
(926, 1961)
(927, 1960)
(928, 1960)
(929, 1959)
(930, 1959)
(931, 1959)
(932, 1958)
(933, 1958)
(934, 1958)
(935, 1957)
(936, 1957)
(937, 1957)
(938, 1956)
(939, 1956)
(940, 1956)
(941, 1955)
(942, 1955)
(943, 1954)
(944, 1954)
(945, 1954)
(946, 1953)
(947, 1953)
(948, 1953)
(949, 1952)
(950, 1952)
(951, 1952)
(952, 1951)
(953, 1951)
(954, 1950)
(955, 1950)
(956, 1950)
(957, 1949)
(958, 1949)
(959, 1949)
(960, 1948)
(961, 1948)
(962, 1948)
(963, 1947)
(964, 1947)
(965, 1947)
(966, 1946)
(967, 1946)
(968, 1945)
(969, 1945)
(970, 1945)
(971, 1944)
(972, 1944)
(973, 1944)
(974, 1943)
(975, 1943)
(976, 1943)
(977, 1942)
(978, 1942)
(979, 1942)
(980, 1941)
(981, 1941)
(982, 1940)
(983, 1940)
(984, 1940)
(985, 1939)
(986, 1939)
(987, 1939)
(988, 1938)
(989, 1938)
(990, 1938)
(991, 1937)
(992, 1937)
(993, 1937)
(994, 1936)
(995, 1936)
(996, 1935)
(997, 1935)
(998, 1935)
(999, 1934)
(1000, 1934)
(1001, 1934)
(1002, 1933)
(1003, 1933)
(1004, 1933)
(1005, 1932)
(1006, 1932)
(1007, 1932)
(1008, 1931)
(1009, 1931)
(1010, 1930)
(1011, 1930)
(1012, 1930)
(1013, 1929)
(1014, 1929)
(1015, 1929)
(1016, 1928)
(1017, 1928)
(1018, 1928)
(1019, 1927)
(1020, 1927)
(1021, 1927)
(1022, 1926)
(1023, 1926)
(1024, 1925)
(1025, 1925)
(1026, 1925)
(1027, 1924)
(1028, 1924)
(1029, 1924)
(1030, 1923)
(1031, 1923)
(1032, 1923)
(1033, 1922)
(1034, 1922)
(1035, 1922)
(1036, 1921)
(1037, 1921)
(1038, 1920)
(1039, 1920)
(1040, 1920)
(1041, 1919)
(1042, 1919)
(1043, 1919)
(1044, 1918)
(1045, 1918)
(1046, 1918)
(1047, 1917)
(1048, 1917)
(1049, 1916)
(1050, 1916)
(1051, 1916)
(1052, 1915)
(1053, 1915)
(1054, 1915)
(1055, 1914)
(1056, 1914)
(1057, 1914)
(1058, 1913)
(1059, 1913)
(1060, 1913)
(1061, 1912)
(1062, 1912)
(1063, 1911)
(1064, 1911)
(1065, 1911)
(1066, 1910)
(1067, 1910)
(1068, 1910)
(1069, 1909)
(1070, 1909)
(1071, 1909)
(1072, 1908)
(1073, 1908)
(1074, 1908)
(1075, 1907)
(1076, 1907)
(1077, 1906)
(1078, 1906)
(1079, 1906)
(1080, 1905)
(1081, 1905)
(1082, 1905)
(1083, 1904)
(1084, 1904)
(1085, 1904)
(1086, 1903)
(1087, 1903)
(1088, 1903)
(1089, 1902)
(1090, 1902)
(1091, 1901)
(1092, 1901)
(1093, 1901)
(1094, 1900)
(1095, 1900)
(1096, 1900)
(1097, 1899)
(1098, 1899)
(1099, 1899)
(1100, 1898)
(1101, 1898)
(1102, 1898)
(1103, 1897)
(1104, 1897)
(1105, 1896)
(1106, 1896)
(1107, 1896)
(1108, 1895)
(1109, 1895)
(1110, 1895)
(1111, 1894)
(1112, 1894)
(1113, 1894)
(1114, 1893)
(1115, 1893)
(1116, 1893)
(1117, 1892)
(1118, 1892)
(1119, 1891)
(1120, 1891)
(1121, 1891)
(1122, 1890)
(1123, 1890)
(1124, 1890)
(1125, 1889)
(1126, 1889)
(1127, 1889)
(1128, 1888)
(1129, 1888)
(1130, 1888)
(1131, 1887)
(1132, 1887)
(1133, 1886)
(1134, 1886)
(1135, 1886)
(1136, 1885)
(1137, 1885)
(1138, 1885)
(1139, 1884)
(1140, 1884)
(1141, 1884)
(1142, 1883)
(1143, 1883)
(1144, 1882)
(1145, 1882)
(1146, 1882)
(1147, 1881)
(1148, 1881)
(1149, 1881)
(1150, 1880)
(1151, 1880)
(1152, 1880)
(1153, 1879)
(1154, 1879)
(1155, 1879)
(1156, 1878)
(1157, 1878)
(1158, 1877)
(1159, 1877)
(1160, 1877)
(1161, 1876)
(1162, 1876)
(1163, 1876)
(1164, 1875)
(1165, 1875)
(1166, 1875)
(1167, 1874)
(1168, 1874)
(1169, 1874)
(1170, 1873)
(1171, 1873)
(1172, 1872)
(1173, 1872)
(1174, 1872)
(1175, 1871)
(1176, 1871)
(1177, 1871)
(1178, 1870)
(1179, 1870)
(1180, 1870)
(1181, 1869)
(1182, 1869)
(1183, 1869)
(1184, 1868)
(1185, 1868)
(1186, 1867)
(1187, 1867)
(1188, 1867)
(1189, 1866)
(1190, 1866)
(1191, 1866)
(1192, 1865)
(1193, 1865)
(1194, 1865)
(1195, 1864)
(1196, 1864)
(1197, 1864)
(1198, 1863)
(1199, 1863)
(1200, 1862)
(1201, 1862)
(1202, 1862)
(1203, 1861)
(1204, 1861)
(1205, 1861)
(1206, 1860)
(1207, 1860)
(1208, 1860)
(1209, 1859)
(1210, 1859)
(1211, 1859)
(1212, 1858)
(1213, 1858)
(1214, 1857)
(1215, 1857)
(1216, 1857)
(1217, 1856)
(1218, 1856)
(1219, 1856)
(1220, 1855)
(1221, 1855)
(1222, 1855)
(1223, 1854)
(1224, 1854)
(1225, 1854)
(1226, 1853)
(1227, 1853)
(1228, 1852)
(1229, 1852)
(1230, 1852)
(1231, 1851)
(1232, 1851)
(1233, 1851)
(1234, 1850)
(1235, 1850)
(1236, 1850)
(1237, 1849)
(1238, 1849)
(1239, 1848)
(1240, 1848)
(1241, 1848)
(1242, 1847)
(1243, 1847)
(1244, 1847)
(1245, 1846)
(1246, 1846)
(1247, 1846)
(1248, 1845)
(1249, 1845)
(1250, 1845)
(1251, 1844)
(1252, 1844)
(1253, 1843)
(1254, 1843)
(1255, 1843)
(1256, 1842)
(1257, 1842)
(1258, 1842)
(1259, 1841)
(1260, 1841)
(1261, 1841)
(1262, 1840)
(1263, 1840)
(1264, 1840)
(1265, 1839)
(1266, 1839)
(1267, 1838)
(1268, 1838)
(1269, 1838)
(1270, 1837)
(1271, 1837)
(1272, 1837)
(1273, 1836)
(1274, 1836)
(1275, 1836)
(1276, 1835)
(1277, 1835)
(1278, 1835)
(1279, 1834)
(1280, 1834)
(1281, 1833)
(1282, 1833)
(1283, 1833)
(1284, 1832)
(1285, 1832)
(1286, 1832)
(1287, 1831)
(1288, 1831)
(1289, 1831)
(1290, 1830)
(1291, 1830)
(1292, 1830)
(1293, 1829)
(1294, 1829)
(1295, 1828)
(1296, 1828)
(1297, 1828)
(1298, 1827)
(1299, 1827)
(1300, 1827)
(1301, 1826)
(1302, 1826)
(1303, 1826)
(1304, 1825)
(1305, 1825)
(1306, 1825)
(1307, 1824)
(1308, 1824)
(1309, 1823)
(1310, 1823)
(1311, 1823)
(1312, 1822)
(1313, 1822)
(1314, 1822)
(1315, 1821)
(1316, 1821)
(1317, 1821)
(1318, 1820)
(1319, 1820)
(1320, 1820)
(1321, 1819)
(1322, 1819)
(1323, 1818)
(1324, 1818)
(1325, 1818)
(1326, 1817)
(1327, 1817)
(1328, 1817)
(1329, 1816)
(1330, 1816)
(1331, 1816)
(1332, 1815)
(1333, 1815)
(1334, 1814)
(1335, 1814)
(1336, 1814)
(1337, 1813)
(1338, 1813)
(1339, 1813)
(1340, 1812)
(1341, 1812)
(1342, 1812)
(1343, 1811)
(1344, 1811)
(1345, 1811)
(1346, 1810)
(1347, 1810)
(1348, 1809)
(1349, 1809)
(1350, 1809)
(1351, 1808)
(1352, 1808)
(1353, 1808)
(1354, 1807)
(1355, 1807)
(1356, 1807)
(1357, 1806)
(1358, 1806)
(1359, 1806)
(1360, 1805)
(1361, 1805)
(1362, 1804)
(1363, 1804)
(1364, 1804)
(1365, 1803)
(1366, 1803)
(1367, 1803)
(1368, 1802)
(1369, 1802)
(1370, 1802)
(1371, 1801)
(1372, 1801)
(1373, 1801)
(1374, 1800)
(1375, 1800)
(1376, 1799)
(1377, 1799)
(1378, 1799)
(1379, 1798)
(1380, 1798)
(1381, 1798)
(1382, 1797)
(1383, 1797)
(1384, 1797)
(1385, 1796)
(1386, 1796)
(1387, 1796)
(1388, 1795)
(1389, 1795)
(1390, 1794)
(1391, 1794)
(1392, 1794)
(1393, 1793)
(1394, 1793)
(1395, 1793)
(1396, 1792)
(1397, 1792)
(1398, 1792)
(1399, 1791)
(1400, 1791)
(1401, 1791)
(1402, 1790)
(1403, 1790)
(1404, 1789)
(1405, 1789)
(1406, 1789)
(1407, 1788)
(1408, 1788)
(1409, 1788)
(1410, 1787)
(1411, 1787)
(1412, 1787)
(1413, 1786)
(1414, 1786)
(1415, 1786)
(1416, 1785)
(1417, 1785)
(1418, 1784)
(1419, 1784)
(1420, 1784)
(1421, 1783)
(1422, 1783)
(1423, 1783)
(1424, 1782)
(1425, 1782)
(1426, 1782)
(1427, 1781)
(1428, 1781)
(1429, 1780)
(1430, 1780)
(1431, 1780)
(1432, 1779)
(1433, 1779)
(1434, 1779)
(1435, 1778)
(1436, 1778)
(1437, 1778)
(1438, 1777)
(1439, 1777)
(1440, 1777)
(1441, 1776)
(1442, 1776)
(1443, 1775)
(1444, 1775)
(1445, 1775)
(1446, 1774)
(1447, 1774)
(1448, 1774)
(1449, 1773)
(1450, 1773)
(1451, 1773)
(1452, 1772)
(1453, 1772)
(1454, 1772)
(1455, 1771)
(1456, 1771)
(1457, 1770)
(1458, 1770)
(1459, 1770)
(1460, 1769)
(1461, 1769)
(1462, 1769)
(1463, 1768)
(1464, 1768)
(1465, 1768)
(1466, 1767)
(1467, 1767)
(1468, 1767)
(1469, 1766)
(1470, 1766)
(1471, 1765)
(1472, 1765)
(1473, 1765)
(1474, 1764)
(1475, 1764)
(1476, 1764)
(1477, 1763)
(1478, 1763)
(1479, 1763)
(1480, 1762)
(1481, 1762)
(1482, 1762)
(1483, 1761)
(1484, 1761)
(1485, 1760)
(1486, 1760)
(1487, 1760)
(1488, 1759)
(1489, 1759)
(1490, 1759)
(1491, 1758)
(1492, 1758)
(1493, 1758)
(1494, 1757)
(1495, 1757)
(1496, 1757)
(1497, 1756)
(1498, 1756)
(1499, 1755)
(1500, 1755)
(1501, 1755)
(1502, 1754)
(1503, 1754)
(1504, 1754)
(1505, 1753)
(1506, 1753)
(1507, 1753)
(1508, 1752)
(1509, 1752)
(1510, 1752)
(1511, 1751)
(1512, 1751)
(1513, 1750)
(1514, 1750)
(1515, 1750)
(1516, 1749)
(1517, 1749)
(1519, 1748)
(1520, 1748)
(1522, 1747)
(1524, 1746)
(1525, 1746)
(1527, 1745)
(1528, 1745)
(1530, 1744)
(1531, 1744)
(1533, 1743)
(1534, 1743)
(1536, 1742)
(1538, 1741)
(1539, 1741)
(1541, 1740)
(1542, 1740)
(1544, 1739)
(1545, 1739)
(1547, 1738)
(1547, 1738)
(1548, 1738)
(1549, 1737)
(1549, 1736)
(1550, 1736)
(1551, 1735)
(1552, 1734)
(1552, 1734)
(1553, 1733)
(1554, 1732)
(1555, 1732)
(1555, 1731)
(1556, 1731)
(1557, 1730)
(1558, 1729)
(1559, 1729)
(1559, 1728)
(1560, 1727)
(1561, 1727)
(1562, 1726)
(1562, 1725)
(1563, 1725)
(1564, 1724)
(1565, 1723)
(1565, 1723)
(1566, 1722)
(1567, 1722)
(1568, 1721)
(1568, 1720)
(1569, 1720)
(1570, 1719)
(1571, 1718)
(1572, 1718)
(1572, 1717)
(1573, 1716)
(1574, 1716)
(1575, 1715)
(1575, 1714)
(1576, 1714)
(1577, 1713)
(1578, 1713)
(1578, 1712)
(1579, 1711)
(1580, 1711)
(1581, 1710)
(1581, 1709)
(1582, 1709)
(1583, 1708)
(1584, 1707)
(1585, 1707)
(1585, 1706)
(1586, 1705)
(1587, 1705)
(1588, 1704)
(1588, 1704)
(1589, 1703)
(1590, 1702)
(1591, 1702)
(1591, 1701)
(1592, 1700)
(1593, 1700)
(1594, 1699)
(1595, 1698)
(1595, 1698)
(1596, 1697)
(1597, 1696)
(1598, 1696)
(1598, 1695)
(1599, 1695)
(1600, 1694)
(1601, 1693)
(1601, 1693)
(1602, 1692)
(1603, 1691)
(1604, 1691)
(1604, 1690)
(1605, 1689)
(1606, 1689)
(1607, 1688)
(1608, 1687)
(1608, 1687)
(1609, 1686)
(1610, 1686)
(1611, 1685)
(1611, 1684)
(1612, 1684)
(1613, 1683)
(1614, 1682)
(1614, 1682)
(1615, 1681)
(1616, 1680)
(1617, 1680)
(1617, 1679)
(1618, 1678)
(1619, 1678)
(1620, 1677)
(1621, 1677)
(1621, 1676)
(1622, 1675)
(1623, 1675)
