(934, 45)
(935, 45)
(936, 45)
(937, 45)
(938, 45)
(939, 45)
(940, 45)
(941, 45)
(942, 45)
(943, 45)
(944, 45)
(945, 45)
(946, 45)
(947, 45)
(948, 45)
(949, 45)
(950, 45)
(951, 45)
(952, 45)
(953, 45)
(954, 45)
(955, 45)
(956, 45)
(957, 45)
(958, 45)
(959, 45)
(960, 45)
(961, 45)
(962, 45)
(963, 45)
(964, 45)
(965, 45)
(966, 45)
(967, 45)
(968, 45)
(969, 45)
(970, 45)
(971, 45)
(972, 45)
(973, 45)
(974, 45)
(975, 45)
(976, 45)
(977, 45)
(978, 45)
(979, 45)
(980, 45)
(981, 45)
(982, 45)
(983, 45)
(984, 45)
(985, 45)
(986, 45)
(987, 45)
(988, 45)
(989, 45)
(990, 45)
(991, 45)
(992, 45)
(993, 45)
(994, 45)
(995, 45)
(996, 45)
(997, 45)
(998, 45)
(999, 45)
(1000, 45)
(1001, 45)
(1002, 45)
(1003, 45)
(1004, 45)
(1005, 45)
(1006, 45)
(1007, 45)
(1008, 45)
(1009, 45)
(1010, 45)
(1011, 45)
(1012, 45)
(1013, 45)
(1014, 45)
(1015, 45)
(1016, 45)
(1017, 45)
(1018, 45)
(1019, 45)
(1020, 45)
(1021, 45)
(1022, 45)
(1023, 45)
(1024, 45)
(1025, 45)
(1026, 45)
(1027, 45)
(1028, 45)
(1029, 45)
(1030, 45)
(1031, 45)
(1032, 45)
(1033, 45)
(1034, 45)
(1035, 45)
(1036, 45)
(1037, 45)
(1038, 45)
(1039, 45)
(1040, 45)
(1041, 45)
(1042, 45)
(1043, 45)
(1044, 45)
(1045, 45)
(1046, 45)
(1047, 45)
(1048, 45)
(1049, 45)
(1050, 45)
(1051, 45)
(1052, 45)
(1053, 45)
(1054, 45)
(1055, 45)
(1056, 45)
(1057, 45)
(1058, 45)
(1059, 45)
(1060, 45)
(1061, 45)
(1062, 45)
(1063, 45)
(1064, 45)
(1065, 45)
(1066, 45)
(1067, 45)
(1068, 45)
(1069, 45)
(1070, 45)
(1071, 45)
(1072, 45)
(1073, 45)
(1074, 45)
(1075, 45)
(1076, 45)
(1077, 45)
(1078, 45)
(1079, 45)
(1080, 45)
(1081, 45)
(1082, 45)
(1083, 45)
(1084, 45)
(1085, 45)
(1086, 45)
(1087, 45)
(1088, 45)
(1089, 45)
(1090, 45)
(1091, 45)
(1092, 45)
(1093, 45)
(1093, 46)
(1093, 47)
(1094, 48)
(1094, 49)
(1094, 50)
(1095, 51)
(1095, 52)
(1095, 53)
(1096, 54)
(1096, 55)
(1096, 56)
(1097, 57)
(1097, 58)
(1097, 59)
(1098, 60)
(1098, 61)
(1098, 62)
(1099, 63)
(1099, 64)
(1099, 65)
(1100, 66)
(1100, 67)
(1100, 68)
(1101, 69)
(1101, 70)
(1101, 71)
(1102, 72)
(1102, 73)
(1102, 74)
(1103, 75)
(1103, 76)
(1103, 77)
(1104, 78)
(1104, 79)
(1104, 80)
(1105, 81)
(1105, 82)
(1105, 83)
(1106, 84)
(1106, 85)
(1106, 86)
(1107, 87)
(1107, 88)
(1107, 89)
(1108, 90)
(1108, 91)
(1108, 92)
(1109, 93)
(1109, 94)
(1109, 95)
(1110, 96)
(1110, 97)
(1110, 98)
(1111, 99)
(1111, 100)
(1111, 101)
(1112, 102)
(1112, 103)
(1112, 104)
(1113, 105)
(1113, 106)
(1113, 107)
(1114, 108)
(1114, 109)
(1114, 110)
(1115, 111)
(1115, 112)
(1115, 113)
(1115, 114)
(1116, 115)
(1116, 116)
(1116, 117)
(1117, 118)
(1117, 119)
(1117, 120)
(1118, 121)
(1118, 122)
(1118, 123)
(1119, 124)
(1119, 125)
(1119, 126)
(1120, 127)
(1120, 128)
(1120, 129)
(1121, 130)
(1121, 131)
(1121, 132)
(1122, 133)
(1122, 134)
(1122, 135)
(1123, 136)
(1123, 137)
(1123, 138)
(1124, 139)
(1124, 140)
(1124, 141)
(1125, 142)
(1125, 143)
(1125, 144)
(1126, 145)
(1126, 145)
(1125, 145)
(1124, 145)
(1123, 145)
(1122, 145)
(1121, 145)
(1120, 145)
(1119, 145)
(1118, 145)
(1117, 145)
(1116, 145)
(1115, 145)
(1114, 145)
(1113, 145)
(1112, 145)
(1111, 145)
(1110, 145)
(1109, 145)
(1108, 145)
(1107, 145)
(1106, 145)
(1105, 145)
(1104, 145)
(1103, 145)
(1102, 145)
(1101, 145)
(1100, 145)
(1099, 145)
(1098, 145)
(1097, 145)
(1096, 145)
(1095, 145)
(1094, 145)
(1093, 145)
(1092, 145)
(1091, 145)
(1090, 145)
(1089, 145)
(1088, 145)
(1087, 145)
(1086, 145)
(1085, 145)
(1084, 145)
(1083, 145)
(1082, 145)
(1081, 145)
(1080, 145)
(1079, 145)
(1078, 145)
(1077, 145)
(1076, 145)
(1075, 145)
(1074, 145)
(1073, 145)
(1072, 145)
(1071, 145)
(1070, 145)
(1069, 145)
(1068, 145)
(1067, 145)
(1066, 145)
(1065, 145)
(1064, 145)
(1063, 145)
(1062, 145)
(1061, 145)
(1060, 145)
(1059, 145)
(1058, 145)
(1057, 145)
(1056, 145)
(1055, 145)
(1054, 145)
(1053, 145)
(1052, 145)
(1051, 145)
(1050, 145)
(1049, 145)
(1048, 145)
(1047, 145)
(1046, 145)
(1045, 145)
(1044, 145)
(1043, 145)
(1042, 145)
(1041, 145)
(1040, 145)
(1039, 145)
(1038, 145)
(1037, 145)
(1036, 145)
(1035, 145)
(1034, 145)
(1033, 145)
(1032, 145)
(1031, 145)
(1030, 145)
(1029, 145)
(1028, 145)
(1027, 145)
(1026, 145)
(1025, 145)
(1024, 145)
(1023, 145)
(1022, 145)
(1021, 145)
(1020, 145)
(1019, 145)
(1018, 145)
(1017, 145)
(1016, 145)
(1015, 145)
(1014, 145)
(1013, 145)
(1012, 145)
(1011, 145)
(1010, 145)
(1009, 145)
(1008, 145)
(1007, 145)
(1006, 145)
(1005, 145)
(1004, 145)
(1003, 145)
(1002, 145)
(1001, 145)
(1000, 145)
(999, 145)
(998, 145)
(997, 145)
(996, 145)
(995, 145)
(994, 145)
(993, 145)
(992, 145)
(991, 145)
(990, 145)
(989, 145)
(988, 145)
(987, 145)
(986, 145)
(985, 145)
(984, 145)
(983, 145)
(982, 145)
(981, 145)
(980, 145)
(979, 145)
(978, 145)
(977, 145)
(976, 145)
(975, 145)
(974, 145)
(973, 145)
(972, 145)
(971, 145)
(970, 145)
(969, 145)
(968, 145)
(967, 145)
(966, 145)
(965, 145)
(964, 145)
(963, 145)
(962, 145)
(961, 145)
(960, 145)
(959, 145)
(958, 145)
(957, 145)
(956, 145)
(955, 145)
(954, 145)
(953, 145)
(952, 145)
(951, 145)
(950, 145)
(949, 145)
(948, 145)
(947, 145)
(946, 145)
(945, 145)
(944, 145)
(943, 145)
(942, 145)
(941, 145)
(940, 145)
(939, 145)
(938, 145)
(937, 145)
(936, 145)
(935, 145)
(934, 145)
(933, 145)
(932, 145)
(931, 145)
(930, 145)
(929, 145)
(928, 145)
(927, 145)
(926, 145)
(925, 145)
(924, 145)
(923, 145)
(922, 145)
(921, 145)
(920, 145)
(919, 145)
(918, 145)
(917, 145)
(916, 145)
(915, 145)
(914, 145)
(913, 145)
(912, 145)
(911, 145)
(910, 145)
(909, 145)
(908, 145)
(907, 145)
(906, 145)
(905, 145)
(904, 145)
(903, 145)
(902, 145)
(901, 145)
(900, 145)
(899, 145)
(898, 145)
(897, 145)
(896, 145)
(895, 145)
(894, 145)
(893, 145)
(892, 145)
(891, 145)
(890, 145)
(889, 145)
(888, 145)
(887, 145)
(886, 145)
(885, 145)
(884, 145)
(883, 145)
(882, 145)
(881, 145)
(880, 145)
(879, 145)
(878, 145)
(877, 145)
(876, 145)
(875, 145)
(874, 145)
(873, 145)
(872, 145)
(871, 145)
(870, 145)
(869, 145)
(868, 145)
(867, 145)
(866, 145)
(865, 145)
(864, 145)
(863, 145)
(862, 145)
(861, 145)
(860, 145)
(859, 145)
(858, 145)
(857, 145)
(856, 145)
(855, 145)
(854, 145)
(853, 145)
(852, 145)
(851, 145)
(850, 145)
(849, 145)
(848, 145)
(847, 145)
(846, 145)
(845, 145)
(844, 145)
(843, 145)
(842, 145)
(841, 145)
(840, 145)
(839, 145)
(838, 145)
(837, 145)
(836, 145)
(835, 145)
(834, 145)
(833, 145)
(832, 145)
(831, 145)
(830, 145)
(829, 145)
(828, 145)
(827, 145)
(826, 145)
(825, 145)
(824, 145)
(823, 145)
(822, 145)
(821, 145)
(820, 145)
(819, 145)
(818, 145)
(817, 145)
(816, 145)
(815, 145)
(814, 145)
(813, 145)
(812, 145)
(811, 145)
(810, 145)
(809, 145)
(808, 145)
(807, 145)
(806, 145)
(805, 145)
(804, 145)
(803, 145)
(802, 145)
(801, 145)
(800, 145)
(799, 145)
(798, 145)
(797, 145)
(796, 145)
(795, 145)
(794, 145)
(793, 145)
(792, 145)
(791, 145)
(790, 145)
(789, 145)
(788, 145)
(787, 145)
(786, 145)
(785, 145)
(784, 145)
(783, 145)
(782, 145)
(781, 145)
(780, 145)
(779, 145)
(778, 145)
(777, 145)
(776, 145)
(775, 145)
(774, 145)
(773, 145)
(772, 145)
(771, 145)
(770, 145)
(769, 145)
(768, 145)
(767, 145)
(766, 145)
(765, 145)
(764, 145)
(763, 145)
(762, 145)
(761, 145)
(760, 145)
(759, 145)
(758, 145)
(757, 145)
(756, 145)
(755, 145)
(754, 145)
(753, 145)
(752, 145)
(751, 145)
(750, 145)
(749, 145)
(748, 145)
(747, 145)
(746, 145)
(745, 145)
(744, 145)
(743, 145)
(742, 145)
(741, 145)
(740, 145)
(739, 145)
(738, 145)
(737, 145)
(736, 145)
(735, 145)
(734, 145)
(733, 145)
(732, 145)
(731, 145)
(730, 145)
(729, 145)
(728, 145)
(727, 145)
(726, 145)
(725, 145)
(724, 145)
(723, 145)
(722, 145)
(721, 145)
(720, 145)
(719, 145)
(718, 145)
(717, 145)
(716, 145)
(715, 145)
(714, 145)
(713, 145)
(712, 145)
(711, 145)
(710, 145)
(709, 145)
(708, 145)
(707, 145)
(706, 145)
(705, 145)
(704, 145)
(703, 145)
(702, 145)
(701, 145)
(700, 145)
(699, 145)
(698, 145)
(697, 145)
(696, 145)
(695, 145)
(694, 145)
(693, 145)
(692, 145)
(691, 145)
(690, 145)
(689, 145)
(688, 145)
(687, 145)
(686, 145)
(685, 145)
(684, 145)
(683, 145)
(682, 145)
(681, 145)
(680, 145)
(679, 145)
(678, 145)
(677, 145)
(676, 145)
(675, 145)
(674, 145)
(673, 145)
(672, 145)
(671, 145)
(670, 145)
(669, 145)
(668, 145)
(667, 145)
(666, 145)
(665, 145)
(664, 145)
(663, 145)
(662, 145)
(661, 145)
(660, 145)
(659, 145)
(658, 145)
(657, 145)
(656, 145)
(655, 145)
(654, 145)
(653, 145)
(652, 145)
(651, 145)
(650, 145)
(649, 145)
(648, 145)
(647, 145)
(646, 145)
(645, 145)
(644, 145)
(643, 145)
(642, 145)
(641, 145)
(640, 145)
(639, 145)
(638, 145)
(637, 145)
(636, 145)
(635, 145)
(634, 145)
(633, 145)
(632, 145)
(631, 145)
(629, 146)
(628, 146)
(626, 147)
(625, 147)
(623, 148)
(622, 148)
(620, 149)
(619, 149)
(618, 149)
(617, 150)
(616, 150)
(615, 150)
(614, 151)
(613, 151)
(612, 151)
(611, 152)
(610, 152)
(609, 152)
(608, 153)
(607, 153)
(606, 153)
(605, 154)
(604, 154)
(603, 154)
(602, 155)
(601, 155)
(600, 155)
(599, 156)
(598, 156)
(597, 156)
(596, 157)
(595, 157)
(594, 157)
(593, 158)
(592, 158)
(591, 158)
(589, 159)
(588, 159)
(586, 160)
(585, 160)
(583, 161)
(582, 161)
(580, 162)
(579, 162)
(577, 163)
(576, 163)
(574, 164)
(573, 164)
(571, 165)
(570, 165)
(568, 166)
(567, 166)
(565, 167)
(564, 167)
(562, 168)
(561, 168)
(559, 169)
(558, 169)
(556, 170)
(555, 170)
(553, 171)
(552, 171)
(550, 172)
(549, 172)
(547, 173)
(546, 173)
(544, 174)
(543, 174)
(541, 175)
(540, 175)
(538, 176)
(537, 176)
(535, 177)
(534, 177)
(532, 178)
(531, 178)
(529, 179)
(528, 179)
(526, 180)
(525, 180)
(523, 181)
(522, 181)
(521, 181)
(520, 182)
(519, 182)
(518, 182)
(517, 183)
(516, 183)
(515, 183)
(513, 184)
(512, 184)
(510, 185)
(509, 185)
(507, 186)
(506, 186)
(504, 187)
(503, 187)
(501, 188)
(500, 188)
(498, 189)
(497, 189)
(495, 190)
(494, 190)
(492, 191)
(491, 191)
(489, 192)
(488, 192)
(486, 193)
(485, 193)
(483, 194)
(482, 194)
(480, 195)
(479, 195)
(477, 196)
(476, 196)
(474, 197)
(473, 197)
(471, 198)
(470, 198)
(468, 199)
(467, 199)
(465, 200)
(464, 200)
(462, 201)
(461, 201)
(459, 202)
(458, 202)
(456, 203)
(455, 203)
(453, 204)
(452, 204)
(450, 205)
(449, 205)
(447, 206)
(446, 206)
(444, 207)
(443, 207)
(441, 208)
(440, 208)
(437, 209)
(434, 210)
(431, 211)
(428, 212)
(427, 212)
(425, 213)
(424, 213)
(422, 214)
(421, 214)
(419, 215)
(418, 215)
(416, 216)
(415, 216)
(413, 217)
(412, 217)
(410, 218)
(409, 218)
(407, 219)
(406, 219)
(404, 220)
(403, 220)
(401, 221)
(400, 221)
(398, 222)
(397, 222)
(395, 223)
(394, 223)
(392, 224)
(391, 224)
(389, 225)
(388, 225)
(386, 226)
(385, 226)
(383, 227)
(382, 227)
(380, 228)
(379, 228)
(377, 229)
(376, 229)
(374, 230)
(373, 230)
(371, 231)
(370, 231)
(368, 232)
(367, 232)
(365, 233)
(364, 233)
(361, 234)
(358, 235)
(355, 236)
(352, 237)
(349, 238)
(346, 239)
(343, 240)
(340, 241)
(337, 242)
(334, 243)
(331, 244)
(330, 244)
(328, 245)
(327, 245)
(327, 245)
(328, 245)
(329, 245)
(330, 245)
(331, 245)
(332, 245)
(333, 245)
(334, 245)
(335, 245)
(336, 245)
(337, 245)
(338, 245)
(339, 245)
(340, 245)
(341, 245)
(342, 245)
(343, 245)
(344, 245)
(345, 245)
(346, 245)
(347, 245)
(348, 245)
(349, 245)
(350, 245)
(351, 245)
(352, 245)
(353, 245)
(354, 245)
(355, 245)
(356, 245)
(357, 245)
(358, 245)
(359, 245)
(360, 245)
(361, 245)
(362, 245)
(363, 245)
(364, 245)
(365, 245)
(366, 245)
(367, 245)
(368, 245)
(369, 245)
(370, 245)
(371, 245)
(372, 245)
(373, 245)
(374, 245)
(375, 245)
(376, 245)
(377, 245)
(378, 245)
(379, 245)
(380, 245)
(381, 245)
(382, 245)
(383, 245)
(384, 245)
(385, 245)
(386, 245)
(387, 245)
(388, 245)
(389, 245)
(390, 245)
(391, 245)
(392, 245)
(393, 245)
(394, 245)
(395, 245)
(396, 245)
(397, 245)
(398, 245)
(399, 245)
(400, 245)
(401, 245)
(402, 245)
(403, 245)
(404, 245)
(405, 245)
(406, 245)
(407, 245)
(408, 245)
(409, 245)
(410, 245)
(411, 245)
(412, 245)
(413, 245)
(414, 245)
(415, 245)
(416, 245)
(417, 245)
(418, 245)
(419, 245)
(420, 245)
(421, 245)
(422, 245)
(423, 245)
(424, 245)
(425, 245)
(426, 245)
(427, 245)
(428, 245)
(429, 245)
(430, 245)
(431, 245)
(432, 245)
(433, 245)
(434, 245)
(435, 245)
(436, 245)
(437, 245)
(438, 245)
(439, 245)
(440, 245)
(441, 245)
(442, 245)
(443, 245)
(444, 245)
(445, 245)
(446, 245)
(447, 245)
(448, 245)
(449, 245)
(450, 245)
(451, 245)
(452, 245)
(453, 245)
(454, 245)
(455, 245)
(456, 245)
(457, 245)
(458, 245)
(459, 245)
(460, 245)
(461, 245)
(462, 245)
(463, 245)
(464, 245)
(465, 245)
(466, 245)
(467, 245)
(468, 245)
(469, 245)
(470, 245)
(471, 245)
(472, 245)
(473, 245)
(474, 245)
(475, 245)
(476, 245)
(477, 245)
(478, 245)
(479, 245)
(480, 245)
(481, 245)
(482, 245)
(483, 245)
(484, 245)
(485, 245)
(486, 245)
(487, 245)
(488, 245)
(489, 245)
(490, 245)
(491, 245)
(492, 245)
(493, 245)
(494, 245)
(495, 245)
(496, 245)
(497, 245)
(498, 245)
(499, 245)
(500, 245)
(501, 245)
(502, 245)
(503, 245)
(504, 245)
(505, 245)
(506, 245)
(507, 245)
(508, 245)
(509, 245)
(510, 245)
(511, 245)
(512, 245)
(513, 245)
(514, 245)
(515, 245)
(516, 245)
(517, 245)
(518, 245)
(519, 245)
(520, 245)
(521, 245)
(522, 245)
(523, 245)
(524, 245)
(525, 245)
(526, 245)
(527, 245)
(528, 245)
(529, 245)
(530, 245)
(531, 245)
(532, 245)
(533, 245)
(534, 245)
(535, 245)
(536, 245)
(537, 245)
(538, 245)
(539, 245)
(540, 245)
(541, 245)
(542, 245)
(543, 245)
(544, 245)
(545, 245)
(546, 245)
(547, 245)
(548, 245)
(549, 245)
(550, 245)
(551, 245)
(552, 245)
(553, 245)
(554, 245)
(555, 245)
(556, 245)
(557, 245)
(558, 245)
(559, 245)
(560, 245)
(561, 245)
(562, 245)
(563, 245)
(564, 245)
(565, 245)
(566, 245)
(567, 245)
(568, 245)
(569, 245)
(570, 245)
(571, 245)
(572, 245)
(573, 245)
(574, 245)
(575, 245)
(576, 245)
(577, 245)
(578, 245)
(579, 245)
(580, 245)
(581, 245)
(582, 245)
(583, 245)
(584, 245)
(585, 245)
(586, 245)
(587, 245)
(588, 245)
(589, 245)
(590, 245)
(591, 245)
(592, 245)
(593, 245)
(594, 245)
(595, 245)
(596, 245)
(597, 245)
(598, 245)
(599, 245)
(600, 245)
(601, 245)
(602, 245)
(603, 245)
(604, 245)
(605, 245)
(606, 245)
(607, 245)
(608, 245)
(609, 245)
(610, 245)
(611, 245)
(612, 245)
(613, 245)
(614, 245)
(615, 245)
(616, 245)
(617, 245)
(618, 245)
(619, 245)
(620, 245)
(621, 245)
(622, 245)
(623, 245)
(624, 245)
(625, 245)
(626, 245)
(627, 245)
(628, 245)
(629, 245)
(630, 245)
(631, 245)
(632, 245)
(633, 245)
(634, 245)
(635, 245)
(636, 245)
(637, 245)
(638, 245)
(639, 245)
(640, 245)
(641, 245)
(642, 245)
(643, 245)
(644, 245)
(645, 245)
(646, 245)
(647, 245)
(648, 245)
(649, 245)
(650, 245)
(651, 245)
(652, 245)
(653, 245)
(654, 245)
(655, 245)
(656, 245)
(657, 245)
(658, 245)
(659, 245)
(660, 245)
(661, 245)
(662, 245)
(663, 245)
(664, 245)
(665, 245)
(666, 245)
(667, 245)
(668, 245)
(669, 245)
(670, 245)
(671, 245)
(672, 245)
(673, 245)
(674, 245)
(675, 245)
(676, 245)
(677, 245)
(678, 245)
(679, 245)
(680, 245)
(681, 245)
(682, 245)
(683, 245)
(684, 245)
(685, 245)
(686, 245)
(687, 245)
(688, 245)
(689, 245)
(690, 245)
(691, 245)
(692, 245)
(693, 245)
(694, 245)
(695, 245)
(696, 245)
(697, 245)
(698, 245)
(699, 245)
(700, 245)
(701, 245)
(702, 245)
(703, 245)
(704, 245)
(705, 245)
(706, 245)
(707, 245)
(708, 245)
(709, 245)
(710, 245)
(711, 245)
(712, 245)
(713, 245)
(714, 245)
(715, 245)
(716, 245)
(717, 245)
(718, 245)
(719, 245)
(720, 245)
(721, 245)
(722, 245)
(723, 245)
(724, 245)
(725, 245)
(726, 245)
(727, 245)
(728, 245)
(729, 245)
(730, 245)
(731, 245)
(732, 245)
(733, 245)
(734, 245)
(735, 245)
(736, 245)
(737, 245)
(738, 245)
(739, 245)
(740, 245)
(741, 245)
(742, 245)
(743, 245)
(744, 245)
(745, 245)
(746, 245)
(747, 245)
(748, 245)
(749, 245)
(750, 245)
(751, 245)
(752, 245)
(753, 245)
(754, 245)
(755, 245)
(756, 245)
(757, 245)
(758, 245)
(759, 245)
(760, 245)
(761, 245)
(762, 245)
(763, 245)
(764, 245)
(765, 245)
(766, 245)
(767, 245)
(768, 245)
(769, 245)
(770, 245)
(771, 245)
(772, 245)
(773, 245)
(774, 245)
(775, 245)
(776, 245)
(777, 245)
(778, 245)
(779, 245)
(780, 245)
(781, 245)
(782, 245)
(783, 245)
(784, 245)
(785, 245)
(786, 245)
(787, 245)
(788, 245)
(789, 245)
(790, 245)
(791, 245)
(792, 245)
(793, 245)
(794, 245)
(795, 245)
(796, 245)
(797, 245)
(798, 245)
(799, 245)
(800, 245)
(801, 245)
(802, 245)
(803, 245)
(804, 245)
(805, 245)
(806, 245)
(807, 245)
(808, 245)
(809, 245)
(810, 245)
(811, 245)
(812, 245)
(813, 245)
(814, 245)
(815, 245)
(816, 245)
(817, 245)
(818, 245)
(819, 245)
(820, 245)
(821, 245)
(822, 245)
(823, 245)
(824, 245)
(825, 245)
(826, 245)
(827, 245)
(828, 245)
(829, 245)
(830, 245)
(831, 245)
(832, 245)
(833, 245)
(834, 245)
(835, 245)
(836, 245)
(837, 245)
(838, 245)
(839, 245)
(840, 245)
(841, 245)
(842, 245)
(843, 245)
(844, 245)
(845, 245)
(846, 245)
(847, 245)
(848, 245)
(849, 245)
(850, 245)
(851, 245)
(852, 245)
(853, 245)
(854, 245)
(855, 245)
(856, 245)
(857, 245)
(858, 245)
(859, 245)
(860, 245)
(861, 245)
(862, 245)
(863, 245)
(864, 245)
(865, 245)
(866, 245)
(867, 245)
(868, 245)
(869, 245)
(870, 245)
(871, 245)
(872, 245)
(873, 245)
(874, 245)
(875, 245)
(876, 245)
(877, 245)
(878, 245)
(879, 245)
(880, 245)
(881, 245)
(882, 245)
(883, 245)
(884, 245)
(885, 245)
(886, 245)
(887, 245)
(888, 245)
(889, 245)
(890, 245)
(891, 245)
(892, 245)
(893, 245)
(894, 245)
(895, 245)
(896, 245)
(897, 245)
(898, 245)
(899, 245)
(900, 245)
(901, 245)
(902, 245)
(903, 245)
(904, 245)
(905, 245)
(906, 245)
(907, 245)
(908, 245)
(909, 245)
(910, 245)
(911, 245)
(912, 245)
(913, 245)
(914, 245)
(915, 245)
(916, 245)
(917, 245)
(918, 245)
(919, 245)
(920, 245)
(921, 245)
(922, 245)
(923, 245)
(924, 245)
(925, 245)
(926, 245)
(927, 245)
(928, 245)
(929, 245)
(930, 245)
(931, 245)
(932, 245)
(933, 245)
(934, 245)
(935, 245)
(936, 245)
(937, 245)
(938, 245)
(939, 245)
(940, 245)
(941, 245)
(942, 245)
(943, 245)
(944, 245)
(945, 245)
(946, 245)
(947, 245)
(948, 245)
(949, 245)
(950, 245)
(951, 245)
(952, 245)
(953, 245)
(954, 245)
(955, 245)
(956, 245)
(957, 245)
(958, 245)
(959, 245)
(960, 245)
(961, 245)
(962, 245)
(963, 245)
(964, 245)
(965, 245)
(966, 245)
(967, 245)
(968, 245)
(969, 245)
(970, 245)
(971, 245)
(972, 245)
(973, 245)
(974, 245)
(975, 245)
(976, 245)
(977, 245)
(978, 245)
(979, 245)
(980, 245)
(981, 245)
(982, 245)
(983, 245)
(984, 245)
(985, 245)
(986, 245)
(987, 245)
(988, 245)
(989, 245)
(990, 245)
(991, 245)
(992, 245)
(993, 245)
(994, 245)
(995, 245)
(996, 245)
(997, 245)
(998, 245)
(999, 245)
(1000, 245)
(1001, 245)
(1002, 245)
(1003, 245)
(1004, 245)
(1005, 245)
(1006, 245)
(1007, 245)
(1008, 245)
(1009, 245)
(1010, 245)
(1011, 245)
(1012, 245)
(1013, 245)
(1014, 245)
(1015, 245)
(1016, 245)
(1017, 245)
(1018, 245)
(1019, 245)
(1020, 245)
(1021, 245)
(1022, 245)
(1023, 245)
(1024, 245)
(1025, 245)
(1026, 245)
(1027, 245)
(1028, 245)
(1029, 245)
(1030, 245)
(1031, 245)
(1032, 245)
(1033, 245)
(1034, 245)
(1035, 245)
(1036, 245)
(1037, 245)
(1038, 245)
(1039, 245)
(1040, 245)
(1041, 245)
(1042, 245)
(1043, 245)
(1044, 245)
(1045, 245)
(1046, 245)
(1047, 245)
(1048, 245)
(1049, 245)
(1050, 245)
(1051, 245)
(1052, 245)
(1053, 245)
(1054, 245)
(1055, 245)
(1056, 245)
(1057, 245)
(1058, 245)
(1059, 245)
(1060, 245)
(1061, 245)
(1062, 245)
(1063, 245)
(1064, 245)
(1065, 245)
(1066, 245)
(1067, 245)
(1068, 245)
(1069, 245)
(1070, 245)
(1071, 245)
(1072, 245)
(1073, 245)
(1074, 245)
(1075, 245)
(1076, 245)
(1077, 245)
(1078, 245)
(1079, 245)
(1080, 245)
(1081, 245)
(1082, 245)
(1083, 245)
(1084, 245)
(1085, 245)
(1086, 245)
(1087, 245)
(1088, 245)
(1089, 245)
(1090, 245)
(1091, 245)
(1092, 245)
(1093, 245)
(1094, 245)
(1095, 245)
(1096, 245)
(1097, 245)
(1098, 245)
(1099, 245)
(1100, 245)
(1101, 245)
(1102, 245)
(1103, 245)
(1104, 245)
(1105, 245)
(1106, 245)
(1107, 245)
(1108, 245)
(1109, 245)
(1110, 245)
(1111, 245)
(1112, 245)
(1113, 245)
(1114, 245)
(1115, 245)
(1116, 245)
(1117, 245)
(1118, 245)
(1119, 245)
(1120, 245)
(1121, 245)
(1122, 245)
(1123, 245)
(1124, 245)
(1125, 245)
(1126, 245)
(1127, 245)
(1128, 245)
(1129, 245)
(1130, 245)
(1131, 245)
(1132, 245)
(1133, 245)
(1134, 245)
(1135, 245)
(1136, 245)
(1137, 245)
(1138, 245)
(1139, 245)
(1140, 245)
(1141, 245)
(1142, 245)
(1143, 245)
(1144, 245)
(1145, 245)
(1146, 245)
(1147, 245)
(1148, 245)
(1149, 245)
(1150, 245)
(1151, 245)
(1152, 245)
(1153, 245)
(1154, 245)
(1155, 245)
(1156, 245)
(1157, 245)
(1158, 245)
(1158, 246)
(1158, 247)
(1159, 248)
(1159, 249)
(1159, 250)
(1160, 251)
(1160, 252)
(1160, 253)
(1161, 254)
(1161, 255)
(1161, 256)
(1162, 257)
(1162, 258)
(1162, 259)
(1163, 260)
(1163, 261)
(1163, 262)
(1164, 263)
(1164, 264)
(1164, 265)
(1165, 266)
(1165, 267)
(1165, 268)
(1166, 269)
(1166, 270)
(1166, 271)
(1167, 272)
(1167, 273)
(1167, 274)
(1168, 275)
(1168, 276)
(1168, 277)
(1169, 278)
(1169, 279)
(1169, 280)
(1169, 281)
(1170, 282)
(1170, 283)
(1170, 284)
(1171, 285)
(1171, 286)
(1171, 287)
(1172, 288)
(1172, 289)
(1172, 290)
(1173, 291)
(1173, 292)
(1173, 293)
(1174, 294)
(1174, 295)
(1174, 295)
(1175, 296)
(1175, 297)
(1175, 298)
(1176, 299)
(1176, 300)
(1176, 301)
(1177, 302)
(1177, 303)
(1177, 304)
(1178, 305)
(1178, 306)
(1178, 307)
(1179, 308)
(1179, 309)
(1179, 310)
(1180, 311)
(1180, 312)
(1180, 313)
(1181, 314)
(1181, 315)
(1181, 316)
(1182, 317)
(1182, 318)
(1182, 319)
(1183, 320)
(1183, 321)
(1183, 322)
(1184, 323)
(1184, 324)
(1184, 325)
(1185, 326)
(1185, 327)
(1185, 328)
(1185, 329)
(1186, 330)
(1186, 331)
(1186, 332)
(1187, 333)
(1187, 334)
(1187, 335)
(1188, 336)
(1188, 337)
(1188, 338)
(1189, 339)
(1189, 340)
(1189, 341)
(1190, 342)
(1190, 343)
(1190, 344)
(1191, 345)
(1191, 345)
(1190, 345)
(1189, 345)
(1188, 345)
(1187, 345)
(1186, 345)
(1185, 345)
(1184, 345)
(1183, 345)
(1182, 345)
(1181, 345)
(1180, 345)
(1179, 345)
(1178, 345)
(1177, 345)
(1176, 345)
(1175, 345)
(1174, 345)
(1173, 345)
(1172, 345)
(1171, 345)
(1170, 345)
(1169, 345)
(1168, 345)
(1167, 345)
(1166, 345)
(1165, 345)
(1164, 345)
(1163, 345)
(1162, 345)
(1161, 345)
(1160, 345)
(1159, 345)
(1158, 345)
(1157, 345)
(1156, 345)
(1155, 345)
(1154, 345)
(1153, 345)
(1152, 345)
(1151, 345)
(1150, 345)
(1149, 345)
(1148, 345)
(1147, 345)
(1146, 345)
(1145, 345)
(1144, 345)
(1143, 345)
(1142, 345)
(1141, 345)
(1140, 345)
(1139, 345)
(1138, 345)
(1137, 345)
(1136, 345)
(1135, 345)
(1134, 345)
(1133, 345)
(1132, 345)
(1131, 345)
(1130, 345)
(1129, 345)
(1128, 345)
(1127, 345)
(1126, 345)
(1125, 345)
(1124, 345)
(1123, 345)
(1122, 345)
(1121, 345)
(1120, 345)
(1119, 345)
(1118, 345)
(1117, 345)
(1116, 345)
(1115, 345)
(1114, 345)
(1113, 345)
(1112, 345)
(1111, 345)
(1110, 345)
(1109, 345)
(1108, 345)
(1107, 345)
(1106, 345)
(1105, 345)
(1104, 345)
(1103, 345)
(1102, 345)
(1101, 345)
(1100, 345)
(1099, 345)
(1098, 345)
(1097, 345)
(1096, 345)
(1095, 345)
(1094, 345)
(1093, 345)
(1092, 345)
(1091, 345)
(1090, 345)
(1089, 345)
(1088, 345)
(1087, 345)
(1086, 345)
(1085, 345)
(1084, 345)
(1083, 345)
(1082, 345)
(1081, 345)
(1080, 345)
(1079, 345)
(1078, 345)
(1077, 345)
(1076, 345)
(1075, 345)
(1074, 345)
(1073, 345)
(1072, 345)
(1071, 345)
(1070, 345)
(1069, 345)
(1068, 345)
(1067, 345)
(1066, 345)
(1065, 345)
(1064, 345)
(1063, 345)
(1062, 345)
(1061, 345)
(1060, 345)
(1059, 345)
(1058, 345)
(1057, 345)
(1056, 345)
(1055, 345)
(1054, 345)
(1053, 345)
(1052, 345)
(1051, 345)
(1050, 345)
(1049, 345)
(1048, 345)
(1047, 345)
(1046, 345)
(1045, 345)
(1044, 345)
(1043, 345)
(1042, 345)
(1041, 345)
(1040, 345)
(1039, 345)
(1038, 345)
(1037, 345)
(1036, 345)
(1035, 345)
(1034, 345)
(1033, 345)
(1032, 345)
(1031, 345)
(1030, 345)
(1029, 345)
(1028, 345)
(1027, 345)
(1026, 345)
(1025, 345)
(1024, 345)
(1023, 345)
(1022, 345)
(1021, 345)
(1020, 345)
(1019, 345)
(1018, 345)
(1017, 345)
(1016, 345)
(1015, 345)
(1014, 345)
(1013, 345)
(1012, 345)
(1011, 345)
(1010, 345)
(1009, 345)
(1008, 345)
(1007, 345)
(1006, 345)
(1005, 345)
(1004, 345)
(1003, 345)
(1002, 345)
(1001, 345)
(1000, 345)
(999, 345)
(998, 345)
(997, 345)
(996, 345)
(995, 345)
(994, 345)
(993, 345)
(992, 345)
(991, 345)
(990, 345)
(989, 345)
(988, 345)
(987, 345)
(986, 345)
(985, 345)
(984, 345)
(983, 345)
(982, 345)
(981, 345)
(980, 345)
(979, 345)
(978, 345)
(977, 345)
(976, 345)
(975, 345)
(974, 345)
(973, 345)
(972, 345)
(971, 345)
(970, 345)
(969, 345)
(968, 345)
(967, 345)
(966, 345)
(965, 345)
(964, 345)
(963, 345)
(962, 345)
(961, 345)
(960, 345)
(959, 345)
(958, 345)
(957, 345)
(956, 345)
(955, 345)
(954, 345)
(953, 345)
(952, 345)
(951, 345)
(950, 345)
(949, 345)
(948, 345)
(947, 345)
(946, 345)
(945, 345)
(944, 345)
(943, 345)
(942, 345)
(941, 345)
(940, 345)
(939, 345)
(938, 345)
(937, 345)
(936, 345)
(935, 345)
(934, 345)
(933, 345)
(932, 345)
(931, 345)
(930, 345)
(929, 345)
(928, 345)
(927, 345)
(926, 345)
(925, 345)
(924, 345)
(923, 345)
(922, 345)
(921, 345)
(920, 345)
(919, 345)
(918, 345)
(917, 345)
(916, 345)
(915, 345)
(914, 345)
(913, 345)
(912, 345)
(911, 345)
(910, 345)
(909, 345)
(908, 345)
(907, 345)
(906, 345)
(905, 345)
(904, 345)
(903, 345)
(902, 345)
(901, 345)
(900, 345)
(899, 345)
(898, 345)
(897, 345)
(896, 345)
(895, 345)
(894, 345)
(893, 345)
(892, 345)
(891, 345)
(890, 345)
(889, 345)
(888, 345)
(887, 345)
(886, 345)
(885, 345)
(884, 345)
(883, 345)
(882, 345)
(881, 345)
(880, 345)
(879, 345)
(878, 345)
(877, 345)
(876, 345)
(875, 345)
(874, 345)
(873, 345)
(872, 345)
(871, 345)
(870, 345)
(869, 345)
(868, 345)
(867, 345)
(866, 345)
(865, 345)
(864, 345)
(863, 345)
(862, 345)
(861, 345)
(860, 345)
(859, 345)
(858, 345)
(857, 345)
(856, 345)
(855, 345)
(854, 345)
(853, 345)
(852, 345)
(851, 345)
(850, 345)
(849, 345)
(848, 345)
(847, 345)
(846, 345)
(845, 345)
(844, 345)
(843, 345)
(842, 345)
(841, 345)
(840, 345)
(839, 345)
(838, 345)
(837, 345)
(836, 345)
(835, 345)
(834, 345)
(833, 345)
(832, 345)
(831, 345)
(830, 345)
(829, 345)
(828, 345)
(827, 345)
(826, 345)
(825, 345)
(824, 345)
(823, 345)
(822, 345)
(821, 345)
(820, 345)
(819, 345)
(818, 345)
(817, 345)
(816, 345)
(815, 345)
(814, 345)
(813, 345)
(812, 345)
(811, 345)
(810, 345)
(809, 345)
(808, 345)
(807, 345)
(806, 345)
(805, 345)
(804, 345)
(803, 345)
(802, 345)
(801, 345)
(800, 345)
(799, 345)
(798, 345)
(797, 345)
(796, 345)
(795, 345)
(794, 345)
(793, 345)
(792, 345)
(791, 345)
(790, 345)
(789, 345)
(788, 345)
(787, 345)
(786, 345)
(785, 345)
(784, 345)
(783, 345)
(782, 345)
(781, 345)
(780, 345)
(779, 345)
(778, 345)
(777, 345)
(776, 345)
(775, 345)
(774, 345)
(773, 345)
(772, 345)
(771, 345)
(770, 345)
(769, 345)
(768, 345)
(767, 345)
(766, 345)
(765, 345)
(764, 345)
(763, 345)
(762, 345)
(761, 345)
(760, 345)
(759, 345)
(758, 345)
(757, 345)
(756, 345)
(755, 345)
(754, 345)
(753, 345)
(752, 345)
(751, 345)
(750, 345)
(749, 345)
(748, 345)
(747, 345)
(746, 345)
(745, 345)
(744, 345)
(743, 345)
(742, 345)
(741, 345)
(740, 345)
(739, 345)
(738, 345)
(737, 345)
(736, 345)
(735, 345)
(734, 345)
(733, 345)
(732, 345)
(731, 345)
(730, 345)
(729, 345)
(728, 345)
(727, 345)
(726, 345)
(725, 345)
(724, 345)
(723, 345)
(722, 345)
(721, 345)
(720, 345)
(719, 345)
(718, 345)
(717, 345)
(716, 345)
(715, 345)
(714, 345)
(713, 345)
(712, 345)
(711, 345)
(710, 345)
(709, 345)
(708, 345)
(707, 345)
(706, 345)
(705, 345)
(704, 345)
(703, 345)
(702, 345)
(701, 345)
(700, 345)
(699, 345)
(698, 345)
(697, 345)
(696, 345)
(695, 345)
(694, 345)
(693, 345)
(692, 345)
(691, 345)
(690, 345)
(689, 345)
(688, 345)
(687, 345)
(686, 345)
(685, 345)
(684, 345)
(683, 345)
(682, 345)
(681, 345)
(680, 345)
(679, 345)
(678, 345)
(677, 345)
(676, 345)
(675, 345)
(674, 345)
(673, 345)
(672, 345)
(671, 345)
(670, 345)
(669, 345)
(668, 345)
(667, 345)
(666, 345)
(665, 345)
(664, 345)
(663, 345)
(662, 345)
(661, 345)
(660, 345)
(659, 345)
(658, 345)
(657, 345)
(656, 345)
(655, 345)
(654, 345)
(653, 345)
(652, 345)
(651, 345)
(650, 345)
(649, 345)
(648, 345)
(647, 345)
(646, 345)
(645, 345)
(644, 345)
(643, 345)
(642, 345)
(641, 345)
(640, 345)
(639, 345)
(638, 345)
(637, 345)
(636, 345)
(635, 345)
(634, 345)
(633, 345)
(632, 345)
(631, 345)
(630, 345)
(629, 345)
(628, 345)
(627, 345)
(626, 345)
(625, 345)
(624, 345)
(623, 345)
(622, 345)
(621, 345)
(620, 345)
(619, 345)
(618, 345)
(617, 345)
(616, 345)
(615, 345)
(614, 345)
(613, 345)
(612, 345)
(611, 345)
(610, 345)
(609, 345)
(608, 345)
(607, 345)
(606, 345)
(605, 345)
(604, 345)
(603, 345)
(602, 345)
(601, 345)
(600, 345)
(599, 345)
(598, 345)
(597, 345)
(596, 345)
(595, 345)
(594, 345)
(593, 345)
(592, 345)
(591, 345)
(590, 345)
(589, 345)
(588, 345)
(587, 345)
(586, 345)
(585, 345)
(584, 345)
(583, 345)
(582, 345)
(581, 345)
(580, 345)
(579, 345)
(578, 345)
(577, 345)
(576, 345)
(575, 345)
(574, 345)
(573, 345)
(572, 345)
(571, 345)
(570, 345)
(569, 345)
(568, 345)
(567, 345)
(566, 345)
(565, 345)
(564, 345)
(563, 345)
(562, 345)
(561, 345)
(560, 345)
(559, 345)
(558, 345)
(557, 345)
(556, 345)
(555, 345)
(554, 345)
(553, 345)
(552, 345)
(551, 345)
(550, 345)
(549, 345)
(548, 345)
(547, 345)
(546, 345)
(545, 345)
(544, 345)
(543, 345)
(542, 345)
(541, 345)
(540, 345)
(539, 345)
(538, 345)
(537, 345)
(536, 345)
(535, 345)
(534, 345)
(533, 345)
(532, 345)
(531, 345)
(530, 345)
(529, 345)
(528, 345)
(527, 345)
(526, 345)
(525, 345)
(524, 345)
(523, 345)
(522, 345)
(521, 345)
(520, 345)
(519, 345)
(518, 345)
(517, 345)
(516, 345)
(515, 345)
(514, 345)
(513, 345)
(512, 345)
(511, 345)
(510, 345)
(509, 345)
(508, 345)
(507, 345)
(506, 345)
(505, 345)
(504, 345)
(503, 345)
(502, 345)
(501, 345)
(500, 345)
(499, 345)
(498, 345)
(497, 345)
(496, 345)
(495, 345)
(494, 345)
(493, 345)
(492, 345)
(491, 345)
(490, 345)
(489, 345)
(488, 345)
(487, 345)
(486, 345)
(485, 345)
(484, 345)
(483, 345)
(482, 345)
(481, 345)
(480, 345)
(479, 345)
(478, 345)
(477, 345)
(476, 345)
(475, 345)
(474, 345)
(473, 345)
(472, 345)
(471, 345)
(470, 345)
(469, 345)
(468, 345)
(467, 345)
(466, 345)
(465, 345)
(464, 345)
(463, 345)
(462, 345)
(461, 345)
(460, 345)
(459, 345)
(458, 345)
(457, 345)
(456, 345)
(455, 345)
(454, 345)
(453, 345)
(452, 345)
(451, 345)
(450, 345)
(449, 345)
(448, 345)
(447, 345)
(446, 345)
(445, 345)
(444, 345)
(443, 345)
(442, 345)
(441, 345)
(440, 345)
(439, 345)
(438, 345)
(437, 345)
(436, 345)
(435, 345)
(434, 345)
(433, 345)
(432, 345)
(431, 345)
(430, 345)
(429, 345)
(428, 345)
(427, 345)
(426, 345)
(425, 345)
(424, 345)
(423, 345)
(422, 345)
(421, 345)
(420, 345)
(419, 345)
(418, 345)
(417, 345)
(416, 345)
(415, 345)
(414, 345)
(413, 345)
(412, 345)
(411, 345)
(410, 345)
(409, 345)
(408, 345)
(407, 345)
(406, 345)
(405, 345)
(404, 345)
(403, 345)
(402, 345)
(401, 345)
(400, 345)
(399, 345)
(398, 345)
(397, 345)
(396, 345)
(395, 345)
(394, 345)
(393, 345)
(392, 345)
(391, 345)
(390, 345)
(389, 345)
(388, 345)
(387, 345)
(386, 345)
(385, 345)
(384, 345)
(383, 345)
(382, 345)
(381, 345)
(380, 345)
(379, 345)
(378, 345)
(377, 345)
(376, 345)
(375, 345)
(374, 345)
(373, 345)
(372, 345)
(371, 345)
(370, 345)
(369, 345)
(368, 345)
(367, 345)
(366, 345)
(365, 345)
(364, 345)
(363, 345)
(362, 345)
(361, 345)
(360, 345)
(359, 345)
(358, 345)
(357, 345)
(356, 345)
(355, 345)
(354, 345)
(353, 345)
(352, 345)
(351, 345)
(350, 345)
(349, 345)
(348, 345)
(347, 345)
(346, 345)
(345, 345)
(344, 345)
(343, 345)
(342, 345)
(341, 345)
(340, 345)
(339, 345)
(338, 345)
(337, 345)
(336, 345)
(335, 345)
(334, 345)
(333, 345)
(332, 345)
(331, 345)
(330, 345)
(329, 345)
(328, 345)
(327, 345)
(326, 345)
(325, 345)
(324, 345)
(323, 345)
(322, 345)
(321, 345)
(320, 345)
(319, 345)
(318, 345)
(317, 345)
(316, 345)
(315, 345)
(314, 345)
(313, 345)
(312, 345)
(311, 345)
(310, 345)
(309, 345)
(308, 345)
(307, 345)
(306, 345)
(305, 345)
(304, 345)
(303, 345)
(302, 345)
(301, 345)
(300, 345)
(299, 345)
(298, 345)
(297, 345)
(296, 345)
(295, 345)
(294, 345)
(293, 345)
(292, 345)
(291, 345)
(290, 345)
(289, 345)
(288, 345)
(287, 345)
(286, 345)
(285, 345)
(284, 345)
(283, 345)
(282, 345)
(281, 345)
(280, 345)
(279, 345)
(278, 345)
(277, 345)
(276, 345)
(275, 345)
(274, 345)
(273, 345)
(272, 345)
(271, 345)
(270, 345)
(269, 345)
(268, 345)
(267, 345)
(266, 345)
(265, 345)
(264, 345)
(263, 345)
(262, 345)
(261, 345)
(260, 345)
(259, 345)
(258, 345)
(257, 345)
(256, 345)
(255, 345)
(254, 345)
(253, 345)
(252, 345)
(251, 345)
(250, 345)
(249, 345)
(248, 345)
(247, 345)
(246, 345)
(245, 345)
(244, 345)
(243, 345)
(242, 345)
(241, 345)
(240, 345)
(239, 345)
(238, 345)
(237, 345)
(236, 345)
(235, 345)
(234, 345)
(233, 345)
(232, 345)
(231, 345)
(230, 345)
(229, 345)
(228, 345)
(227, 345)
(226, 345)
(225, 345)
(224, 345)
(223, 345)
(222, 345)
(221, 345)
(220, 345)
(219, 345)
(218, 345)
(217, 345)
(216, 345)
(215, 345)
(214, 345)
(213, 345)
(212, 345)
(211, 345)
(210, 345)
(209, 345)
(208, 345)
(207, 345)
(206, 345)
(205, 345)
(204, 345)
(203, 345)
(202, 345)
(201, 345)
(200, 345)
(199, 345)
(198, 345)
(197, 345)
(196, 345)
(195, 345)
(194, 345)
(193, 345)
(192, 345)
(191, 345)
(190, 345)
(189, 345)
(188, 345)
(187, 345)
(186, 345)
(185, 345)
(184, 345)
(183, 345)
(182, 345)
(181, 345)
(180, 345)
(179, 345)
(178, 345)
(177, 345)
(176, 345)
(175, 345)
(174, 345)
(173, 345)
(172, 345)
(171, 345)
(170, 345)
(169, 345)
(168, 345)
(167, 345)
(166, 345)
(165, 345)
(164, 345)
(163, 345)
(162, 345)
(161, 345)
(160, 345)
(159, 345)
(158, 345)
(157, 345)
(156, 345)
(155, 345)
(154, 345)
(153, 345)
(152, 345)
(151, 345)
(150, 345)
(149, 345)
(148, 345)
(147, 345)
(146, 345)
(145, 345)
(144, 345)
(143, 345)
(142, 345)
(141, 345)
(140, 345)
(139, 345)
(138, 345)
(137, 345)
(136, 345)
(135, 345)
(134, 345)
(133, 345)
(132, 345)
(131, 345)
(130, 345)
(129, 345)
(128, 345)
(127, 345)
(126, 345)
(125, 345)
(124, 345)
(123, 345)
(122, 345)
(121, 345)
(120, 345)
(119, 345)
(118, 345)
(117, 345)
(116, 345)
(115, 345)
(114, 345)
(113, 345)
(112, 345)
(111, 345)
(110, 345)
(109, 345)
(108, 345)
(107, 345)
(106, 345)
(105, 345)
(104, 345)
(103, 345)
(102, 345)
(101, 345)
(100, 345)
(99, 345)
(98, 345)
(97, 345)
(96, 345)
(95, 345)
(94, 345)
(93, 345)
(92, 345)
(91, 345)
(90, 345)
(89, 345)
(88, 345)
(87, 345)
(86, 345)
(85, 345)
(84, 345)
(83, 345)
(82, 345)
(81, 345)
(80, 345)
(79, 345)
(78, 345)
(77, 345)
(76, 345)
(75, 345)
(74, 345)
(73, 345)
(72, 345)
(71, 345)
(70, 345)
(69, 345)
(68, 345)
(67, 345)
(66, 345)
(65, 345)
(64, 345)
(63, 345)
(62, 345)
(61, 345)
(60, 345)
(59, 345)
(58, 345)
(57, 345)
(56, 345)
(55, 345)
(54, 345)
(53, 345)
(52, 345)
(51, 345)
(50, 345)
(49, 345)
(48, 345)
(47, 345)
(46, 345)
(45, 345)
(44, 345)
(43, 345)
(42, 345)
(41, 345)
(40, 345)
(39, 345)
(38, 345)
(37, 345)
(36, 345)
(35, 345)
(34, 345)
(33, 345)
(32, 345)
(31, 345)
(30, 345)
(29, 345)
(28, 345)
(27, 345)
(26, 345)
(25, 345)
(24, 345)
(24, 346)
(24, 347)
(24, 348)
(24, 349)
(24, 350)
(24, 351)
(24, 352)
(24, 353)
(24, 354)
(25, 355)
(25, 356)
(25, 357)
(25, 358)
(25, 359)
(25, 360)
(25, 361)
(25, 362)
(25, 363)
(25, 364)
(25, 365)
(25, 366)
(25, 367)
(26, 368)
(26, 369)
(26, 370)
(26, 371)
(26, 372)
(26, 373)
(26, 374)
(26, 375)
(26, 376)
(26, 377)
(26, 378)
(26, 379)
(27, 380)
(27, 381)
(27, 382)
(27, 383)
(27, 384)
(27, 385)
(27, 386)
(27, 387)
(27, 388)
(27, 389)
(27, 390)
(27, 391)
(27, 392)
(28, 393)
(28, 394)
(28, 395)
(28, 396)
(28, 397)
(28, 398)
(28, 399)
(28, 400)
(28, 401)
(28, 402)
(28, 403)
(28, 404)
(29, 405)
(29, 406)
(29, 407)
(29, 408)
(29, 409)
(29, 410)
(29, 411)
(29, 412)
(29, 413)
(29, 414)
(29, 415)
(29, 416)
(29, 417)
(30, 418)
(30, 419)
(30, 420)
(30, 421)
(30, 422)
(30, 423)
(30, 424)
(30, 425)
(30, 426)
(30, 427)
(30, 428)
(30, 429)
(31, 430)
(31, 431)
(31, 432)
(31, 433)
(31, 434)
(31, 435)
(31, 436)
(31, 437)
(31, 438)
(31, 439)
(31, 440)
(31, 441)
(31, 442)
(32, 443)
(32, 444)
(32, 445)
(32, 445)
(33, 445)
(34, 445)
(35, 445)
(36, 445)
(37, 445)
(38, 445)
(39, 445)
(40, 445)
(41, 445)
(42, 445)
(43, 445)
(44, 445)
(45, 445)
(46, 445)
(47, 445)
(48, 445)
(49, 445)
(50, 445)
(51, 445)
(52, 445)
(53, 445)
(54, 445)
(55, 445)
(56, 445)
(57, 445)
(58, 445)
(59, 445)
(60, 445)
(61, 445)
(62, 445)
(63, 445)
(64, 445)
(65, 445)
(66, 445)
(67, 445)
(68, 445)
(69, 445)
(70, 445)
(71, 445)
(72, 445)
(73, 445)
(74, 445)
(75, 445)
(76, 445)
(77, 445)
(78, 445)
(79, 445)
(80, 445)
(81, 445)
(82, 445)
(83, 445)
(84, 445)
(85, 445)
(86, 445)
(87, 445)
(88, 445)
(89, 445)
(90, 445)
(91, 445)
(92, 445)
(93, 445)
(94, 445)
(95, 445)
(96, 445)
(97, 445)
(98, 445)
(99, 445)
(100, 445)
(101, 445)
(102, 445)
(103, 445)
(104, 445)
(105, 445)
(106, 445)
(107, 445)
(108, 445)
(109, 445)
(110, 445)
(111, 445)
(112, 445)
(113, 445)
(114, 445)
(115, 445)
(116, 445)
(117, 445)
(118, 445)
(119, 445)
(120, 445)
(121, 445)
(122, 445)
(123, 445)
(124, 445)
(125, 445)
(126, 445)
(127, 445)
(128, 445)
(129, 445)
(130, 445)
(131, 445)
(132, 445)
(133, 445)
(134, 445)
(135, 445)
(136, 445)
(137, 445)
(138, 445)
(139, 445)
(140, 445)
(141, 445)
(142, 445)
(143, 445)
(144, 445)
(145, 445)
(146, 445)
(147, 445)
(148, 445)
(149, 445)
(150, 445)
(151, 445)
(152, 445)
(153, 445)
(154, 445)
(155, 445)
(156, 445)
(157, 445)
(158, 445)
(159, 445)
(160, 445)
(161, 445)
(162, 445)
(163, 445)
(164, 445)
(165, 445)
(166, 445)
(167, 445)
(168, 445)
(169, 445)
(170, 445)
(171, 445)
(172, 445)
(173, 445)
(174, 445)
(175, 445)
(176, 445)
(177, 445)
(178, 445)
(179, 445)
(180, 445)
(181, 445)
(182, 445)
(183, 445)
(184, 445)
(185, 445)
(186, 445)
(187, 445)
(188, 445)
(189, 445)
(190, 445)
(191, 445)
(192, 445)
(193, 445)
(194, 445)
(195, 445)
(196, 445)
(197, 445)
(198, 445)
(199, 445)
(200, 445)
(201, 445)
(202, 445)
(203, 445)
(204, 445)
(205, 445)
(206, 445)
(207, 445)
(208, 445)
(209, 445)
(210, 445)
(211, 445)
(212, 445)
(213, 445)
(214, 445)
(215, 445)
(216, 445)
(217, 445)
(218, 445)
(219, 445)
(220, 445)
(221, 445)
(222, 445)
(223, 445)
(224, 445)
(225, 445)
(226, 445)
(227, 445)
(228, 445)
(229, 445)
(230, 445)
(231, 445)
(232, 445)
(233, 445)
(234, 445)
(235, 445)
(236, 445)
(237, 445)
(238, 445)
(239, 445)
(240, 445)
(241, 445)
(242, 445)
(243, 445)
(244, 445)
(245, 445)
(246, 445)
(247, 445)
(248, 445)
(249, 445)
(250, 445)
(251, 445)
(252, 445)
(253, 445)
(254, 445)
(255, 445)
(256, 445)
(257, 445)
(258, 445)
(259, 445)
(260, 445)
(261, 445)
(262, 445)
(263, 445)
(264, 445)
(265, 445)
(266, 445)
(267, 445)
(268, 445)
(269, 445)
(270, 445)
(271, 445)
(272, 445)
(273, 445)
(274, 445)
(275, 445)
(276, 445)
(277, 445)
(278, 445)
(279, 445)
(280, 445)
(281, 445)
(282, 445)
(283, 445)
(284, 445)
(285, 445)
(286, 445)
(287, 445)
(288, 445)
(289, 445)
(290, 445)
(291, 445)
(292, 445)
(293, 445)
(294, 445)
(295, 445)
(296, 445)
(297, 445)
(298, 445)
(299, 445)
(300, 445)
(301, 445)
(302, 445)
(303, 445)
(304, 445)
(305, 445)
(306, 445)
(307, 445)
(308, 445)
(309, 445)
(310, 445)
(311, 445)
(312, 445)
(313, 445)
(314, 445)
(315, 445)
(316, 445)
(317, 445)
(318, 445)
(319, 445)
(320, 445)
(321, 445)
(322, 445)
(323, 445)
(324, 445)
(325, 445)
(326, 445)
(327, 445)
(328, 445)
(329, 445)
(330, 445)
(331, 445)
(332, 445)
(333, 445)
(334, 445)
(335, 445)
(336, 445)
(337, 445)
(338, 445)
(339, 445)
(340, 445)
(341, 445)
(342, 445)
(343, 445)
(344, 445)
(345, 445)
(346, 445)
(347, 445)
(348, 445)
(349, 445)
(350, 445)
(351, 445)
(352, 445)
(353, 445)
(354, 445)
(355, 445)
(356, 445)
(357, 445)
(358, 445)
(359, 445)
(360, 445)
(361, 445)
(362, 445)
(363, 445)
(364, 445)
(365, 445)
(366, 445)
(367, 445)
(368, 445)
(369, 445)
(370, 445)
(371, 445)
(372, 445)
(373, 445)
(374, 445)
(375, 445)
(376, 445)
(377, 445)
(378, 445)
(379, 445)
(380, 445)
(381, 445)
(382, 445)
(383, 445)
(384, 445)
(385, 445)
(386, 445)
(387, 445)
(388, 445)
(389, 445)
(390, 445)
(391, 445)
(392, 445)
(393, 445)
(394, 445)
(395, 445)
(396, 445)
(397, 445)
(398, 445)
(399, 445)
(400, 445)
(401, 445)
(402, 445)
(403, 445)
(404, 445)
(405, 445)
(406, 445)
(407, 445)
(408, 445)
(409, 445)
(410, 445)
(411, 445)
(412, 445)
(413, 445)
(414, 445)
(415, 445)
(416, 445)
(417, 445)
(418, 445)
(419, 445)
(420, 445)
(421, 445)
(422, 445)
(423, 445)
(424, 445)
(425, 445)
(426, 445)
(427, 445)
(428, 445)
(429, 445)
(430, 445)
(431, 445)
(432, 445)
(433, 445)
(434, 445)
(435, 445)
(436, 445)
(437, 445)
(438, 445)
(439, 445)
(440, 445)
(441, 445)
(442, 445)
(443, 445)
(444, 445)
(445, 445)
(446, 445)
(447, 445)
(448, 445)
(449, 445)
(450, 445)
(451, 445)
(452, 445)
(453, 445)
(454, 445)
(455, 445)
(456, 445)
(457, 445)
(458, 445)
(459, 445)
(460, 445)
(461, 445)
(462, 445)
(463, 445)
(464, 445)
(465, 445)
(466, 445)
(467, 445)
(468, 445)
(469, 445)
(470, 445)
(471, 445)
(472, 445)
(473, 445)
(474, 445)
(475, 445)
(476, 445)
(477, 445)
(478, 445)
(479, 445)
(480, 445)
(481, 445)
(482, 445)
(483, 445)
(484, 445)
(485, 445)
(486, 445)
(487, 445)
(488, 445)
(489, 445)
(490, 445)
(491, 445)
(492, 445)
(493, 445)
(494, 445)
(495, 445)
(496, 445)
(497, 445)
(498, 445)
(499, 445)
(500, 445)
(501, 445)
(502, 445)
(503, 445)
(504, 445)
(505, 445)
(506, 445)
(507, 445)
(508, 445)
(509, 445)
(510, 445)
(511, 445)
(512, 445)
(513, 445)
(514, 445)
(515, 445)
(516, 445)
(517, 445)
(518, 445)
(519, 445)
(520, 445)
(521, 445)
(522, 445)
(523, 445)
(524, 445)
(525, 445)
(526, 445)
(527, 445)
(528, 445)
(529, 445)
(530, 445)
(531, 445)
(532, 445)
(533, 445)
(534, 445)
(535, 445)
(536, 445)
(537, 445)
(538, 445)
(539, 445)
(540, 445)
(541, 445)
(542, 445)
(543, 445)
(544, 445)
(545, 445)
(546, 445)
(547, 445)
(548, 445)
(549, 445)
(550, 445)
(551, 445)
(552, 445)
(553, 445)
(554, 445)
(555, 445)
(556, 445)
(557, 445)
(558, 445)
(559, 445)
(560, 445)
(561, 445)
(562, 445)
(563, 445)
(564, 445)
(565, 445)
(566, 445)
(567, 445)
(568, 445)
(569, 445)
(570, 445)
(571, 445)
(572, 445)
(573, 445)
(574, 445)
(575, 445)
(576, 445)
(577, 445)
(578, 445)
(579, 445)
(580, 445)
(581, 445)
(582, 445)
(583, 445)
(584, 445)
(585, 445)
(586, 445)
(587, 445)
(588, 445)
(589, 445)
(590, 445)
(591, 445)
(592, 445)
(593, 445)
(594, 445)
(595, 445)
(596, 445)
(597, 445)
(598, 445)
(599, 445)
(600, 445)
(601, 445)
(602, 445)
(603, 445)
(604, 445)
(605, 445)
(606, 445)
(607, 445)
(608, 445)
(609, 445)
(610, 445)
(611, 445)
(612, 445)
(613, 445)
(614, 445)
(615, 445)
(616, 445)
(617, 445)
(618, 445)
(619, 445)
(620, 445)
(621, 445)
(622, 445)
(623, 445)
(624, 445)
(625, 445)
(626, 445)
(627, 445)
(628, 445)
(629, 445)
(630, 445)
(631, 445)
(632, 445)
(633, 445)
(634, 445)
(635, 445)
(636, 445)
(637, 445)
(638, 445)
(639, 445)
(640, 445)
(641, 445)
(642, 445)
(643, 445)
(644, 445)
(645, 445)
(646, 445)
(647, 445)
(648, 445)
(649, 445)
(650, 445)
(651, 445)
(652, 445)
(653, 445)
(654, 445)
(655, 445)
(656, 445)
(657, 445)
(658, 445)
(659, 445)
(660, 445)
(661, 445)
(662, 445)
(663, 445)
(664, 445)
(665, 445)
(666, 445)
(667, 445)
(668, 445)
(669, 445)
(670, 445)
(671, 445)
(672, 445)
(673, 445)
(674, 445)
(675, 445)
(676, 445)
(677, 445)
(678, 445)
(679, 445)
(680, 445)
(681, 445)
(682, 445)
(683, 445)
(684, 445)
(685, 445)
(686, 445)
(687, 445)
(688, 445)
(689, 445)
(690, 445)
(691, 445)
(692, 445)
(693, 445)
(694, 445)
(695, 445)
(696, 445)
(697, 445)
(698, 445)
(699, 445)
(700, 445)
(701, 445)
(702, 445)
(703, 445)
(704, 445)
(705, 445)
(706, 445)
(707, 445)
(708, 445)
(709, 445)
(710, 445)
(711, 445)
(712, 445)
(713, 445)
(714, 445)
(715, 445)
(716, 445)
(717, 445)
(718, 445)
(719, 445)
(720, 445)
(721, 445)
(722, 445)
(723, 445)
(724, 445)
(725, 445)
(726, 445)
(727, 445)
(728, 445)
(729, 445)
(730, 445)
(731, 445)
(732, 445)
(733, 445)
(734, 445)
(735, 445)
(736, 445)
(737, 445)
(738, 445)
(739, 445)
(740, 445)
(741, 445)
(742, 445)
(743, 445)
(744, 445)
(745, 445)
(746, 445)
(747, 445)
(748, 445)
(749, 445)
(750, 445)
(751, 445)
(752, 445)
(753, 445)
(754, 445)
(755, 445)
(756, 445)
(757, 445)
(758, 445)
(759, 445)
(760, 445)
(761, 445)
(762, 445)
(763, 445)
(764, 445)
(765, 445)
(766, 445)
(767, 445)
(768, 445)
(769, 445)
(770, 445)
(771, 445)
(772, 445)
(773, 445)
(774, 445)
(775, 445)
(776, 445)
(777, 445)
(778, 445)
(779, 445)
(780, 445)
(781, 445)
(782, 445)
(783, 445)
(784, 445)
(785, 445)
(786, 445)
(787, 445)
(788, 445)
(789, 445)
(790, 445)
(791, 445)
(792, 445)
(793, 445)
(794, 445)
(795, 445)
(796, 445)
(797, 445)
(798, 445)
(799, 445)
(800, 445)
(801, 445)
(802, 445)
(803, 445)
(804, 445)
(805, 445)
(806, 445)
(807, 445)
(808, 445)
(809, 445)
(810, 445)
(811, 445)
(812, 445)
(813, 445)
(814, 445)
(815, 445)
(816, 445)
(817, 445)
(818, 445)
(819, 445)
(820, 445)
(821, 445)
(822, 445)
(823, 445)
(824, 445)
(825, 445)
(826, 445)
(827, 445)
(828, 445)
(829, 445)
(830, 445)
(831, 445)
(832, 445)
(833, 445)
(834, 445)
(835, 445)
(836, 445)
(837, 445)
(838, 445)
(839, 445)
(840, 445)
(841, 445)
(842, 445)
(843, 445)
(844, 445)
(845, 445)
(846, 445)
(847, 445)
(848, 445)
(849, 445)
(850, 445)
(851, 445)
(852, 445)
(853, 445)
(854, 445)
(855, 445)
(856, 445)
(857, 445)
(858, 445)
(859, 445)
(860, 445)
(861, 445)
(862, 445)
(863, 445)
(864, 445)
(865, 445)
(866, 445)
(867, 445)
(868, 445)
(869, 445)
(870, 445)
(871, 445)
(872, 445)
(873, 445)
(874, 445)
(875, 445)
(876, 445)
(877, 445)
(878, 445)
(879, 445)
(880, 445)
(881, 445)
(882, 445)
(883, 445)
(884, 445)
(885, 445)
(886, 445)
(887, 445)
(888, 445)
(889, 445)
(890, 445)
(891, 445)
(892, 445)
(893, 445)
(894, 445)
(895, 445)
(896, 445)
(897, 445)
(898, 445)
(899, 445)
(900, 445)
(901, 445)
(902, 445)
(903, 445)
(904, 445)
(905, 445)
(906, 445)
(907, 445)
(908, 445)
(909, 445)
(910, 445)
(911, 445)
(912, 445)
(913, 445)
(914, 445)
(915, 445)
(916, 445)
(917, 445)
(918, 445)
(919, 445)
(920, 445)
(921, 445)
(922, 445)
(923, 445)
(924, 445)
(925, 445)
(926, 445)
(927, 445)
(928, 445)
(929, 445)
(930, 445)
(931, 445)
(932, 445)
(933, 445)
(934, 445)
(935, 445)
(936, 445)
(937, 445)
(938, 445)
(939, 445)
(940, 445)
(941, 445)
(942, 445)
(943, 445)
(944, 445)
(945, 445)
(946, 445)
(947, 445)
(948, 445)
(949, 445)
(950, 445)
(951, 445)
(952, 445)
(953, 445)
(954, 445)
(955, 445)
(956, 445)
(957, 445)
(958, 445)
(959, 445)
(960, 445)
(961, 445)
(962, 445)
(963, 445)
(964, 445)
(965, 445)
(966, 445)
(967, 445)
(968, 445)
(969, 445)
(970, 445)
(971, 445)
(972, 445)
(973, 445)
(974, 445)
(975, 445)
(976, 445)
(977, 445)
(978, 445)
(979, 445)
(980, 445)
(981, 445)
(982, 445)
(983, 445)
(984, 445)
(985, 445)
(986, 445)
(987, 445)
(988, 445)
(989, 445)
(990, 445)
(991, 445)
(992, 445)
(993, 445)
(994, 445)
(995, 445)
(996, 445)
(997, 445)
(998, 445)
(999, 445)
(1000, 445)
(1001, 445)
(1002, 445)
(1003, 445)
(1004, 445)
(1005, 445)
(1006, 445)
(1007, 445)
(1008, 445)
(1009, 445)
(1010, 445)
(1011, 445)
(1012, 445)
(1013, 445)
(1014, 445)
(1015, 445)
(1016, 445)
(1017, 445)
(1018, 445)
(1019, 445)
(1020, 445)
(1021, 445)
(1022, 445)
(1023, 445)
(1024, 445)
(1025, 445)
(1026, 445)
(1027, 445)
(1028, 445)
(1029, 445)
(1030, 445)
(1031, 445)
(1032, 445)
(1033, 445)
(1034, 445)
(1035, 445)
(1036, 445)
(1037, 445)
(1038, 445)
(1039, 445)
(1040, 445)
(1041, 445)
(1042, 445)
(1043, 445)
(1044, 445)
(1045, 445)
(1046, 445)
(1047, 445)
(1048, 445)
(1049, 445)
(1050, 445)
(1051, 445)
(1052, 445)
(1053, 445)
(1054, 445)
(1055, 445)
(1056, 445)
(1057, 445)
(1058, 445)
(1059, 445)
(1060, 445)
(1061, 445)
(1062, 445)
(1063, 445)
(1064, 445)
(1065, 445)
(1066, 445)
(1067, 445)
(1068, 445)
(1069, 445)
(1070, 445)
(1071, 445)
(1072, 445)
(1073, 445)
(1074, 445)
(1075, 445)
(1076, 445)
(1077, 445)
(1078, 445)
(1079, 445)
(1080, 445)
(1081, 445)
(1082, 445)
(1083, 445)
(1084, 445)
(1085, 445)
(1086, 445)
(1087, 445)
(1088, 445)
(1089, 445)
(1090, 445)
(1091, 445)
(1092, 445)
(1093, 445)
(1094, 445)
(1095, 445)
(1096, 445)
(1097, 445)
(1098, 445)
(1099, 445)
(1100, 445)
(1101, 445)
(1102, 445)
(1103, 445)
(1104, 445)
(1105, 445)
(1106, 445)
(1107, 445)
(1108, 445)
(1109, 445)
(1110, 445)
(1111, 445)
(1112, 445)
(1113, 445)
(1114, 445)
(1115, 445)
(1116, 445)
(1117, 445)
(1118, 445)
(1119, 445)
(1120, 445)
(1121, 445)
(1122, 445)
(1123, 445)
(1124, 445)
(1125, 445)
(1126, 445)
(1127, 445)
(1128, 445)
(1129, 445)
(1130, 445)
(1131, 445)
(1132, 445)
(1133, 445)
(1134, 445)
(1135, 445)
(1136, 445)
(1137, 445)
(1138, 445)
(1139, 445)
(1140, 445)
(1141, 445)
(1142, 445)
(1143, 445)
(1144, 445)
(1145, 445)
(1146, 445)
(1147, 445)
(1148, 445)
(1149, 445)
(1150, 445)
(1151, 445)
(1152, 445)
(1153, 445)
(1154, 445)
(1155, 445)
(1156, 445)
(1157, 445)
(1158, 445)
(1159, 445)
(1160, 445)
(1161, 445)
(1162, 445)
(1163, 445)
(1164, 445)
(1165, 445)
(1166, 445)
(1167, 445)
(1168, 445)
(1169, 445)
(1170, 445)
(1171, 445)
(1172, 445)
(1173, 445)
(1174, 445)
(1175, 445)
(1176, 445)
(1177, 445)
(1178, 445)
(1179, 445)
(1180, 445)
(1181, 445)
(1182, 445)
(1183, 445)
(1184, 445)
(1185, 445)
(1186, 445)
(1187, 445)
(1188, 445)
(1189, 445)
(1190, 445)
(1191, 445)
(1192, 445)
(1193, 445)
(1194, 445)
(1195, 445)
(1196, 445)
(1197, 445)
(1198, 445)
(1199, 445)
(1200, 445)
(1201, 445)
(1202, 445)
(1203, 445)
(1204, 445)
(1205, 445)
(1206, 445)
(1207, 445)
(1208, 445)
(1209, 445)
(1210, 445)
(1211, 445)
(1212, 445)
(1213, 445)
(1214, 445)
(1215, 445)
(1216, 445)
(1217, 445)
(1218, 445)
(1219, 445)
(1220, 445)
(1221, 445)
(1222, 445)
(1223, 445)
(1223, 446)
(1223, 447)
(1224, 448)
(1224, 449)
(1224, 450)
(1225, 451)
(1225, 452)
(1225, 453)
(1226, 454)
(1226, 455)
(1226, 456)
(1227, 457)
(1227, 458)
(1227, 459)
(1228, 460)
(1228, 461)
(1228, 462)
(1229, 463)
(1229, 464)
(1229, 465)
(1230, 466)
(1230, 467)
(1230, 468)
(1231, 469)
(1231, 470)
(1231, 471)
(1232, 472)
(1232, 473)
(1232, 474)
(1233, 475)
(1233, 476)
(1233, 477)
(1234, 478)
(1234, 479)
(1234, 480)
(1235, 481)
(1235, 482)
(1235, 483)
(1236, 484)
(1236, 485)
(1236, 486)
(1237, 487)
(1237, 488)
(1237, 489)
(1238, 490)
(1238, 491)
(1238, 492)
(1239, 493)
(1239, 494)
(1239, 495)
(1240, 496)
(1240, 497)
(1240, 498)
(1241, 499)
(1241, 500)
(1241, 501)
(1242, 502)
(1242, 503)
(1242, 504)
(1243, 505)
(1243, 506)
(1243, 507)
(1244, 508)
(1244, 509)
(1244, 510)
(1245, 511)
(1245, 512)
(1245, 513)
(1245, 514)
(1246, 515)
(1246, 516)
(1246, 517)
(1247, 518)
(1247, 519)
(1247, 520)
(1248, 521)
(1248, 522)
(1248, 523)
(1249, 524)
(1249, 525)
(1249, 526)
(1250, 527)
(1250, 528)
(1250, 529)
(1251, 530)
(1251, 531)
(1251, 532)
(1252, 533)
(1252, 534)
(1252, 535)
(1253, 536)
(1253, 537)
(1253, 538)
(1254, 539)
(1254, 540)
(1254, 541)
(1255, 542)
(1255, 543)
(1255, 544)
(1256, 545)
(1256, 545)
(1255, 545)
(1254, 545)
(1253, 545)
(1252, 545)
(1251, 545)
(1250, 545)
(1249, 545)
(1248, 545)
(1247, 545)
(1246, 545)
(1245, 545)
(1244, 545)
(1243, 545)
(1242, 545)
(1241, 545)
(1240, 545)
(1239, 545)
(1238, 545)
(1237, 545)
(1236, 545)
(1235, 545)
(1234, 545)
(1233, 545)
(1232, 545)
(1231, 545)
(1230, 545)
(1229, 545)
(1228, 545)
(1227, 545)
(1226, 545)
(1225, 545)
(1224, 545)
(1223, 545)
(1222, 545)
(1221, 545)
(1220, 545)
(1219, 545)
(1218, 545)
(1217, 545)
(1216, 545)
(1215, 545)
(1214, 545)
(1213, 545)
(1212, 545)
(1211, 545)
(1210, 545)
(1209, 545)
(1208, 545)
(1207, 545)
(1206, 545)
(1205, 545)
(1204, 545)
(1203, 545)
(1202, 545)
(1201, 545)
(1200, 545)
(1199, 545)
(1198, 545)
(1197, 545)
(1196, 545)
(1195, 545)
(1194, 545)
(1193, 545)
(1192, 545)
(1191, 545)
(1190, 545)
(1189, 545)
(1188, 545)
(1187, 545)
(1186, 545)
(1185, 545)
(1184, 545)
(1183, 545)
(1182, 545)
(1181, 545)
(1180, 545)
(1179, 545)
(1178, 545)
(1177, 545)
(1176, 545)
(1175, 545)
(1174, 545)
(1173, 545)
(1172, 545)
(1171, 545)
(1170, 545)
(1169, 545)
(1168, 545)
(1167, 545)
(1166, 545)
(1165, 545)
(1164, 545)
(1163, 545)
(1162, 545)
(1161, 545)
(1160, 545)
(1159, 545)
(1158, 545)
(1157, 545)
(1156, 545)
(1155, 545)
(1154, 545)
(1153, 545)
(1152, 545)
(1151, 545)
(1150, 545)
(1149, 545)
(1148, 545)
(1147, 545)
(1146, 545)
(1145, 545)
(1144, 545)
(1143, 545)
(1142, 545)
(1141, 545)
(1140, 545)
(1139, 545)
(1138, 545)
(1137, 545)
(1136, 545)
(1135, 545)
(1134, 545)
(1133, 545)
(1132, 545)
(1131, 545)
(1130, 545)
(1129, 545)
(1128, 545)
(1127, 545)
(1126, 545)
(1125, 545)
(1124, 545)
(1123, 545)
(1122, 545)
(1121, 545)
(1120, 545)
(1119, 545)
(1118, 545)
(1117, 545)
(1116, 545)
(1115, 545)
(1114, 545)
(1113, 545)
(1112, 545)
(1111, 545)
(1110, 545)
(1109, 545)
(1108, 545)
(1107, 545)
(1106, 545)
(1105, 545)
(1104, 545)
(1103, 545)
(1102, 545)
(1101, 545)
(1100, 545)
(1099, 545)
(1098, 545)
(1097, 545)
(1096, 545)
(1095, 545)
(1094, 545)
(1093, 545)
(1092, 545)
(1091, 545)
(1090, 545)
(1089, 545)
(1088, 545)
(1087, 545)
(1086, 545)
(1085, 545)
(1084, 545)
(1083, 545)
(1082, 545)
(1081, 545)
(1080, 545)
(1079, 545)
(1078, 545)
(1077, 545)
(1076, 545)
(1075, 545)
(1074, 545)
(1073, 545)
(1072, 545)
(1071, 545)
(1070, 545)
(1069, 545)
(1068, 545)
(1067, 545)
(1066, 545)
(1065, 545)
(1064, 545)
(1063, 545)
(1062, 545)
(1061, 545)
(1060, 545)
(1059, 545)
(1058, 545)
(1057, 545)
(1056, 545)
(1055, 545)
(1054, 545)
(1053, 545)
(1052, 545)
(1051, 545)
(1050, 545)
(1049, 545)
(1048, 545)
(1047, 545)
(1046, 545)
(1045, 545)
(1044, 545)
(1043, 545)
(1042, 545)
(1041, 545)
(1040, 545)
(1039, 545)
(1038, 545)
(1037, 545)
(1036, 545)
(1035, 545)
(1034, 545)
(1033, 545)
(1032, 545)
(1031, 545)
(1030, 545)
(1029, 545)
(1028, 545)
(1027, 545)
(1026, 545)
(1025, 545)
(1024, 545)
(1023, 545)
(1022, 545)
(1021, 545)
(1020, 545)
(1019, 545)
(1018, 545)
(1017, 545)
(1016, 545)
(1015, 545)
(1014, 545)
(1013, 545)
(1012, 545)
(1011, 545)
(1010, 545)
(1009, 545)
(1008, 545)
(1007, 545)
(1006, 545)
(1005, 545)
(1004, 545)
(1003, 545)
(1002, 545)
(1001, 545)
(1000, 545)
(999, 545)
(998, 545)
(997, 545)
(996, 545)
(995, 545)
(994, 545)
(993, 545)
(992, 545)
(991, 545)
(990, 545)
(989, 545)
(988, 545)
(987, 545)
(986, 545)
(985, 545)
(984, 545)
(983, 545)
(982, 545)
(981, 545)
(980, 545)
(979, 545)
(978, 545)
(977, 545)
(976, 545)
(975, 545)
(974, 545)
(973, 545)
(972, 545)
(971, 545)
(970, 545)
(969, 545)
(968, 545)
(967, 545)
(966, 545)
(965, 545)
(964, 545)
(963, 545)
(962, 545)
(961, 545)
(960, 545)
(959, 545)
(958, 545)
(957, 545)
(956, 545)
(955, 545)
(954, 545)
(953, 545)
(952, 545)
(951, 545)
(950, 545)
(949, 545)
(948, 545)
(947, 545)
(946, 545)
(945, 545)
(944, 545)
(943, 545)
(942, 545)
(941, 545)
(940, 545)
(939, 545)
(938, 545)
(937, 545)
(936, 545)
(935, 545)
(934, 545)
(933, 545)
(932, 545)
(931, 545)
(930, 545)
(929, 545)
(928, 545)
(927, 545)
(926, 545)
(925, 545)
(924, 545)
(923, 545)
(922, 545)
(921, 545)
(920, 545)
(919, 545)
(918, 545)
(917, 545)
(916, 545)
(915, 545)
(914, 545)
(913, 545)
(912, 545)
(911, 545)
(910, 545)
(909, 545)
(908, 545)
(907, 545)
(906, 545)
(905, 545)
(904, 545)
(903, 545)
(902, 545)
(901, 545)
(900, 545)
(899, 545)
(898, 545)
(897, 545)
(896, 545)
(895, 545)
(894, 545)
(893, 545)
(892, 545)
(891, 545)
(890, 545)
(889, 545)
(888, 545)
(887, 545)
(886, 545)
(885, 545)
(884, 545)
(883, 545)
(882, 545)
(881, 545)
(880, 545)
(879, 545)
(878, 545)
(877, 545)
(876, 545)
(875, 545)
(874, 545)
(873, 545)
(872, 545)
(871, 545)
(870, 545)
(869, 545)
(868, 545)
(867, 545)
(866, 545)
(865, 545)
(864, 545)
(863, 545)
(862, 545)
(861, 545)
(860, 545)
(859, 545)
(858, 545)
(857, 545)
(856, 545)
(855, 545)
(854, 545)
(853, 545)
(852, 545)
(851, 545)
(850, 545)
(849, 545)
(848, 545)
(847, 545)
(846, 545)
(845, 545)
(844, 545)
(843, 545)
(842, 545)
(841, 545)
(840, 545)
(839, 545)
(838, 545)
(837, 545)
(836, 545)
(835, 545)
(834, 545)
(833, 545)
(832, 545)
(831, 545)
(830, 545)
(829, 545)
(828, 545)
(827, 545)
(826, 545)
(825, 545)
(824, 545)
(823, 545)
(822, 545)
(821, 545)
(820, 545)
(819, 545)
(818, 545)
(817, 545)
(816, 545)
(815, 545)
(814, 545)
(813, 545)
(812, 545)
(811, 545)
(810, 545)
(809, 545)
(808, 545)
(807, 545)
(806, 545)
(805, 545)
(804, 545)
(803, 545)
(802, 545)
(801, 545)
(800, 545)
(799, 545)
(798, 545)
(797, 545)
(796, 545)
(795, 545)
(794, 545)
(793, 545)
(792, 545)
(791, 545)
(790, 545)
(789, 545)
(788, 545)
(787, 545)
(786, 545)
(785, 545)
(784, 545)
(783, 545)
(782, 545)
(781, 545)
(780, 545)
(779, 545)
(778, 545)
(777, 545)
(776, 545)
(775, 545)
(774, 545)
(773, 545)
(772, 545)
(771, 545)
(770, 545)
(769, 545)
(768, 545)
(767, 545)
(766, 545)
(765, 545)
(764, 545)
(763, 545)
(762, 545)
(761, 545)
(760, 545)
(759, 545)
(758, 545)
(757, 545)
(756, 545)
(755, 545)
(754, 545)
(753, 545)
(752, 545)
(751, 545)
(750, 545)
(749, 545)
(748, 545)
(747, 545)
(746, 545)
(745, 545)
(744, 545)
(743, 545)
(742, 545)
(741, 545)
(740, 545)
(739, 545)
(738, 545)
(737, 545)
(736, 545)
(735, 545)
(734, 545)
(733, 545)
(732, 545)
(731, 545)
(730, 545)
(729, 545)
(728, 545)
(727, 545)
(726, 545)
(725, 545)
(724, 545)
(723, 545)
(722, 545)
(721, 545)
(720, 545)
(719, 545)
(718, 545)
(717, 545)
(716, 545)
(715, 545)
(714, 545)
(713, 545)
(712, 545)
(711, 545)
(710, 545)
(709, 545)
(708, 545)
(707, 545)
(706, 545)
(705, 545)
(704, 545)
(703, 545)
(702, 545)
(701, 545)
(700, 545)
(699, 545)
(698, 545)
(697, 545)
(696, 545)
(695, 545)
(694, 545)
(693, 545)
(692, 545)
(691, 545)
(690, 545)
(689, 545)
(688, 545)
(687, 545)
(686, 545)
(685, 545)
(684, 545)
(683, 545)
(682, 545)
(681, 545)
(680, 545)
(679, 545)
(678, 545)
(677, 545)
(676, 545)
(675, 545)
(674, 545)
(673, 545)
(672, 545)
(671, 545)
(670, 545)
(669, 545)
(668, 545)
(667, 545)
(666, 545)
(665, 545)
(664, 545)
(663, 545)
(662, 545)
(661, 545)
(660, 545)
(659, 545)
(658, 545)
(657, 545)
(656, 545)
(655, 545)
(654, 545)
(653, 545)
(652, 545)
(651, 545)
(650, 545)
(649, 545)
(648, 545)
(647, 545)
(646, 545)
(645, 545)
(644, 545)
(643, 545)
(642, 545)
(641, 545)
(640, 545)
(639, 545)
(638, 545)
(637, 545)
(636, 545)
(635, 545)
(634, 545)
(633, 545)
(632, 545)
(631, 545)
(630, 545)
(629, 545)
(628, 545)
(627, 545)
(626, 545)
(625, 545)
(624, 545)
(623, 545)
(622, 545)
(621, 545)
(620, 545)
(619, 545)
(618, 545)
(617, 545)
(616, 545)
(615, 545)
(614, 545)
(613, 545)
(612, 545)
(611, 545)
(610, 545)
(609, 545)
(608, 545)
(607, 545)
(606, 545)
(605, 545)
(604, 545)
(603, 545)
(602, 545)
(601, 545)
(600, 545)
(599, 545)
(598, 545)
(597, 545)
(596, 545)
(595, 545)
(594, 545)
(593, 545)
(592, 545)
(591, 545)
(590, 545)
(589, 545)
(588, 545)
(587, 545)
(586, 545)
(585, 545)
(584, 545)
(583, 545)
(582, 545)
(581, 545)
(580, 545)
(579, 545)
(578, 545)
(577, 545)
(576, 545)
(575, 545)
(574, 545)
(573, 545)
(572, 545)
(571, 545)
(570, 545)
(569, 545)
(568, 545)
(567, 545)
(566, 545)
(565, 545)
(564, 545)
(563, 545)
(562, 545)
(561, 545)
(560, 545)
(559, 545)
(558, 545)
(557, 545)
(556, 545)
(555, 545)
(554, 545)
(553, 545)
(552, 545)
(551, 545)
(550, 545)
(549, 545)
(548, 545)
(547, 545)
(546, 545)
(545, 545)
(544, 545)
(543, 545)
(542, 545)
(541, 545)
(540, 545)
(539, 545)
(538, 545)
(537, 545)
(536, 545)
(535, 545)
(534, 545)
(533, 545)
(532, 545)
(531, 545)
(530, 545)
(529, 545)
(528, 545)
(527, 545)
(526, 545)
(525, 545)
(524, 545)
(523, 545)
(522, 545)
(521, 545)
(520, 545)
(519, 545)
(518, 545)
(517, 545)
(516, 545)
(515, 545)
(514, 545)
(513, 545)
(512, 545)
(511, 545)
(510, 545)
(509, 545)
(508, 545)
(507, 545)
(506, 545)
(505, 545)
(504, 545)
(503, 545)
(502, 545)
(501, 545)
(500, 545)
(499, 545)
(498, 545)
(497, 545)
(496, 545)
(495, 545)
(494, 545)
(493, 545)
(492, 545)
(491, 545)
(490, 545)
(489, 545)
(488, 545)
(487, 545)
(486, 545)
(485, 545)
(484, 545)
(483, 545)
(482, 545)
(481, 545)
(480, 545)
(479, 545)
(478, 545)
(477, 545)
(476, 545)
(475, 545)
(474, 545)
(473, 545)
(472, 545)
(471, 545)
(470, 545)
(469, 545)
(468, 545)
(467, 545)
(466, 545)
(465, 545)
(464, 545)
(463, 545)
(462, 545)
(461, 545)
(460, 545)
(459, 545)
(458, 545)
(457, 545)
(456, 545)
(455, 545)
(454, 545)
(453, 545)
(452, 545)
(451, 545)
(450, 545)
(449, 545)
(448, 545)
(447, 545)
(446, 545)
(445, 545)
(444, 545)
(443, 545)
(442, 545)
(441, 545)
(440, 545)
(439, 545)
(438, 545)
(437, 545)
(436, 545)
(435, 545)
(434, 545)
(433, 545)
(432, 545)
(431, 545)
(430, 545)
(429, 545)
(428, 545)
(427, 545)
(426, 545)
(425, 545)
(424, 545)
(423, 545)
(422, 545)
(421, 545)
(420, 545)
(419, 545)
(418, 545)
(417, 545)
(416, 545)
(415, 545)
(414, 545)
(413, 545)
(412, 545)
(411, 545)
(410, 545)
(409, 545)
(408, 545)
(407, 545)
(406, 545)
(405, 545)
(404, 545)
(403, 545)
(402, 545)
(401, 545)
(400, 545)
(399, 545)
(398, 545)
(397, 545)
(396, 545)
(395, 545)
(394, 545)
(393, 545)
(392, 545)
(391, 545)
(390, 545)
(389, 545)
(388, 545)
(387, 545)
(386, 545)
(385, 545)
(384, 545)
(383, 545)
(382, 545)
(381, 545)
(380, 545)
(379, 545)
(378, 545)
(377, 545)
(376, 545)
(375, 545)
(374, 545)
(373, 545)
(372, 545)
(371, 545)
(370, 545)
(369, 545)
(368, 545)
(367, 545)
(366, 545)
(365, 545)
(364, 545)
(363, 545)
(362, 545)
(361, 545)
(360, 545)
(359, 545)
(358, 545)
(357, 545)
(356, 545)
(355, 545)
(354, 545)
(353, 545)
(352, 545)
(351, 545)
(350, 545)
(349, 545)
(348, 545)
(347, 545)
(346, 545)
(345, 545)
(344, 545)
(343, 545)
(342, 545)
(341, 545)
(340, 545)
(339, 545)
(338, 545)
(337, 545)
(336, 545)
(335, 545)
(334, 545)
(333, 545)
(332, 545)
(331, 545)
(330, 545)
(329, 545)
(328, 545)
(327, 545)
(326, 545)
(325, 545)
(324, 545)
(323, 545)
(322, 545)
(321, 545)
(320, 545)
(319, 545)
(318, 545)
(317, 545)
(316, 545)
(315, 545)
(314, 545)
(313, 545)
(312, 545)
(311, 545)
(310, 545)
(309, 545)
(308, 545)
(307, 545)
(306, 545)
(305, 545)
(304, 545)
(303, 545)
(302, 545)
(301, 545)
(300, 545)
(299, 545)
(298, 545)
(297, 545)
(296, 545)
(295, 545)
(294, 545)
(293, 545)
(292, 545)
(291, 545)
(290, 545)
(289, 545)
(288, 545)
(287, 545)
(286, 545)
(285, 545)
(284, 545)
(283, 545)
(282, 545)
(281, 545)
(280, 545)
(279, 545)
(278, 545)
(277, 545)
(276, 545)
(275, 545)
(274, 545)
(273, 545)
(272, 545)
(271, 545)
(270, 545)
(269, 545)
(268, 545)
(267, 545)
(266, 545)
(265, 545)
(264, 545)
(263, 545)
(262, 545)
(261, 545)
(260, 545)
(259, 545)
(258, 545)
(257, 545)
(256, 545)
(255, 545)
(254, 545)
(253, 545)
(252, 545)
(251, 545)
(250, 545)
(249, 545)
(248, 545)
(247, 545)
(246, 545)
(245, 545)
(244, 545)
(243, 545)
(242, 545)
(241, 545)
(240, 545)
(239, 545)
(238, 545)
(237, 545)
(236, 545)
(235, 545)
(234, 545)
(233, 545)
(232, 545)
(231, 545)
(230, 545)
(229, 545)
(228, 545)
(227, 545)
(226, 545)
(225, 545)
(224, 545)
(223, 545)
(222, 545)
(221, 545)
(220, 545)
(219, 545)
(218, 545)
(217, 545)
(216, 545)
(215, 545)
(214, 545)
(213, 545)
(212, 545)
(211, 545)
(210, 545)
(209, 545)
(208, 545)
(207, 545)
(206, 545)
(205, 545)
(204, 545)
(203, 545)
(202, 545)
(201, 545)
(200, 545)
(199, 545)
(198, 545)
(197, 545)
(196, 545)
(195, 545)
(194, 545)
(193, 545)
(192, 545)
(191, 545)
(190, 545)
(189, 545)
(188, 545)
(187, 545)
(186, 545)
(185, 545)
(184, 545)
(183, 545)
(182, 545)
(181, 545)
(180, 545)
(179, 545)
(178, 545)
(177, 545)
(176, 545)
(175, 545)
(174, 545)
(173, 545)
(172, 545)
(171, 545)
(170, 545)
(169, 545)
(168, 545)
(167, 545)
(166, 545)
(165, 545)
(164, 545)
(163, 545)
(162, 545)
(161, 545)
(160, 545)
(159, 545)
(158, 545)
(157, 545)
(156, 545)
(155, 545)
(154, 545)
(153, 545)
(152, 545)
(151, 545)
(150, 545)
(149, 545)
(148, 545)
(147, 545)
(146, 545)
(145, 545)
(144, 545)
(143, 545)
(142, 545)
(141, 545)
(140, 545)
(139, 545)
(138, 545)
(137, 545)
(136, 545)
(135, 545)
(134, 545)
(133, 545)
(132, 545)
(131, 545)
(130, 545)
(129, 545)
(128, 545)
(127, 545)
(126, 545)
(125, 545)
(124, 545)
(123, 545)
(122, 545)
(121, 545)
(120, 545)
(119, 545)
(118, 545)
(117, 545)
(116, 545)
(115, 545)
(114, 545)
(113, 545)
(112, 545)
(111, 545)
(110, 545)
(109, 545)
(108, 545)
(107, 545)
(106, 545)
(105, 545)
(104, 545)
(103, 545)
(102, 545)
(101, 545)
(100, 545)
(99, 545)
(98, 545)
(97, 545)
(96, 545)
(95, 545)
(94, 545)
(93, 545)
(92, 545)
(91, 545)
(90, 545)
(89, 545)
(88, 545)
(87, 545)
(86, 545)
(85, 545)
(84, 545)
(83, 545)
(82, 545)
(81, 545)
(80, 545)
(79, 545)
(78, 545)
(77, 545)
(76, 545)
(75, 545)
(74, 545)
(73, 545)
(72, 545)
(71, 545)
(70, 545)
(69, 545)
(68, 545)
(67, 545)
(66, 545)
(66, 546)
(66, 547)
(67, 548)
(67, 549)
(67, 550)
(68, 551)
(68, 552)
(68, 553)
(69, 554)
(69, 555)
(69, 556)
(70, 557)
(70, 558)
(70, 559)
(71, 560)
(71, 561)
(71, 562)
(72, 563)
(72, 564)
(72, 565)
(73, 566)
(73, 567)
(73, 568)
(74, 569)
(74, 570)
(74, 571)
(75, 572)
(75, 573)
(75, 574)
(76, 575)
(76, 576)
(76, 577)
(77, 578)
(77, 579)
(77, 580)
(78, 581)
(78, 582)
(78, 583)
(79, 584)
(79, 585)
(79, 586)
(80, 587)
(80, 588)
(80, 589)
(81, 590)
(81, 591)
(81, 592)
(82, 593)
(82, 594)
(82, 595)
(83, 596)
(83, 597)
(83, 598)
(84, 599)
(84, 600)
(84, 601)
(85, 602)
(85, 603)
(85, 604)
(86, 605)
(86, 606)
(86, 607)
(87, 608)
(87, 609)
(87, 610)
(88, 611)
(88, 612)
(88, 613)
(89, 615)
(89, 616)
(90, 618)
(90, 619)
(91, 621)
(91, 622)
(92, 624)
(92, 625)
(93, 627)
(93, 628)
(94, 630)
(94, 631)
(95, 633)
(95, 634)
(96, 636)
(96, 637)
(97, 639)
(97, 640)
(98, 642)
(98, 643)
(99, 645)
(99, 645)
(100, 645)
(101, 645)
(102, 645)
(103, 645)
(104, 645)
(105, 645)
(106, 645)
(107, 645)
(108, 645)
(109, 645)
(110, 645)
(111, 645)
(112, 645)
(113, 645)
(114, 645)
(115, 645)
(116, 645)
(117, 645)
(118, 645)
(119, 645)
(120, 645)
(121, 645)
(122, 645)
(123, 645)
(124, 645)
(125, 645)
(126, 645)
(127, 645)
(128, 645)
(129, 645)
(130, 645)
(131, 645)
(132, 645)
(133, 645)
(134, 645)
(135, 645)
(136, 645)
(137, 645)
(138, 645)
(139, 645)
(140, 645)
(141, 645)
(142, 645)
(143, 645)
(144, 645)
(145, 645)
(146, 645)
(147, 645)
(148, 645)
(149, 645)
(150, 645)
(151, 645)
(152, 645)
(153, 645)
(154, 645)
(155, 645)
(156, 645)
(157, 645)
(158, 645)
(159, 645)
(160, 645)
(161, 645)
(162, 645)
(163, 645)
(164, 645)
(165, 645)
(166, 645)
(167, 645)
(168, 645)
(169, 645)
(170, 645)
(171, 645)
(172, 645)
(173, 645)
(174, 645)
(175, 645)
(176, 645)
(177, 645)
(178, 645)
(179, 645)
(180, 645)
(181, 645)
(182, 645)
(183, 645)
(184, 645)
(185, 645)
(186, 645)
(187, 645)
(188, 645)
(189, 645)
(190, 645)
(191, 645)
(192, 645)
(193, 645)
(194, 645)
(195, 645)
(196, 645)
(197, 645)
(198, 645)
(199, 645)
(200, 645)
(201, 645)
(202, 645)
(203, 645)
(204, 645)
(205, 645)
(206, 645)
(207, 645)
(208, 645)
(209, 645)
(210, 645)
(211, 645)
(212, 645)
(213, 645)
(214, 645)
(215, 645)
(216, 645)
(217, 645)
(218, 645)
(219, 645)
(220, 645)
(221, 645)
(222, 645)
(223, 645)
(224, 645)
(225, 645)
(226, 645)
(227, 645)
(228, 645)
(229, 645)
(230, 645)
(231, 645)
(232, 645)
(233, 645)
(234, 645)
(235, 645)
(236, 645)
(237, 645)
(238, 645)
(239, 645)
(240, 645)
(241, 645)
(242, 645)
(243, 645)
(244, 645)
(245, 645)
(246, 645)
(247, 645)
(248, 645)
(249, 645)
(250, 645)
(251, 645)
(252, 645)
(253, 645)
(254, 645)
(255, 645)
(256, 645)
(257, 645)
(258, 645)
(259, 645)
(260, 645)
(261, 645)
(262, 645)
(263, 645)
(264, 645)
(265, 645)
(266, 645)
(267, 645)
(268, 645)
(269, 645)
(270, 645)
(271, 645)
(272, 645)
(273, 645)
(274, 645)
(275, 645)
(276, 645)
(277, 645)
(278, 645)
(279, 645)
(280, 645)
(281, 645)
(282, 645)
(283, 645)
(284, 645)
(285, 645)
(286, 645)
(287, 645)
(288, 645)
(289, 645)
(290, 645)
(291, 645)
(292, 645)
(293, 645)
(294, 645)
(295, 645)
(296, 645)
(297, 645)
(298, 645)
(299, 645)
(300, 645)
(301, 645)
(302, 645)
(303, 645)
(304, 645)
(305, 645)
(306, 645)
(307, 645)
(308, 645)
(309, 645)
(310, 645)
(311, 645)
(312, 645)
(313, 645)
(314, 645)
(315, 645)
(316, 645)
(317, 645)
(318, 645)
(319, 645)
(320, 645)
(321, 645)
(322, 645)
(323, 645)
(324, 645)
(325, 645)
(326, 645)
(327, 645)
(328, 645)
(329, 645)
(330, 645)
(331, 645)
(332, 645)
(333, 645)
(334, 645)
(335, 645)
(336, 645)
(337, 645)
(338, 645)
(339, 645)
(340, 645)
(341, 645)
(342, 645)
(343, 645)
(344, 645)
(345, 645)
(346, 645)
(347, 645)
(348, 645)
(349, 645)
(350, 645)
(351, 645)
(352, 645)
(353, 645)
(354, 645)
(355, 645)
(356, 645)
(357, 645)
(358, 645)
(359, 645)
(360, 645)
(361, 645)
(362, 645)
(363, 645)
(364, 645)
(365, 645)
(366, 645)
(367, 645)
(368, 645)
(369, 645)
(370, 645)
(371, 645)
(372, 645)
(373, 645)
(374, 645)
(375, 645)
(376, 645)
(377, 645)
(378, 645)
(379, 645)
(380, 645)
(381, 645)
(382, 645)
(383, 645)
(384, 645)
(385, 645)
(386, 645)
(387, 645)
(388, 645)
(389, 645)
(390, 645)
(391, 645)
(392, 645)
(393, 645)
(394, 645)
(395, 645)
(396, 645)
(397, 645)
(398, 645)
(399, 645)
(400, 645)
(401, 645)
(402, 645)
(403, 645)
(404, 645)
(405, 645)
(406, 645)
(407, 645)
(408, 645)
(409, 645)
(410, 645)
(411, 645)
(412, 645)
(413, 645)
(414, 645)
(415, 645)
(416, 645)
(417, 645)
(418, 645)
(419, 645)
(420, 645)
(421, 645)
(422, 645)
(423, 645)
(424, 645)
(425, 645)
(426, 645)
(427, 645)
(428, 645)
(429, 645)
(430, 645)
(431, 645)
(432, 645)
(433, 645)
(434, 645)
(435, 645)
(436, 645)
(437, 645)
(438, 645)
(439, 645)
(440, 645)
(441, 645)
(442, 645)
(443, 645)
(444, 645)
(445, 645)
(446, 645)
(447, 645)
(448, 645)
(449, 645)
(450, 645)
(451, 645)
(452, 645)
(453, 645)
(454, 645)
(455, 645)
(456, 645)
(457, 645)
(458, 645)
(459, 645)
(460, 645)
(461, 645)
(462, 645)
(463, 645)
(464, 645)
(465, 645)
(466, 645)
(467, 645)
(468, 645)
(469, 645)
(470, 645)
(471, 645)
(472, 645)
(473, 645)
(474, 645)
(475, 645)
(476, 645)
(477, 645)
(478, 645)
(479, 645)
(480, 645)
(481, 645)
(482, 645)
(483, 645)
(484, 645)
(485, 645)
(486, 645)
(487, 645)
(488, 645)
(489, 645)
(490, 645)
(491, 645)
(492, 645)
(493, 645)
(494, 645)
(495, 645)
(496, 645)
(497, 645)
(498, 645)
(499, 645)
(500, 645)
(501, 645)
(502, 645)
(503, 645)
(504, 645)
(505, 645)
(506, 645)
(507, 645)
(508, 645)
(509, 645)
(510, 645)
(511, 645)
(512, 645)
(513, 645)
(514, 645)
(515, 645)
(516, 645)
(517, 645)
(518, 645)
(519, 645)
(520, 645)
(521, 645)
(522, 645)
(523, 645)
(524, 645)
(525, 645)
(526, 645)
(527, 645)
(528, 645)
(529, 645)
(530, 645)
(531, 645)
(532, 645)
(533, 645)
(534, 645)
(535, 645)
(536, 645)
(537, 645)
(538, 645)
(539, 645)
(540, 645)
(541, 645)
(542, 645)
(543, 645)
(544, 645)
(545, 645)
(546, 645)
(547, 645)
(548, 645)
(549, 645)
(550, 645)
(551, 645)
(552, 645)
(553, 645)
(554, 645)
(555, 645)
(556, 645)
(557, 645)
(558, 645)
(559, 645)
(560, 645)
(561, 645)
(562, 645)
(563, 645)
(564, 645)
(565, 645)
(566, 645)
(567, 645)
(568, 645)
(569, 645)
(570, 645)
(571, 645)
(572, 645)
(573, 645)
(574, 645)
(575, 645)
(576, 645)
(577, 645)
(578, 645)
(579, 645)
(580, 645)
(581, 645)
(582, 645)
(583, 645)
(584, 645)
(585, 645)
(586, 645)
(587, 645)
(588, 645)
(589, 645)
(590, 645)
(591, 645)
(592, 645)
(593, 645)
(594, 645)
(595, 645)
(596, 645)
(597, 645)
(598, 645)
(599, 645)
(600, 645)
(601, 645)
(602, 645)
(603, 645)
(604, 645)
(605, 645)
(606, 645)
(607, 645)
(608, 645)
(609, 645)
(610, 645)
(611, 645)
(612, 645)
(613, 645)
(614, 645)
(615, 645)
(616, 645)
(617, 645)
(618, 645)
(619, 645)
(620, 645)
(621, 645)
(622, 645)
(623, 645)
(624, 645)
(625, 645)
(626, 645)
(627, 645)
(628, 645)
(629, 645)
(630, 645)
(631, 645)
(632, 645)
(633, 645)
(634, 645)
(635, 645)
(636, 645)
(637, 645)
(638, 645)
(639, 645)
(640, 645)
(641, 645)
(642, 645)
(643, 645)
(644, 645)
(645, 645)
(646, 645)
(647, 645)
(648, 645)
(649, 645)
(650, 645)
(651, 645)
(652, 645)
(653, 645)
(654, 645)
(655, 645)
(656, 645)
(657, 645)
(658, 645)
(659, 645)
(660, 645)
(661, 645)
(662, 645)
(663, 645)
(664, 645)
(665, 645)
(666, 645)
(667, 645)
(668, 645)
(669, 645)
(670, 645)
(671, 645)
(672, 645)
(673, 645)
(674, 645)
(675, 645)
(676, 645)
(677, 645)
(678, 645)
(679, 645)
(680, 645)
(681, 645)
(682, 645)
(683, 645)
(684, 645)
(685, 645)
(686, 645)
(687, 645)
(688, 645)
(689, 645)
(690, 645)
(691, 645)
(692, 645)
(693, 645)
(694, 645)
(695, 645)
(696, 645)
(697, 645)
(698, 645)
(699, 645)
(700, 645)
(701, 645)
(702, 645)
(703, 645)
(704, 645)
(705, 645)
(706, 645)
(707, 645)
(708, 645)
(709, 645)
(710, 645)
(711, 645)
(712, 645)
(713, 645)
(714, 645)
(715, 645)
(716, 645)
(717, 645)
(718, 645)
(719, 645)
(720, 645)
(721, 645)
(722, 645)
(723, 645)
(724, 645)
(725, 645)
(726, 645)
(727, 645)
(728, 645)
(729, 645)
(730, 645)
(731, 645)
(732, 645)
(733, 645)
(734, 645)
(735, 645)
(736, 645)
(737, 645)
(738, 645)
(739, 645)
(740, 645)
(741, 645)
(742, 645)
(743, 645)
(744, 645)
(745, 645)
(746, 645)
(747, 645)
(748, 645)
(749, 645)
(750, 645)
(751, 645)
(752, 645)
(753, 645)
(754, 645)
(755, 645)
(756, 645)
(757, 645)
(758, 645)
(759, 645)
(760, 645)
(761, 645)
(762, 645)
(763, 645)
(764, 645)
(765, 645)
(766, 645)
(767, 645)
(768, 645)
(769, 645)
(770, 645)
(771, 645)
(772, 645)
(773, 645)
(774, 645)
(775, 645)
(776, 645)
(777, 645)
(778, 645)
(779, 645)
(780, 645)
(781, 645)
(782, 645)
(783, 645)
(784, 645)
(785, 645)
(786, 645)
(787, 645)
(788, 645)
(789, 645)
(790, 645)
(791, 645)
(792, 645)
(793, 645)
(794, 645)
(795, 645)
(796, 645)
(797, 645)
(798, 645)
(799, 645)
(800, 645)
(801, 645)
(802, 645)
(803, 645)
(804, 645)
(805, 645)
(806, 645)
(807, 645)
(808, 645)
(809, 645)
(810, 645)
(811, 645)
(812, 645)
(813, 645)
(814, 645)
(815, 645)
(816, 645)
(817, 645)
(818, 645)
(819, 645)
(820, 645)
(821, 645)
(822, 645)
(823, 645)
(824, 645)
(825, 645)
(826, 645)
(827, 645)
(828, 645)
(829, 645)
(830, 645)
(831, 645)
(832, 645)
(833, 645)
(834, 645)
(835, 645)
(836, 645)
(837, 645)
(838, 645)
(839, 645)
(840, 645)
(841, 645)
(842, 645)
(843, 645)
(844, 645)
(845, 645)
(846, 645)
(847, 645)
(848, 645)
(849, 645)
(850, 645)
(851, 645)
(852, 645)
(853, 645)
(854, 645)
(855, 645)
(856, 645)
(857, 645)
(858, 645)
(859, 645)
(860, 645)
(861, 645)
(862, 645)
(863, 645)
(864, 645)
(865, 645)
(866, 645)
(867, 645)
(868, 645)
(869, 645)
(870, 645)
(871, 645)
(872, 645)
(873, 645)
(874, 645)
(875, 645)
(876, 645)
(877, 645)
(878, 645)
(879, 645)
(880, 645)
(881, 645)
(882, 645)
(883, 645)
(884, 645)
(885, 645)
(886, 645)
(887, 645)
(888, 645)
(889, 645)
(890, 645)
(891, 645)
(892, 645)
(893, 645)
(894, 645)
(895, 645)
(896, 645)
(897, 645)
(898, 645)
(899, 645)
(900, 645)
(901, 645)
(902, 645)
(903, 645)
(904, 645)
(905, 645)
(906, 645)
(907, 645)
(908, 645)
(909, 645)
(910, 645)
(911, 645)
(912, 645)
(913, 645)
(914, 645)
(915, 645)
(916, 645)
(917, 645)
(918, 645)
(919, 645)
(920, 645)
(921, 645)
(922, 645)
(923, 645)
(924, 645)
(925, 645)
(926, 645)
(927, 645)
(928, 645)
(929, 645)
(930, 645)
(931, 645)
(932, 645)
(933, 645)
(934, 645)
(935, 645)
(936, 645)
(937, 645)
(938, 645)
(939, 645)
(940, 645)
(941, 645)
(942, 645)
(943, 645)
(944, 645)
(945, 645)
(946, 645)
(947, 645)
(948, 645)
(949, 645)
(950, 645)
(951, 645)
(952, 645)
(953, 645)
(954, 645)
(955, 645)
(956, 645)
(957, 645)
(958, 645)
(959, 645)
(960, 645)
(961, 645)
(962, 645)
(963, 645)
(964, 645)
(965, 645)
(966, 645)
(967, 645)
(968, 645)
(969, 645)
(970, 645)
(971, 645)
(972, 645)
(973, 645)
(974, 645)
(975, 645)
(976, 645)
(977, 645)
(978, 645)
(979, 645)
(980, 645)
(981, 645)
(982, 645)
(983, 645)
(984, 645)
(985, 645)
(986, 645)
(987, 645)
(988, 645)
(989, 645)
(990, 645)
(991, 645)
(992, 645)
(993, 645)
(994, 645)
(995, 645)
(996, 645)
(997, 645)
(998, 645)
(999, 645)
(1000, 645)
(1001, 645)
(1002, 645)
(1003, 645)
(1004, 645)
(1005, 645)
(1006, 645)
(1007, 645)
(1008, 645)
(1009, 645)
(1010, 645)
(1011, 645)
(1012, 645)
(1013, 645)
(1014, 645)
(1015, 645)
(1016, 645)
(1017, 645)
(1018, 645)
(1019, 645)
(1020, 645)
(1021, 645)
(1022, 645)
(1023, 645)
(1024, 645)
(1025, 645)
(1026, 645)
(1027, 645)
(1028, 645)
(1029, 645)
(1030, 645)
(1031, 645)
(1032, 645)
(1033, 645)
(1034, 645)
(1035, 645)
(1036, 645)
(1037, 645)
(1038, 645)
(1039, 645)
(1040, 645)
(1041, 645)
(1042, 645)
(1043, 645)
(1044, 645)
(1045, 645)
(1046, 645)
(1047, 645)
(1048, 645)
(1049, 645)
(1050, 645)
(1051, 645)
(1052, 645)
(1053, 645)
(1054, 645)
(1055, 645)
(1056, 645)
(1057, 645)
(1058, 645)
(1059, 645)
(1060, 645)
(1061, 645)
(1062, 645)
(1063, 645)
(1064, 645)
(1065, 645)
(1066, 645)
(1067, 645)
(1068, 645)
(1069, 645)
(1070, 645)
(1071, 645)
(1072, 645)
(1073, 645)
(1074, 645)
(1075, 645)
(1076, 645)
(1077, 645)
(1078, 645)
(1079, 645)
(1080, 645)
(1081, 645)
(1082, 645)
(1083, 645)
(1084, 645)
(1085, 645)
(1086, 645)
(1087, 645)
(1088, 645)
(1089, 645)
(1090, 645)
(1091, 645)
(1092, 645)
(1093, 645)
(1094, 645)
(1095, 645)
(1096, 645)
(1097, 645)
(1098, 645)
(1099, 645)
(1100, 645)
(1101, 645)
(1102, 645)
(1103, 645)
(1104, 645)
(1105, 645)
(1106, 645)
(1107, 645)
(1108, 645)
(1109, 645)
(1110, 645)
(1111, 645)
(1112, 645)
(1113, 645)
(1114, 645)
(1115, 645)
(1116, 645)
(1117, 645)
(1118, 645)
(1119, 645)
(1120, 645)
(1121, 645)
(1122, 645)
(1123, 645)
(1124, 645)
(1125, 645)
(1126, 645)
(1127, 645)
(1128, 645)
(1129, 645)
(1130, 645)
(1131, 645)
(1132, 645)
(1133, 645)
(1134, 645)
(1135, 645)
(1136, 645)
(1137, 645)
(1138, 645)
(1139, 645)
(1140, 645)
(1141, 645)
(1142, 645)
(1143, 645)
(1144, 645)
(1145, 645)
(1146, 645)
(1147, 645)
(1148, 645)
(1149, 645)
(1150, 645)
(1151, 645)
(1152, 645)
(1153, 645)
(1154, 645)
(1155, 645)
(1156, 645)
(1157, 645)
(1158, 645)
(1159, 645)
(1160, 645)
(1161, 645)
(1162, 645)
(1163, 645)
(1164, 645)
(1165, 645)
(1166, 645)
(1167, 645)
(1168, 645)
(1169, 645)
(1170, 645)
(1171, 645)
(1172, 645)
(1173, 645)
(1174, 645)
(1175, 645)
(1176, 645)
(1177, 645)
(1178, 645)
(1179, 645)
(1180, 645)
(1181, 645)
(1182, 645)
(1183, 645)
(1184, 645)
(1185, 645)
(1186, 645)
(1187, 645)
(1188, 645)
(1189, 645)
(1190, 645)
(1191, 645)
(1192, 645)
(1193, 645)
(1194, 645)
(1195, 645)
(1196, 645)
(1197, 645)
(1198, 645)
(1199, 645)
(1200, 645)
(1201, 645)
(1202, 645)
(1203, 645)
(1204, 645)
(1205, 645)
(1206, 645)
(1207, 645)
(1208, 645)
(1209, 645)
(1210, 645)
(1211, 645)
(1212, 645)
(1213, 645)
(1214, 645)
(1215, 645)
(1216, 645)
(1217, 645)
(1218, 645)
(1219, 645)
(1220, 645)
(1221, 645)
(1222, 645)
(1223, 645)
(1224, 645)
(1225, 645)
(1226, 645)
(1227, 645)
(1228, 645)
(1229, 645)
(1230, 645)
(1231, 645)
(1232, 645)
(1233, 645)
(1234, 645)
(1235, 645)
(1236, 645)
(1237, 645)
(1238, 645)
(1239, 645)
(1240, 645)
(1241, 645)
(1242, 645)
(1243, 645)
(1244, 645)
(1245, 645)
(1246, 645)
(1247, 645)
(1248, 645)
(1249, 645)
(1250, 645)
(1251, 645)
(1252, 645)
(1253, 645)
(1254, 645)
(1255, 645)
(1256, 645)
(1257, 645)
(1258, 645)
(1259, 645)
(1260, 645)
(1261, 645)
(1262, 645)
(1263, 645)
(1264, 645)
(1265, 645)
(1266, 645)
(1267, 645)
(1268, 645)
(1269, 645)
(1270, 645)
(1271, 645)
(1272, 645)
(1273, 645)
(1274, 645)
(1275, 645)
(1276, 645)
(1277, 645)
(1278, 645)
(1279, 645)
(1280, 645)
(1281, 645)
(1282, 645)
(1283, 645)
(1284, 645)
(1285, 645)
(1286, 645)
(1287, 645)
(1288, 645)
(1288, 646)
(1288, 647)
(1289, 648)
(1289, 649)
(1289, 650)
(1290, 651)
(1290, 652)
(1290, 653)
(1291, 654)
(1291, 655)
(1291, 656)
(1292, 657)
(1292, 658)
(1292, 659)
(1293, 660)
(1293, 661)
(1293, 662)
(1294, 663)
(1294, 664)
(1294, 665)
(1295, 666)
(1295, 667)
(1295, 668)
(1296, 669)
(1296, 670)
(1296, 671)
(1297, 672)
(1297, 673)
(1297, 674)
(1298, 675)
(1298, 676)
(1298, 677)
(1299, 678)
(1299, 679)
(1299, 680)
(1300, 681)
(1300, 682)
(1300, 683)
(1301, 684)
(1301, 685)
(1301, 686)
(1302, 687)
(1302, 688)
(1302, 689)
(1303, 690)
(1303, 691)
(1303, 692)
(1304, 693)
(1304, 694)
(1304, 695)
(1305, 696)
(1305, 697)
(1305, 698)
(1306, 699)
(1306, 700)
(1306, 701)
(1307, 702)
(1307, 703)
(1307, 704)
(1308, 705)
(1308, 706)
(1308, 707)
(1309, 708)
(1309, 709)
(1309, 710)
(1310, 711)
(1310, 712)
(1310, 713)
(1310, 714)
(1311, 715)
(1311, 716)
(1311, 717)
(1312, 718)
(1312, 719)
(1312, 720)
(1313, 721)
(1313, 722)
(1313, 723)
(1314, 724)
(1314, 725)
(1314, 726)
(1315, 727)
(1315, 728)
(1315, 729)
(1316, 730)
(1316, 731)
(1316, 732)
(1317, 733)
(1317, 734)
(1317, 735)
(1318, 736)
(1318, 737)
(1318, 738)
(1319, 739)
(1319, 740)
(1319, 741)
(1320, 742)
(1320, 743)
(1320, 744)
(1321, 745)
(1321, 745)
(1320, 745)
(1319, 745)
(1318, 745)
(1317, 745)
(1316, 745)
(1315, 745)
(1314, 745)
(1313, 745)
(1312, 745)
(1311, 745)
(1310, 745)
(1309, 745)
(1308, 745)
(1307, 745)
(1306, 745)
(1305, 745)
(1304, 745)
(1303, 745)
(1302, 745)
(1301, 745)
(1300, 745)
(1299, 745)
(1298, 745)
(1297, 745)
(1296, 745)
(1295, 745)
(1294, 745)
(1293, 745)
(1292, 745)
(1291, 745)
(1290, 745)
(1289, 745)
(1288, 745)
(1287, 745)
(1286, 745)
(1285, 745)
(1284, 745)
(1283, 745)
(1282, 745)
(1281, 745)
(1280, 745)
(1279, 745)
(1278, 745)
(1277, 745)
(1276, 745)
(1275, 745)
(1274, 745)
(1273, 745)
(1272, 745)
(1271, 745)
(1270, 745)
(1269, 745)
(1268, 745)
(1267, 745)
(1266, 745)
(1265, 745)
(1264, 745)
(1263, 745)
(1262, 745)
(1261, 745)
(1260, 745)
(1259, 745)
(1258, 745)
(1257, 745)
(1256, 745)
(1255, 745)
(1254, 745)
(1253, 745)
(1252, 745)
(1251, 745)
(1250, 745)
(1249, 745)
(1248, 745)
(1247, 745)
(1246, 745)
(1245, 745)
(1244, 745)
(1243, 745)
(1242, 745)
(1241, 745)
(1240, 745)
(1239, 745)
(1238, 745)
(1237, 745)
(1236, 745)
(1235, 745)
(1234, 745)
(1233, 745)
(1232, 745)
(1231, 745)
(1230, 745)
(1229, 745)
(1228, 745)
(1227, 745)
(1226, 745)
(1225, 745)
(1224, 745)
(1223, 745)
(1222, 745)
(1221, 745)
(1220, 745)
(1219, 745)
(1218, 745)
(1217, 745)
(1216, 745)
(1215, 745)
(1214, 745)
(1213, 745)
(1212, 745)
(1211, 745)
(1210, 745)
(1209, 745)
(1208, 745)
(1207, 745)
(1206, 745)
(1205, 745)
(1204, 745)
(1203, 745)
(1202, 745)
(1201, 745)
(1200, 745)
(1199, 745)
(1198, 745)
(1197, 745)
(1196, 745)
(1195, 745)
(1194, 745)
(1193, 745)
(1192, 745)
(1191, 745)
(1190, 745)
(1189, 745)
(1188, 745)
(1187, 745)
(1186, 745)
(1185, 745)
(1184, 745)
(1183, 745)
(1182, 745)
(1181, 745)
(1180, 745)
(1179, 745)
(1178, 745)
(1177, 745)
(1176, 745)
(1175, 745)
(1174, 745)
(1173, 745)
(1172, 745)
(1171, 745)
(1170, 745)
(1169, 745)
(1168, 745)
(1167, 745)
(1166, 745)
(1165, 745)
(1164, 745)
(1163, 745)
(1162, 745)
(1161, 745)
(1160, 745)
(1159, 745)
(1158, 745)
(1157, 745)
(1156, 745)
(1155, 745)
(1154, 745)
(1153, 745)
(1152, 745)
(1151, 745)
(1150, 745)
(1149, 745)
(1148, 745)
(1147, 745)
(1146, 745)
(1145, 745)
(1144, 745)
(1143, 745)
(1142, 745)
(1141, 745)
(1140, 745)
(1139, 745)
(1138, 745)
(1137, 745)
(1136, 745)
(1135, 745)
(1134, 745)
(1133, 745)
(1132, 745)
(1131, 745)
(1130, 745)
(1129, 745)
(1128, 745)
(1127, 745)
(1126, 745)
(1125, 745)
(1124, 745)
(1123, 745)
(1122, 745)
(1121, 745)
(1120, 745)
(1119, 745)
(1118, 745)
(1117, 745)
(1116, 745)
(1115, 745)
(1114, 745)
(1113, 745)
(1112, 745)
(1111, 745)
(1110, 745)
(1109, 745)
(1108, 745)
(1107, 745)
(1106, 745)
(1105, 745)
(1104, 745)
(1103, 745)
(1102, 745)
(1101, 745)
(1100, 745)
(1099, 745)
(1098, 745)
(1097, 745)
(1096, 745)
(1095, 745)
(1094, 745)
(1093, 745)
(1092, 745)
(1091, 745)
(1090, 745)
(1089, 745)
(1088, 745)
(1087, 745)
(1086, 745)
(1085, 745)
(1084, 745)
(1083, 745)
(1082, 745)
(1081, 745)
(1080, 745)
(1079, 745)
(1078, 745)
(1077, 745)
(1076, 745)
(1075, 745)
(1074, 745)
(1073, 745)
(1072, 745)
(1071, 745)
(1070, 745)
(1069, 745)
(1068, 745)
(1067, 745)
(1066, 745)
(1065, 745)
(1064, 745)
(1063, 745)
(1062, 745)
(1061, 745)
(1060, 745)
(1059, 745)
(1058, 745)
(1057, 745)
(1056, 745)
(1055, 745)
(1054, 745)
(1053, 745)
(1052, 745)
(1051, 745)
(1050, 745)
(1049, 745)
(1048, 745)
(1047, 745)
(1046, 745)
(1045, 745)
(1044, 745)
(1043, 745)
(1042, 745)
(1041, 745)
(1040, 745)
(1039, 745)
(1038, 745)
(1037, 745)
(1036, 745)
(1035, 745)
(1034, 745)
(1033, 745)
(1032, 745)
(1031, 745)
(1030, 745)
(1029, 745)
(1028, 745)
(1027, 745)
(1026, 745)
(1025, 745)
(1024, 745)
(1023, 745)
(1022, 745)
(1021, 745)
(1020, 745)
(1019, 745)
(1018, 745)
(1017, 745)
(1016, 745)
(1015, 745)
(1014, 745)
(1013, 745)
(1012, 745)
(1011, 745)
(1010, 745)
(1009, 745)
(1008, 745)
(1007, 745)
(1006, 745)
(1005, 745)
(1004, 745)
(1003, 745)
(1002, 745)
(1001, 745)
(1000, 745)
(999, 745)
(998, 745)
(997, 745)
(996, 745)
(995, 745)
(994, 745)
(993, 745)
(992, 745)
(991, 745)
(990, 745)
(989, 745)
(988, 745)
(987, 745)
(986, 745)
(985, 745)
(984, 745)
(983, 745)
(982, 745)
(981, 745)
(980, 745)
(979, 745)
(978, 745)
(977, 745)
(976, 745)
(975, 745)
(974, 745)
(973, 745)
(972, 745)
(971, 745)
(970, 745)
(969, 745)
(968, 745)
(967, 745)
(966, 745)
(965, 745)
(964, 745)
(963, 745)
(962, 745)
(961, 745)
(960, 745)
(959, 745)
(958, 745)
(957, 745)
(956, 745)
(955, 745)
(954, 745)
(953, 745)
(952, 745)
(951, 745)
(950, 745)
(949, 745)
(948, 745)
(947, 745)
(946, 745)
(945, 745)
(944, 745)
(943, 745)
(942, 745)
(941, 745)
(940, 745)
(939, 745)
(938, 745)
(937, 745)
(936, 745)
(935, 745)
(934, 745)
(933, 745)
(932, 745)
(931, 745)
(930, 745)
(929, 745)
(928, 745)
(927, 745)
(926, 745)
(925, 745)
(924, 745)
(923, 745)
(922, 745)
(921, 745)
(920, 745)
(919, 745)
(918, 745)
(917, 745)
(916, 745)
(915, 745)
(914, 745)
(913, 745)
(912, 745)
(911, 745)
(910, 745)
(909, 745)
(908, 745)
(907, 745)
(906, 745)
(905, 745)
(904, 745)
(903, 745)
(902, 745)
(901, 745)
(900, 745)
(899, 745)
(898, 745)
(897, 745)
(896, 745)
(895, 745)
(894, 745)
(893, 745)
(892, 745)
(891, 745)
(890, 745)
(889, 745)
(888, 745)
(887, 745)
(886, 745)
(885, 745)
(884, 745)
(883, 745)
(882, 745)
(881, 745)
(880, 745)
(879, 745)
(878, 745)
(877, 745)
(876, 745)
(875, 745)
(874, 745)
(873, 745)
(872, 745)
(871, 745)
(870, 745)
(869, 745)
(868, 745)
(867, 745)
(866, 745)
(865, 745)
(864, 745)
(863, 745)
(862, 745)
(861, 745)
(860, 745)
(859, 745)
(858, 745)
(857, 745)
(856, 745)
(855, 745)
(854, 745)
(853, 745)
(852, 745)
(851, 745)
(850, 745)
(849, 745)
(848, 745)
(847, 745)
(846, 745)
(845, 745)
(844, 745)
(843, 745)
(842, 745)
(841, 745)
(840, 745)
(839, 745)
(838, 745)
(837, 745)
(836, 745)
(835, 745)
(834, 745)
(833, 745)
(832, 745)
(831, 745)
(830, 745)
(829, 745)
(828, 745)
(827, 745)
(826, 745)
(825, 745)
(824, 745)
(823, 745)
(822, 745)
(821, 745)
(820, 745)
(819, 745)
(818, 745)
(817, 745)
(816, 745)
(815, 745)
(814, 745)
(813, 745)
(812, 745)
(811, 745)
(810, 745)
(809, 745)
(808, 745)
(807, 745)
(806, 745)
(805, 745)
(804, 745)
(803, 745)
(802, 745)
(801, 745)
(800, 745)
(799, 745)
(798, 745)
(797, 745)
(796, 745)
(795, 745)
(794, 745)
(793, 745)
(792, 745)
(791, 745)
(790, 745)
(789, 745)
(788, 745)
(787, 745)
(786, 745)
(785, 745)
(784, 745)
(783, 745)
(782, 745)
(781, 745)
(780, 745)
(779, 745)
(778, 745)
(777, 745)
(776, 745)
(775, 745)
(774, 745)
(773, 745)
(772, 745)
(771, 745)
(770, 745)
(769, 745)
(768, 745)
(767, 745)
(766, 745)
(765, 745)
(764, 745)
(763, 745)
(762, 745)
(761, 745)
(760, 745)
(759, 745)
(758, 745)
(757, 745)
(756, 745)
(755, 745)
(754, 745)
(753, 745)
(752, 745)
(751, 745)
(750, 745)
(749, 745)
(748, 745)
(747, 745)
(746, 745)
(745, 745)
(744, 745)
(743, 745)
(742, 745)
(741, 745)
(740, 745)
(739, 745)
(738, 745)
(737, 745)
(736, 745)
(735, 745)
(734, 745)
(733, 745)
(732, 745)
(731, 745)
(730, 745)
(729, 745)
(728, 745)
(727, 745)
(726, 745)
(725, 745)
(724, 745)
(723, 745)
(722, 745)
(721, 745)
(720, 745)
(719, 745)
(718, 745)
(717, 745)
(716, 745)
(715, 745)
(714, 745)
(713, 745)
(712, 745)
(711, 745)
(710, 745)
(709, 745)
(708, 745)
(707, 745)
(706, 745)
(705, 745)
(704, 745)
(703, 745)
(702, 745)
(701, 745)
(700, 745)
(699, 745)
(698, 745)
(697, 745)
(696, 745)
(695, 745)
(694, 745)
(693, 745)
(692, 745)
(691, 745)
(690, 745)
(689, 745)
(688, 745)
(687, 745)
(686, 745)
(685, 745)
(684, 745)
(683, 745)
(682, 745)
(681, 745)
(680, 745)
(679, 745)
(678, 745)
(677, 745)
(676, 745)
(675, 745)
(674, 745)
(673, 745)
(672, 745)
(671, 745)
(670, 745)
(669, 745)
(668, 745)
(667, 745)
(666, 745)
(665, 745)
(664, 745)
(663, 745)
(662, 745)
(661, 745)
(660, 745)
(659, 745)
(658, 745)
(657, 745)
(656, 745)
(655, 745)
(654, 745)
(653, 745)
(652, 745)
(651, 745)
(650, 745)
(649, 745)
(648, 745)
(647, 745)
(646, 745)
(645, 745)
(644, 745)
(643, 745)
(642, 745)
(641, 745)
(640, 745)
(639, 745)
(638, 745)
(637, 745)
(636, 745)
(635, 745)
(634, 745)
(633, 745)
(632, 745)
(631, 745)
(630, 745)
(629, 745)
(628, 745)
(627, 745)
(626, 745)
(625, 745)
(624, 745)
(623, 745)
(622, 745)
(621, 745)
(620, 745)
(619, 745)
(618, 745)
(617, 745)
(616, 745)
(615, 745)
(614, 745)
(613, 745)
(612, 745)
(611, 745)
(610, 745)
(609, 745)
(608, 745)
(607, 745)
(606, 745)
(605, 745)
(604, 745)
(603, 745)
(602, 745)
(601, 745)
(600, 745)
(599, 745)
(598, 745)
(597, 745)
(596, 745)
(595, 745)
(594, 745)
(593, 745)
(592, 745)
(591, 745)
(590, 745)
(589, 745)
(588, 745)
(587, 745)
(586, 745)
(585, 745)
(584, 745)
(583, 745)
(582, 745)
(581, 745)
(580, 745)
(579, 745)
(578, 745)
(577, 745)
(576, 745)
(575, 745)
(574, 745)
(573, 745)
(572, 745)
(571, 745)
(570, 745)
(569, 745)
(568, 745)
(567, 745)
(566, 745)
(565, 745)
(564, 745)
(563, 745)
(562, 745)
(561, 745)
(560, 745)
(559, 745)
(558, 745)
(557, 745)
(556, 745)
(555, 745)
(554, 745)
(553, 745)
(552, 745)
(551, 745)
(550, 745)
(549, 745)
(548, 745)
(547, 745)
(546, 745)
(545, 745)
(544, 745)
(543, 745)
(542, 745)
(541, 745)
(540, 745)
(539, 745)
(538, 745)
(537, 745)
(536, 745)
(535, 745)
(534, 745)
(533, 745)
(532, 745)
(531, 745)
(530, 745)
(529, 745)
(528, 745)
(527, 745)
(526, 745)
(525, 745)
(524, 745)
(523, 745)
(522, 745)
(521, 745)
(520, 745)
(519, 745)
(518, 745)
(517, 745)
(516, 745)
(515, 745)
(514, 745)
(513, 745)
(512, 745)
(511, 745)
(510, 745)
(509, 745)
(508, 745)
(507, 745)
(506, 745)
(505, 745)
(504, 745)
(503, 745)
(502, 745)
(501, 745)
(500, 745)
(499, 745)
(498, 745)
(497, 745)
(496, 745)
(495, 745)
(494, 745)
(493, 745)
(492, 745)
(491, 745)
(490, 745)
(489, 745)
(488, 745)
(487, 745)
(486, 745)
(485, 745)
(484, 745)
(483, 745)
(482, 745)
(481, 745)
(480, 745)
(479, 745)
(478, 745)
(477, 745)
(476, 745)
(475, 745)
(474, 745)
(473, 745)
(472, 745)
(471, 745)
(470, 745)
(469, 745)
(468, 745)
(467, 745)
(466, 745)
(465, 745)
(464, 745)
(463, 745)
(462, 745)
(461, 745)
(460, 745)
(459, 745)
(458, 745)
(457, 745)
(456, 745)
(455, 745)
(454, 745)
(453, 745)
(452, 745)
(451, 745)
(450, 745)
(449, 745)
(448, 745)
(447, 745)
(446, 745)
(445, 745)
(444, 745)
(443, 745)
(442, 745)
(441, 745)
(440, 745)
(439, 745)
(438, 745)
(437, 745)
(436, 745)
(435, 745)
(434, 745)
(433, 745)
(432, 745)
(431, 745)
(430, 745)
(429, 745)
(428, 745)
(427, 745)
(426, 745)
(425, 745)
(424, 745)
(423, 745)
(422, 745)
(421, 745)
(420, 745)
(419, 745)
(418, 745)
(417, 745)
(416, 745)
(415, 745)
(414, 745)
(413, 745)
(412, 745)
(411, 745)
(410, 745)
(409, 745)
(408, 745)
(407, 745)
(406, 745)
(405, 745)
(404, 745)
(403, 745)
(402, 745)
(401, 745)
(400, 745)
(399, 745)
(398, 745)
(397, 745)
(396, 745)
(395, 745)
(394, 745)
(393, 745)
(392, 745)
(391, 745)
(390, 745)
(389, 745)
(388, 745)
(387, 745)
(386, 745)
(385, 745)
(384, 745)
(383, 745)
(382, 745)
(381, 745)
(380, 745)
(379, 745)
(378, 745)
(377, 745)
(376, 745)
(375, 745)
(374, 745)
(373, 745)
(372, 745)
(371, 745)
(370, 745)
(369, 745)
(368, 745)
(367, 745)
(366, 745)
(365, 745)
(364, 745)
(363, 745)
(362, 745)
(361, 745)
(360, 745)
(359, 745)
(358, 745)
(357, 745)
(356, 745)
(355, 745)
(354, 745)
(353, 745)
(352, 745)
(351, 745)
(350, 745)
(349, 745)
(348, 745)
(347, 745)
(346, 745)
(345, 745)
(344, 745)
(343, 745)
(342, 745)
(341, 745)
(340, 745)
(339, 745)
(338, 745)
(337, 745)
(336, 745)
(335, 745)
(334, 745)
(333, 745)
(332, 745)
(331, 745)
(330, 745)
(329, 745)
(328, 745)
(327, 745)
(326, 745)
(325, 745)
(324, 745)
(323, 745)
(322, 745)
(321, 745)
(320, 745)
(319, 745)
(318, 745)
(317, 745)
(316, 745)
(315, 745)
(314, 745)
(313, 745)
(312, 745)
(311, 745)
(310, 745)
(309, 745)
(308, 745)
(307, 745)
(306, 745)
(305, 745)
(304, 745)
(303, 745)
(302, 745)
(301, 745)
(300, 745)
(299, 745)
(298, 745)
(297, 745)
(296, 745)
(295, 745)
(294, 745)
(293, 745)
(292, 745)
(291, 745)
(290, 745)
(289, 745)
(288, 745)
(287, 745)
(286, 745)
(285, 745)
(284, 745)
(283, 745)
(282, 745)
(281, 745)
(280, 745)
(279, 745)
(278, 745)
(277, 745)
(276, 745)
(275, 745)
(274, 745)
(273, 745)
(272, 745)
(271, 745)
(270, 745)
(269, 745)
(268, 745)
(267, 745)
(266, 745)
(265, 745)
(264, 745)
(263, 745)
(262, 745)
(261, 745)
(260, 745)
(259, 745)
(258, 745)
(257, 745)
(256, 745)
(255, 745)
(254, 745)
(253, 745)
(252, 745)
(251, 745)
(250, 745)
(249, 745)
(248, 745)
(247, 745)
(246, 745)
(245, 745)
(244, 745)
(243, 745)
(242, 745)
(241, 745)
(240, 745)
(239, 745)
(238, 745)
(237, 745)
(236, 745)
(235, 745)
(234, 745)
(233, 745)
(232, 745)
(231, 745)
(230, 745)
(229, 745)
(228, 745)
(227, 745)
(226, 745)
(225, 745)
(224, 745)
(223, 745)
(222, 745)
(221, 745)
(220, 745)
(219, 745)
(218, 745)
(217, 745)
(216, 745)
(215, 745)
(214, 745)
(213, 745)
(212, 745)
(211, 745)
(210, 745)
(209, 745)
(208, 745)
(207, 745)
(206, 745)
(205, 745)
(204, 745)
(203, 745)
(202, 745)
(201, 745)
(200, 745)
(199, 745)
(198, 745)
(197, 745)
(196, 745)
(195, 745)
(194, 745)
(193, 745)
(192, 745)
(191, 745)
(190, 745)
(189, 745)
(188, 745)
(187, 745)
(186, 745)
(185, 745)
(184, 745)
(183, 745)
(182, 745)
(181, 745)
(180, 745)
(179, 745)
(178, 745)
(177, 745)
(176, 745)
(175, 745)
(174, 745)
(173, 745)
(172, 745)
(171, 745)
(170, 745)
(169, 745)
(168, 745)
(167, 745)
(166, 745)
(165, 745)
(164, 745)
(163, 745)
(162, 745)
(161, 745)
(160, 745)
(159, 745)
(158, 745)
(157, 745)
(156, 745)
(155, 745)
(154, 745)
(153, 745)
(152, 745)
(151, 745)
(150, 745)
(149, 745)
(148, 745)
(147, 745)
(146, 745)
(145, 745)
(144, 745)
(143, 745)
(142, 745)
(141, 745)
(140, 745)
(139, 745)
(138, 745)
(137, 745)
(136, 745)
(135, 745)
(134, 745)
(133, 745)
(132, 745)
(133, 748)
(134, 751)
(135, 754)
(136, 757)
(137, 760)
(138, 762)
(138, 763)
(139, 765)
(139, 766)
(140, 768)
(140, 769)
(141, 771)
(141, 772)
(142, 774)
(142, 775)
(143, 777)
(143, 778)
(144, 780)
(144, 781)
(145, 783)
(145, 784)
(146, 786)
(146, 787)
(147, 789)
(147, 790)
(148, 792)
(148, 793)
(149, 795)
(149, 796)
(150, 798)
(150, 799)
(151, 801)
(151, 802)
(152, 804)
(152, 805)
(153, 807)
(153, 808)
(154, 810)
(154, 811)
(155, 812)
(155, 813)
(155, 814)
(156, 815)
(156, 816)
(156, 817)
(157, 818)
(157, 819)
(157, 820)
(158, 821)
(158, 822)
(158, 823)
(159, 824)
(159, 825)
(159, 826)
(160, 827)
(160, 828)
(160, 829)
(161, 830)
(161, 831)
(161, 832)
(162, 833)
(162, 834)
(162, 835)
(163, 836)
(163, 837)
(163, 838)
(164, 839)
(164, 840)
(164, 841)
(165, 842)
(165, 843)
(165, 844)
(166, 845)
(166, 845)
(167, 845)
(168, 845)
(169, 845)
(170, 845)
(171, 845)
(172, 845)
(173, 845)
(174, 845)
(175, 845)
(176, 845)
(177, 845)
(178, 845)
(179, 845)
(180, 845)
(181, 845)
(182, 845)
(183, 845)
(184, 845)
(185, 845)
(186, 845)
(187, 845)
(188, 845)
(189, 845)
(190, 845)
(191, 845)
(192, 845)
(193, 845)
(194, 845)
(195, 845)
(196, 845)
(197, 845)
(198, 845)
(199, 845)
(200, 845)
(201, 845)
(202, 845)
(203, 845)
(204, 845)
(205, 845)
(206, 845)
(207, 845)
(208, 845)
(209, 845)
(210, 845)
(211, 845)
(212, 845)
(213, 845)
(214, 845)
(215, 845)
(216, 845)
(217, 845)
(218, 845)
(219, 845)
(220, 845)
(221, 845)
(222, 845)
(223, 845)
(224, 845)
(225, 845)
(226, 845)
(227, 845)
(228, 845)
(229, 845)
(230, 845)
(231, 845)
(232, 845)
(233, 845)
(234, 845)
(235, 845)
(236, 845)
(237, 845)
(238, 845)
(239, 845)
(240, 845)
(241, 845)
(242, 845)
(243, 845)
(244, 845)
(245, 845)
(246, 845)
(247, 845)
(248, 845)
(249, 845)
(250, 845)
(251, 845)
(252, 845)
(253, 845)
(254, 845)
(255, 845)
(256, 845)
(257, 845)
(258, 845)
(259, 845)
(260, 845)
(261, 845)
(262, 845)
(263, 845)
(264, 845)
(265, 845)
(266, 845)
(267, 845)
(268, 845)
(269, 845)
(270, 845)
(271, 845)
(272, 845)
(273, 845)
(274, 845)
(275, 845)
(276, 845)
(277, 845)
(278, 845)
(279, 845)
(280, 845)
(281, 845)
(282, 845)
(283, 845)
(284, 845)
(285, 845)
(286, 845)
(287, 845)
(288, 845)
(289, 845)
(290, 845)
(291, 845)
(292, 845)
(293, 845)
(294, 845)
(295, 845)
(296, 845)
(297, 845)
(298, 845)
(299, 845)
(300, 845)
(301, 845)
(302, 845)
(303, 845)
(304, 845)
(305, 845)
(306, 845)
(307, 845)
(308, 845)
(309, 845)
(310, 845)
(311, 845)
(312, 845)
(313, 845)
(314, 845)
(315, 845)
(316, 845)
(317, 845)
(318, 845)
(319, 845)
(320, 845)
(321, 845)
(322, 845)
(323, 845)
(324, 845)
(325, 845)
(326, 845)
(327, 845)
(328, 845)
(329, 845)
(330, 845)
(331, 845)
(332, 845)
(333, 845)
(334, 845)
(335, 845)
(336, 845)
(337, 845)
(338, 845)
(339, 845)
(340, 845)
(341, 845)
(342, 845)
(343, 845)
(344, 845)
(345, 845)
(346, 845)
(347, 845)
(348, 845)
(349, 845)
(350, 845)
(351, 845)
(352, 845)
(353, 845)
(354, 845)
(355, 845)
(356, 845)
(357, 845)
(358, 845)
(359, 845)
(360, 845)
(361, 845)
(362, 845)
(363, 845)
(364, 845)
(365, 845)
(366, 845)
(367, 845)
(368, 845)
(369, 845)
(370, 845)
(371, 845)
(372, 845)
(373, 845)
(374, 845)
(375, 845)
(376, 845)
(377, 845)
(378, 845)
(379, 845)
(380, 845)
(381, 845)
(382, 845)
(383, 845)
(384, 845)
(385, 845)
(386, 845)
(387, 845)
(388, 845)
(389, 845)
(390, 845)
(391, 845)
(392, 845)
(393, 845)
(394, 845)
(395, 845)
(396, 845)
(397, 845)
(398, 845)
(399, 845)
(400, 845)
(401, 845)
(402, 845)
(403, 845)
(404, 845)
(405, 845)
(406, 845)
(407, 845)
(408, 845)
(409, 845)
(410, 845)
(411, 845)
(412, 845)
(413, 845)
(414, 845)
(415, 845)
(416, 845)
(417, 845)
(418, 845)
(419, 845)
(420, 845)
(421, 845)
(422, 845)
(423, 845)
(424, 845)
(425, 845)
(426, 845)
(427, 845)
(428, 845)
(429, 845)
(430, 845)
(431, 845)
(432, 845)
(433, 845)
(434, 845)
(435, 845)
(436, 845)
(437, 845)
(438, 845)
(439, 845)
(440, 845)
(441, 845)
(442, 845)
(443, 845)
(444, 845)
(445, 845)
(446, 845)
(447, 845)
(448, 845)
(449, 845)
(450, 845)
(451, 845)
(452, 845)
(453, 845)
(454, 845)
(455, 845)
(456, 845)
(457, 845)
(458, 845)
(459, 845)
(460, 845)
(461, 845)
(462, 845)
(463, 845)
(464, 845)
(465, 845)
(466, 845)
(467, 845)
(468, 845)
(469, 845)
(470, 845)
(471, 845)
(472, 845)
(473, 845)
(474, 845)
(475, 845)
(476, 845)
(477, 845)
(478, 845)
(479, 845)
(480, 845)
(481, 845)
(482, 845)
(483, 845)
(484, 845)
(485, 845)
(486, 845)
(487, 845)
(488, 845)
(489, 845)
(490, 845)
(491, 845)
(492, 845)
(493, 845)
(494, 845)
(495, 845)
(496, 845)
(497, 845)
(498, 845)
(499, 845)
(500, 845)
(501, 845)
(502, 845)
(503, 845)
(504, 845)
(505, 845)
(506, 845)
(507, 845)
(508, 845)
(509, 845)
(510, 845)
(511, 845)
(512, 845)
(513, 845)
(514, 845)
(515, 845)
(516, 845)
(517, 845)
(518, 845)
(519, 845)
(520, 845)
(521, 845)
(522, 845)
(523, 845)
(524, 845)
(525, 845)
(526, 845)
(527, 845)
(528, 845)
(529, 845)
(530, 845)
(531, 845)
(532, 845)
(533, 845)
(534, 845)
(535, 845)
(536, 845)
(537, 845)
(538, 845)
(539, 845)
(540, 845)
(541, 845)
(542, 845)
(543, 845)
(544, 845)
(545, 845)
(546, 845)
(547, 845)
(548, 845)
(549, 845)
(550, 845)
(551, 845)
(552, 845)
(553, 845)
(554, 845)
(555, 845)
(556, 845)
(557, 845)
(558, 845)
(559, 845)
(560, 845)
(561, 845)
(562, 845)
(563, 845)
(564, 845)
(565, 845)
(566, 845)
(567, 845)
(568, 845)
(569, 845)
(570, 845)
(571, 845)
(572, 845)
(573, 845)
(574, 845)
(575, 845)
(576, 845)
(577, 845)
(578, 845)
(579, 845)
(580, 845)
(581, 845)
(582, 845)
(583, 845)
(584, 845)
(585, 845)
(586, 845)
(587, 845)
(588, 845)
(589, 845)
(590, 845)
(591, 845)
(592, 845)
(593, 845)
(594, 845)
(595, 845)
(596, 845)
(597, 845)
(598, 845)
(599, 845)
(600, 845)
(601, 845)
(602, 845)
(603, 845)
(604, 845)
(605, 845)
(606, 845)
(607, 845)
(608, 845)
(609, 845)
(610, 845)
(611, 845)
(612, 845)
(613, 845)
(614, 845)
(615, 845)
(616, 845)
(617, 845)
(618, 845)
(619, 845)
(620, 845)
(621, 845)
(622, 845)
(623, 845)
(624, 845)
(625, 845)
(626, 845)
(627, 845)
(628, 845)
(629, 845)
(630, 845)
(631, 845)
(632, 845)
(633, 845)
(634, 845)
(635, 845)
(636, 845)
(637, 845)
(638, 845)
(639, 845)
(640, 845)
(641, 845)
(642, 845)
(643, 845)
(644, 845)
(645, 845)
(646, 845)
(647, 845)
(648, 845)
(649, 845)
(650, 845)
(651, 845)
(652, 845)
(653, 845)
(654, 845)
(655, 845)
(656, 845)
(657, 845)
(658, 845)
(659, 845)
(660, 845)
(661, 845)
(662, 845)
(663, 845)
(664, 845)
(665, 845)
(666, 845)
(667, 845)
(668, 845)
(669, 845)
(670, 845)
(671, 845)
(672, 845)
(673, 845)
(674, 845)
(675, 845)
(676, 845)
(677, 845)
(678, 845)
(679, 845)
(680, 845)
(681, 845)
(682, 845)
(683, 845)
(684, 845)
(685, 845)
(686, 845)
(687, 845)
(688, 845)
(689, 845)
(690, 845)
(691, 845)
(692, 845)
(693, 845)
(694, 845)
(695, 845)
(696, 845)
(697, 845)
(698, 845)
(699, 845)
(700, 845)
(701, 845)
(702, 845)
(703, 845)
(704, 845)
(705, 845)
(706, 845)
(707, 845)
(708, 845)
(709, 845)
(710, 845)
(711, 845)
(712, 845)
(713, 845)
(714, 845)
(715, 845)
(716, 845)
(717, 845)
(718, 845)
(719, 845)
(720, 845)
(721, 845)
(722, 845)
(723, 845)
(724, 845)
(725, 845)
(726, 845)
(727, 845)
(728, 845)
(729, 845)
(730, 845)
(731, 845)
(732, 845)
(733, 845)
(734, 845)
(735, 845)
(736, 845)
(737, 845)
(738, 845)
(739, 845)
(740, 845)
(741, 845)
(742, 845)
(743, 845)
(744, 845)
(745, 845)
(746, 845)
(747, 845)
(748, 845)
(749, 845)
(750, 845)
(751, 845)
(752, 845)
(753, 845)
(754, 845)
(755, 845)
(756, 845)
(757, 845)
(758, 845)
(759, 845)
(760, 845)
(761, 845)
(762, 845)
(763, 845)
(764, 845)
(765, 845)
(766, 845)
(767, 845)
(768, 845)
(769, 845)
(770, 845)
(771, 845)
(772, 845)
(773, 845)
(774, 845)
(775, 845)
(776, 845)
(777, 845)
(778, 845)
(779, 845)
(780, 845)
(781, 845)
(782, 845)
(783, 845)
(784, 845)
(785, 845)
(786, 845)
(787, 845)
(788, 845)
(789, 845)
(790, 845)
(791, 845)
(792, 845)
(793, 845)
(794, 845)
(795, 845)
(796, 845)
(797, 845)
(798, 845)
(799, 845)
(800, 845)
(801, 845)
(802, 845)
(803, 845)
(804, 845)
(805, 845)
(806, 845)
(807, 845)
(808, 845)
(809, 845)
(810, 845)
(811, 845)
(812, 845)
(813, 845)
(814, 845)
(815, 845)
(816, 845)
(817, 845)
(818, 845)
(819, 845)
(820, 845)
(821, 845)
(822, 845)
(823, 845)
(824, 845)
(825, 845)
(826, 845)
(827, 845)
(828, 845)
(829, 845)
(830, 845)
(831, 845)
(832, 845)
(833, 845)
(834, 845)
(835, 845)
(836, 845)
(837, 845)
(838, 845)
(839, 845)
(840, 845)
(841, 845)
(842, 845)
(843, 845)
(844, 845)
(845, 845)
(846, 845)
(847, 845)
(848, 845)
(849, 845)
(850, 845)
(851, 845)
(852, 845)
(853, 845)
(854, 845)
(855, 845)
(856, 845)
(857, 845)
(858, 845)
(859, 845)
(860, 845)
(861, 845)
(862, 845)
(863, 845)
(864, 845)
(865, 845)
(866, 845)
(867, 845)
(868, 845)
(869, 845)
(870, 845)
(871, 845)
(872, 845)
(873, 845)
(874, 845)
(875, 845)
(876, 845)
(877, 845)
(878, 845)
(879, 845)
(880, 845)
(881, 845)
(882, 845)
(883, 845)
(884, 845)
(885, 845)
(886, 845)
(887, 845)
(888, 845)
(889, 845)
(890, 845)
(891, 845)
(892, 845)
(893, 845)
(894, 845)
(895, 845)
(896, 845)
(897, 845)
(898, 845)
(899, 845)
(900, 845)
(901, 845)
(902, 845)
(903, 845)
(904, 845)
(905, 845)
(906, 845)
(907, 845)
(908, 845)
(909, 845)
(910, 845)
(911, 845)
(912, 845)
(913, 845)
(914, 845)
(915, 845)
(916, 845)
(917, 845)
(918, 845)
(919, 845)
(920, 845)
(921, 845)
(922, 845)
(923, 845)
(924, 845)
(925, 845)
(926, 845)
(927, 845)
(928, 845)
(929, 845)
(930, 845)
(931, 845)
(932, 845)
(933, 845)
(934, 845)
(935, 845)
(936, 845)
(937, 845)
(938, 845)
(939, 845)
(940, 845)
(941, 845)
(942, 845)
(943, 845)
(944, 845)
(945, 845)
(946, 845)
(947, 845)
(948, 845)
(949, 845)
(950, 845)
(951, 845)
(952, 845)
(953, 845)
(954, 845)
(955, 845)
(956, 845)
(957, 845)
(958, 845)
(959, 845)
(960, 845)
(961, 845)
(962, 845)
(963, 845)
(964, 845)
(965, 845)
(966, 845)
(967, 845)
(968, 845)
(969, 845)
(970, 845)
(971, 845)
(972, 845)
(973, 845)
(974, 845)
(975, 845)
(976, 845)
(977, 845)
(978, 845)
(979, 845)
(980, 845)
(981, 845)
(982, 845)
(983, 845)
(984, 845)
(985, 845)
(986, 845)
(987, 845)
(988, 845)
(989, 845)
(990, 845)
(991, 845)
(992, 845)
(993, 845)
(994, 845)
(995, 845)
(996, 845)
(997, 845)
(998, 845)
(999, 845)
(1000, 845)
(1001, 845)
(1002, 845)
(1003, 845)
(1004, 845)
(1005, 845)
(1006, 845)
(1007, 845)
(1008, 845)
(1009, 845)
(1010, 845)
(1011, 845)
(1012, 845)
(1013, 845)
(1014, 845)
(1015, 845)
(1016, 845)
(1017, 845)
(1018, 845)
(1019, 845)
(1020, 845)
(1021, 845)
(1022, 845)
(1023, 845)
(1024, 845)
(1025, 845)
(1026, 845)
(1027, 845)
(1028, 845)
(1029, 845)
(1030, 845)
(1031, 845)
(1032, 845)
(1033, 845)
(1034, 845)
(1035, 845)
(1036, 845)
(1037, 845)
(1038, 845)
(1039, 845)
(1040, 845)
(1041, 845)
(1042, 845)
(1043, 845)
(1044, 845)
(1045, 845)
(1046, 845)
(1047, 845)
(1048, 845)
(1049, 845)
(1050, 845)
(1051, 845)
(1052, 845)
(1053, 845)
(1054, 845)
(1055, 845)
(1056, 845)
(1057, 845)
(1058, 845)
(1059, 845)
(1060, 845)
(1061, 845)
(1062, 845)
(1063, 845)
(1064, 845)
(1065, 845)
(1066, 845)
(1067, 845)
(1068, 845)
(1069, 845)
(1070, 845)
(1071, 845)
(1072, 845)
(1073, 845)
(1074, 845)
(1075, 845)
(1076, 845)
(1077, 845)
(1078, 845)
(1079, 845)
(1080, 845)
(1081, 845)
(1082, 845)
(1083, 845)
(1084, 845)
(1085, 845)
(1086, 845)
(1087, 845)
(1088, 845)
(1089, 845)
(1090, 845)
(1091, 845)
(1092, 845)
(1093, 845)
(1094, 845)
(1095, 845)
(1096, 845)
(1097, 845)
(1098, 845)
(1099, 845)
(1100, 845)
(1101, 845)
(1102, 845)
(1103, 845)
(1104, 845)
(1105, 845)
(1106, 845)
(1107, 845)
(1108, 845)
(1109, 845)
(1110, 845)
(1111, 845)
(1112, 845)
(1113, 845)
(1114, 845)
(1115, 845)
(1116, 845)
(1117, 845)
(1118, 845)
(1119, 845)
(1120, 845)
(1121, 845)
(1122, 845)
(1123, 845)
(1124, 845)
(1125, 845)
(1126, 845)
(1127, 845)
(1128, 845)
(1129, 845)
(1130, 845)
(1131, 845)
(1132, 845)
(1133, 845)
(1134, 845)
(1135, 845)
(1136, 845)
(1137, 845)
(1138, 845)
(1139, 845)
(1140, 845)
(1141, 845)
(1142, 845)
(1143, 845)
(1144, 845)
(1145, 845)
(1146, 845)
(1147, 845)
(1148, 845)
(1149, 845)
(1150, 845)
(1151, 845)
(1152, 845)
(1153, 845)
(1154, 845)
(1155, 845)
(1156, 845)
(1157, 845)
(1158, 845)
(1159, 845)
(1160, 845)
(1161, 845)
(1162, 845)
(1163, 845)
(1164, 845)
(1165, 845)
(1166, 845)
(1167, 845)
(1168, 845)
(1169, 845)
(1170, 845)
(1171, 845)
(1172, 845)
(1173, 845)
(1174, 845)
(1175, 845)
(1176, 845)
(1177, 845)
(1178, 845)
(1179, 845)
(1180, 845)
(1181, 845)
(1182, 845)
(1183, 845)
(1184, 845)
(1185, 845)
(1186, 845)
(1187, 845)
(1188, 845)
(1189, 845)
(1190, 845)
(1191, 845)
(1192, 845)
(1193, 845)
(1194, 845)
(1195, 845)
(1196, 845)
(1197, 845)
(1198, 845)
(1199, 845)
(1200, 845)
(1201, 845)
(1202, 845)
(1203, 845)
(1204, 845)
(1205, 845)
(1206, 845)
(1207, 845)
(1208, 845)
(1209, 845)
(1210, 845)
(1211, 845)
(1212, 845)
(1213, 845)
(1214, 845)
(1215, 845)
(1216, 845)
(1217, 845)
(1218, 845)
(1219, 845)
(1220, 845)
(1221, 845)
(1222, 845)
(1223, 845)
(1224, 845)
(1225, 845)
(1226, 845)
(1227, 845)
(1228, 845)
(1229, 845)
(1230, 845)
(1231, 845)
(1232, 845)
(1233, 845)
(1234, 845)
(1235, 845)
(1236, 845)
(1237, 845)
(1238, 845)
(1239, 845)
(1240, 845)
(1241, 845)
(1242, 845)
(1243, 845)
(1244, 845)
(1245, 845)
(1246, 845)
(1247, 845)
(1248, 845)
(1249, 845)
(1250, 845)
(1251, 845)
(1252, 845)
(1253, 845)
(1254, 845)
(1255, 845)
(1256, 845)
(1257, 845)
(1258, 845)
(1259, 845)
(1260, 845)
(1261, 845)
(1262, 845)
(1263, 845)
(1264, 845)
(1265, 845)
(1266, 845)
(1267, 845)
(1268, 845)
(1269, 845)
(1270, 845)
(1271, 845)
(1272, 845)
(1273, 845)
(1274, 845)
(1275, 845)
(1276, 845)
(1277, 845)
(1278, 845)
(1279, 845)
(1280, 845)
(1281, 845)
(1282, 845)
(1283, 845)
(1284, 845)
(1285, 845)
(1286, 845)
(1287, 845)
(1288, 845)
(1289, 845)
(1290, 845)
(1291, 845)
(1292, 845)
(1293, 845)
(1294, 845)
(1295, 845)
(1296, 845)
(1297, 845)
(1298, 845)
(1299, 845)
(1300, 845)
(1301, 845)
(1302, 845)
(1303, 845)
(1304, 845)
(1305, 845)
(1306, 845)
(1307, 845)
(1308, 845)
(1309, 845)
(1310, 845)
(1311, 845)
(1312, 845)
(1313, 845)
(1314, 845)
(1315, 845)
(1316, 845)
(1317, 845)
(1318, 845)
(1319, 845)
(1320, 845)
(1321, 845)
(1322, 845)
(1323, 845)
(1324, 845)
(1325, 845)
(1326, 845)
(1327, 845)
(1328, 845)
(1329, 845)
(1330, 845)
(1331, 845)
(1332, 845)
(1333, 845)
(1334, 845)
(1335, 845)
(1336, 845)
(1337, 845)
(1338, 845)
(1339, 845)
(1340, 845)
(1341, 845)
(1342, 845)
(1343, 845)
(1344, 845)
(1345, 845)
(1346, 845)
(1347, 845)
(1348, 845)
(1349, 845)
(1350, 845)
(1351, 845)
(1352, 845)
(1353, 845)
(1353, 846)
(1353, 847)
(1354, 848)
(1354, 849)
(1354, 850)
(1355, 851)
(1355, 852)
(1355, 853)
(1356, 854)
(1356, 855)
(1356, 856)
(1357, 857)
(1357, 858)
(1357, 859)
(1358, 860)
(1358, 861)
(1358, 862)
(1359, 863)
(1359, 864)
(1359, 865)
(1360, 866)
(1360, 867)
(1360, 868)
(1361, 869)
(1361, 870)
(1361, 871)
(1362, 872)
(1362, 873)
(1362, 874)
(1363, 875)
(1363, 876)
(1363, 877)
(1364, 878)
(1364, 879)
(1364, 880)
(1365, 881)
(1365, 882)
(1365, 883)
(1366, 884)
(1366, 885)
(1366, 886)
(1367, 887)
(1367, 888)
(1367, 889)
(1368, 890)
(1368, 891)
(1368, 892)
(1369, 893)
(1369, 894)
(1369, 895)
(1370, 896)
(1370, 897)
(1370, 898)
(1371, 899)
(1371, 900)
(1371, 901)
(1372, 902)
(1372, 903)
(1372, 904)
(1373, 905)
(1373, 906)
(1373, 907)
(1374, 908)
(1374, 909)
(1374, 910)
(1375, 911)
(1375, 912)
(1375, 913)
(1375, 914)
(1376, 915)
(1376, 916)
(1376, 917)
(1377, 918)
(1377, 919)
(1377, 920)
(1378, 921)
(1378, 922)
(1378, 923)
(1379, 924)
(1379, 925)
(1379, 926)
(1380, 927)
(1380, 928)
(1380, 929)
(1381, 930)
(1381, 931)
(1381, 932)
(1382, 933)
(1382, 934)
(1382, 935)
(1383, 936)
(1383, 937)
(1383, 938)
(1384, 939)
(1384, 940)
(1384, 941)
(1385, 942)
(1385, 943)
(1385, 944)
(1386, 945)
(1386, 945)
(1385, 945)
(1384, 945)
(1383, 945)
(1382, 945)
(1381, 945)
(1380, 945)
(1379, 945)
(1378, 945)
(1377, 945)
(1376, 945)
(1375, 945)
(1374, 945)
(1373, 945)
(1372, 945)
(1371, 945)
(1370, 945)
(1369, 945)
(1368, 945)
(1367, 945)
(1366, 945)
(1365, 945)
(1364, 945)
(1363, 945)
(1362, 945)
(1361, 945)
(1360, 945)
(1359, 945)
(1358, 945)
(1357, 945)
(1356, 945)
(1355, 945)
(1354, 945)
(1353, 945)
(1352, 945)
(1351, 945)
(1350, 945)
(1349, 945)
(1348, 945)
(1347, 945)
(1346, 945)
(1345, 945)
(1344, 945)
(1343, 945)
(1342, 945)
(1341, 945)
(1340, 945)
(1339, 945)
(1338, 945)
(1337, 945)
(1336, 945)
(1335, 945)
(1334, 945)
(1333, 945)
(1332, 945)
(1331, 945)
(1330, 945)
(1329, 945)
(1328, 945)
(1327, 945)
(1326, 945)
(1325, 945)
(1324, 945)
(1323, 945)
(1322, 945)
(1321, 945)
(1320, 945)
(1319, 945)
(1318, 945)
(1317, 945)
(1316, 945)
(1315, 945)
(1314, 945)
(1313, 945)
(1312, 945)
(1311, 945)
(1310, 945)
(1309, 945)
(1308, 945)
(1307, 945)
(1306, 945)
(1305, 945)
(1304, 945)
(1303, 945)
(1302, 945)
(1301, 945)
(1300, 945)
(1299, 945)
(1298, 945)
(1297, 945)
(1296, 945)
(1295, 945)
(1294, 945)
(1293, 945)
(1292, 945)
(1291, 945)
(1290, 945)
(1289, 945)
(1288, 945)
(1287, 945)
(1286, 945)
(1285, 945)
(1284, 945)
(1283, 945)
(1282, 945)
(1281, 945)
(1280, 945)
(1279, 945)
(1278, 945)
(1277, 945)
(1276, 945)
(1275, 945)
(1274, 945)
(1273, 945)
(1272, 945)
(1271, 945)
(1270, 945)
(1269, 945)
(1268, 945)
(1267, 945)
(1266, 945)
(1265, 945)
(1264, 945)
(1263, 945)
(1262, 945)
(1261, 945)
(1260, 945)
(1259, 945)
(1258, 945)
(1257, 945)
(1256, 945)
(1255, 945)
(1254, 945)
(1253, 945)
(1252, 945)
(1251, 945)
(1250, 945)
(1249, 945)
(1248, 945)
(1247, 945)
(1246, 945)
(1245, 945)
(1244, 945)
(1243, 945)
(1242, 945)
(1241, 945)
(1240, 945)
(1239, 945)
(1238, 945)
(1237, 945)
(1236, 945)
(1235, 945)
(1234, 945)
(1233, 945)
(1232, 945)
(1231, 945)
(1230, 945)
(1229, 945)
(1228, 945)
(1227, 945)
(1226, 945)
(1225, 945)
(1224, 945)
(1223, 945)
(1222, 945)
(1221, 945)
(1220, 945)
(1219, 945)
(1218, 945)
(1217, 945)
(1216, 945)
(1215, 945)
(1214, 945)
(1213, 945)
(1212, 945)
(1211, 945)
(1210, 945)
(1209, 945)
(1208, 945)
(1207, 945)
(1206, 945)
(1205, 945)
(1204, 945)
(1203, 945)
(1202, 945)
(1201, 945)
(1200, 945)
(1199, 945)
(1198, 945)
(1197, 945)
(1196, 945)
(1195, 945)
(1194, 945)
(1193, 945)
(1192, 945)
(1191, 945)
(1190, 945)
(1189, 945)
(1188, 945)
(1187, 945)
(1186, 945)
(1185, 945)
(1184, 945)
(1183, 945)
(1182, 945)
(1181, 945)
(1180, 945)
(1179, 945)
(1178, 945)
(1177, 945)
(1176, 945)
(1175, 945)
(1174, 945)
(1173, 945)
(1172, 945)
(1171, 945)
(1170, 945)
(1169, 945)
(1168, 945)
(1167, 945)
(1166, 945)
(1165, 945)
(1164, 945)
(1163, 945)
(1162, 945)
(1161, 945)
(1160, 945)
(1159, 945)
(1158, 945)
(1157, 945)
(1156, 945)
(1155, 945)
(1154, 945)
(1153, 945)
(1152, 945)
(1151, 945)
(1150, 945)
(1149, 945)
(1148, 945)
(1147, 945)
(1146, 945)
(1145, 945)
(1144, 945)
(1143, 945)
(1142, 945)
(1141, 945)
(1140, 945)
(1139, 945)
(1138, 945)
(1137, 945)
(1136, 945)
(1135, 945)
(1134, 945)
(1133, 945)
(1132, 945)
(1131, 945)
(1130, 945)
(1129, 945)
(1128, 945)
(1127, 945)
(1126, 945)
(1125, 945)
(1124, 945)
(1123, 945)
(1122, 945)
(1121, 945)
(1120, 945)
(1119, 945)
(1118, 945)
(1117, 945)
(1116, 945)
(1115, 945)
(1114, 945)
(1113, 945)
(1112, 945)
(1111, 945)
(1110, 945)
(1109, 945)
(1108, 945)
(1107, 945)
(1106, 945)
(1105, 945)
(1104, 945)
(1103, 945)
(1102, 945)
(1101, 945)
(1100, 945)
(1099, 945)
(1098, 945)
(1097, 945)
(1096, 945)
(1095, 945)
(1094, 945)
(1093, 945)
(1092, 945)
(1091, 945)
(1090, 945)
(1089, 945)
(1088, 945)
(1087, 945)
(1086, 945)
(1085, 945)
(1084, 945)
(1083, 945)
(1082, 945)
(1081, 945)
(1080, 945)
(1079, 945)
(1078, 945)
(1077, 945)
(1076, 945)
(1075, 945)
(1074, 945)
(1073, 945)
(1072, 945)
(1071, 945)
(1070, 945)
(1069, 945)
(1068, 945)
(1067, 945)
(1066, 945)
(1065, 945)
(1064, 945)
(1063, 945)
(1062, 945)
(1061, 945)
(1060, 945)
(1059, 945)
(1058, 945)
(1057, 945)
(1056, 945)
(1055, 945)
(1054, 945)
(1053, 945)
(1052, 945)
(1051, 945)
(1050, 945)
(1049, 945)
(1048, 945)
(1047, 945)
(1046, 945)
(1045, 945)
(1044, 945)
(1043, 945)
(1042, 945)
(1041, 945)
(1040, 945)
(1039, 945)
(1038, 945)
(1037, 945)
(1036, 945)
(1035, 945)
(1034, 945)
(1033, 945)
(1032, 945)
(1031, 945)
(1030, 945)
(1029, 945)
(1028, 945)
(1027, 945)
(1026, 945)
(1025, 945)
(1024, 945)
(1023, 945)
(1022, 945)
(1021, 945)
(1020, 945)
(1019, 945)
(1018, 945)
(1017, 945)
(1016, 945)
(1015, 945)
(1014, 945)
(1013, 945)
(1012, 945)
(1011, 945)
(1010, 945)
(1009, 945)
(1008, 945)
(1007, 945)
(1006, 945)
(1005, 945)
(1004, 945)
(1003, 945)
(1002, 945)
(1001, 945)
(1000, 945)
(999, 945)
(998, 945)
(997, 945)
(996, 945)
(995, 945)
(994, 945)
(993, 945)
(992, 945)
(991, 945)
(990, 945)
(989, 945)
(988, 945)
(987, 945)
(986, 945)
(985, 945)
(984, 945)
(983, 945)
(982, 945)
(981, 945)
(980, 945)
(979, 945)
(978, 945)
(977, 945)
(976, 945)
(975, 945)
(974, 945)
(973, 945)
(972, 945)
(971, 945)
(970, 945)
(969, 945)
(968, 945)
(967, 945)
(966, 945)
(965, 945)
(964, 945)
(963, 945)
(962, 945)
(961, 945)
(960, 945)
(959, 945)
(958, 945)
(957, 945)
(956, 945)
(955, 945)
(954, 945)
(953, 945)
(952, 945)
(951, 945)
(950, 945)
(949, 945)
(948, 945)
(947, 945)
(946, 945)
(945, 945)
(944, 945)
(943, 945)
(942, 945)
(941, 945)
(940, 945)
(939, 945)
(938, 945)
(937, 945)
(936, 945)
(935, 945)
(934, 945)
(933, 945)
(932, 945)
(931, 945)
(930, 945)
(929, 945)
(928, 945)
(927, 945)
(926, 945)
(925, 945)
(924, 945)
(923, 945)
(922, 945)
(921, 945)
(920, 945)
(919, 945)
(918, 945)
(917, 945)
(916, 945)
(915, 945)
(914, 945)
(913, 945)
(912, 945)
(911, 945)
(910, 945)
(909, 945)
(908, 945)
(907, 945)
(906, 945)
(905, 945)
(904, 945)
(903, 945)
(902, 945)
(901, 945)
(900, 945)
(899, 945)
(898, 945)
(897, 945)
(896, 945)
(895, 945)
(894, 945)
(893, 945)
(892, 945)
(891, 945)
(890, 945)
(889, 945)
(888, 945)
(887, 945)
(886, 945)
(885, 945)
(884, 945)
(883, 945)
(882, 945)
(881, 945)
(880, 945)
(879, 945)
(878, 945)
(877, 945)
(876, 945)
(875, 945)
(874, 945)
(873, 945)
(872, 945)
(871, 945)
(870, 945)
(869, 945)
(868, 945)
(867, 945)
(866, 945)
(865, 945)
(864, 945)
(863, 945)
(862, 945)
(861, 945)
(860, 945)
(859, 945)
(858, 945)
(857, 945)
(856, 945)
(855, 945)
(854, 945)
(853, 945)
(852, 945)
(851, 945)
(850, 945)
(849, 945)
(848, 945)
(847, 945)
(846, 945)
(845, 945)
(844, 945)
(843, 945)
(842, 945)
(841, 945)
(840, 945)
(839, 945)
(838, 945)
(837, 945)
(836, 945)
(835, 945)
(834, 945)
(833, 945)
(832, 945)
(831, 945)
(830, 945)
(829, 945)
(828, 945)
(827, 945)
(826, 945)
(825, 945)
(824, 945)
(823, 945)
(822, 945)
(821, 945)
(820, 945)
(819, 945)
(818, 945)
(817, 945)
(816, 945)
(815, 945)
(814, 945)
(813, 945)
(812, 945)
(811, 945)
(810, 945)
(809, 945)
(808, 945)
(807, 945)
(806, 945)
(805, 945)
(804, 945)
(803, 945)
(802, 945)
(801, 945)
(800, 945)
(799, 945)
(798, 945)
(797, 945)
(796, 945)
(795, 945)
(794, 945)
(793, 945)
(792, 945)
(791, 945)
(790, 945)
(789, 945)
(788, 945)
(787, 945)
(786, 945)
(785, 945)
(784, 945)
(783, 945)
(782, 945)
(781, 945)
(780, 945)
(779, 945)
(778, 945)
(777, 945)
(776, 945)
(775, 945)
(774, 945)
(773, 945)
(772, 945)
(771, 945)
(770, 945)
(769, 945)
(768, 945)
(767, 945)
(766, 945)
(765, 945)
(764, 945)
(763, 945)
(762, 945)
(761, 945)
(760, 945)
(759, 945)
(758, 945)
(757, 945)
(756, 945)
(755, 945)
(754, 945)
(753, 945)
(752, 945)
(751, 945)
(750, 945)
(749, 945)
(748, 945)
(747, 945)
(746, 945)
(745, 945)
(744, 945)
(743, 945)
(742, 945)
(741, 945)
(740, 945)
(739, 945)
(738, 945)
(737, 945)
(736, 945)
(735, 945)
(734, 945)
(733, 945)
(732, 945)
(731, 945)
(730, 945)
(729, 945)
(728, 945)
(727, 945)
(726, 945)
(725, 945)
(724, 945)
(723, 945)
(722, 945)
(721, 945)
(720, 945)
(719, 945)
(718, 945)
(717, 945)
(716, 945)
(715, 945)
(714, 945)
(713, 945)
(712, 945)
(711, 945)
(710, 945)
(709, 945)
(708, 945)
(707, 945)
(706, 945)
(705, 945)
(704, 945)
(703, 945)
(702, 945)
(701, 945)
(700, 945)
(699, 945)
(698, 945)
(697, 945)
(696, 945)
(695, 945)
(694, 945)
(693, 945)
(692, 945)
(691, 945)
(690, 945)
(689, 945)
(688, 945)
(687, 945)
(686, 945)
(685, 945)
(684, 945)
(683, 945)
(682, 945)
(681, 945)
(680, 945)
(679, 945)
(678, 945)
(677, 945)
(676, 945)
(675, 945)
(674, 945)
(673, 945)
(672, 945)
(671, 945)
(670, 945)
(669, 945)
(668, 945)
(667, 945)
(666, 945)
(665, 945)
(664, 945)
(663, 945)
(662, 945)
(661, 945)
(660, 945)
(659, 945)
(658, 945)
(657, 945)
(656, 945)
(655, 945)
(654, 945)
(653, 945)
(652, 945)
(651, 945)
(650, 945)
(649, 945)
(648, 945)
(647, 945)
(646, 945)
(645, 945)
(644, 945)
(643, 945)
(642, 945)
(641, 945)
(640, 945)
(639, 945)
(638, 945)
(637, 945)
(636, 945)
(635, 945)
(634, 945)
(633, 945)
(632, 945)
(631, 945)
(630, 945)
(629, 945)
(628, 945)
(627, 945)
(626, 945)
(625, 945)
(624, 945)
(623, 945)
(622, 945)
(621, 945)
(620, 945)
(619, 945)
(618, 945)
(617, 945)
(616, 945)
(615, 945)
(614, 945)
(613, 945)
(612, 945)
(611, 945)
(610, 945)
(609, 945)
(608, 945)
(607, 945)
(606, 945)
(605, 945)
(604, 945)
(603, 945)
(602, 945)
(601, 945)
(600, 945)
(599, 945)
(598, 945)
(597, 945)
(596, 945)
(595, 945)
(594, 945)
(593, 945)
(592, 945)
(591, 945)
(590, 945)
(589, 945)
(588, 945)
(587, 945)
(586, 945)
(585, 945)
(584, 945)
(583, 945)
(582, 945)
(581, 945)
(580, 945)
(579, 945)
(578, 945)
(577, 945)
(576, 945)
(575, 945)
(574, 945)
(573, 945)
(572, 945)
(571, 945)
(570, 945)
(569, 945)
(568, 945)
(567, 945)
(566, 945)
(565, 945)
(564, 945)
(563, 945)
(562, 945)
(561, 945)
(560, 945)
(559, 945)
(558, 945)
(557, 945)
(556, 945)
(555, 945)
(554, 945)
(553, 945)
(552, 945)
(551, 945)
(550, 945)
(549, 945)
(548, 945)
(547, 945)
(546, 945)
(545, 945)
(544, 945)
(543, 945)
(542, 945)
(541, 945)
(540, 945)
(539, 945)
(538, 945)
(537, 945)
(536, 945)
(535, 945)
(534, 945)
(533, 945)
(532, 945)
(531, 945)
(530, 945)
(529, 945)
(528, 945)
(527, 945)
(526, 945)
(525, 945)
(524, 945)
(523, 945)
(522, 945)
(521, 945)
(520, 945)
(519, 945)
(518, 945)
(517, 945)
(516, 945)
(515, 945)
(514, 945)
(513, 945)
(512, 945)
(511, 945)
(510, 945)
(509, 945)
(508, 945)
(507, 945)
(506, 945)
(505, 945)
(504, 945)
(503, 945)
(502, 945)
(501, 945)
(500, 945)
(499, 945)
(498, 945)
(497, 945)
(496, 945)
(495, 945)
(494, 945)
(493, 945)
(492, 945)
(491, 945)
(490, 945)
(489, 945)
(488, 945)
(487, 945)
(486, 945)
(485, 945)
(484, 945)
(483, 945)
(482, 945)
(481, 945)
(480, 945)
(479, 945)
(478, 945)
(477, 945)
(476, 945)
(475, 945)
(474, 945)
(473, 945)
(472, 945)
(471, 945)
(470, 945)
(469, 945)
(468, 945)
(467, 945)
(466, 945)
(465, 945)
(464, 945)
(463, 945)
(462, 945)
(461, 945)
(460, 945)
(459, 945)
(458, 945)
(457, 945)
(456, 945)
(455, 945)
(454, 945)
(453, 945)
(452, 945)
(451, 945)
(450, 945)
(449, 945)
(448, 945)
(447, 945)
(446, 945)
(445, 945)
(444, 945)
(443, 945)
(442, 945)
(441, 945)
(440, 945)
(439, 945)
(438, 945)
(437, 945)
(436, 945)
(435, 945)
(434, 945)
(433, 945)
(432, 945)
(431, 945)
(430, 945)
(429, 945)
(428, 945)
(427, 945)
(426, 945)
(425, 945)
(424, 945)
(423, 945)
(422, 945)
(421, 945)
(420, 945)
(419, 945)
(418, 945)
(417, 945)
(416, 945)
(415, 945)
(414, 945)
(413, 945)
(412, 945)
(411, 945)
(410, 945)
(409, 945)
(408, 945)
(407, 945)
(406, 945)
(405, 945)
(404, 945)
(403, 945)
(402, 945)
(401, 945)
(400, 945)
(399, 945)
(398, 945)
(397, 945)
(396, 945)
(395, 945)
(394, 945)
(393, 945)
(392, 945)
(391, 945)
(390, 945)
(389, 945)
(388, 945)
(387, 945)
(386, 945)
(385, 945)
(384, 945)
(383, 945)
(382, 945)
(381, 945)
(380, 945)
(379, 945)
(378, 945)
(377, 945)
(376, 945)
(375, 945)
(374, 945)
(373, 945)
(372, 945)
(371, 945)
(370, 945)
(369, 945)
(368, 945)
(367, 945)
(366, 945)
(365, 945)
(364, 945)
(363, 945)
(362, 945)
(361, 945)
(360, 945)
(359, 945)
(358, 945)
(357, 945)
(356, 945)
(355, 945)
(354, 945)
(353, 945)
(352, 945)
(351, 945)
(350, 945)
(349, 945)
(348, 945)
(347, 945)
(346, 945)
(345, 945)
(344, 945)
(343, 945)
(342, 945)
(341, 945)
(340, 945)
(339, 945)
(338, 945)
(337, 945)
(336, 945)
(335, 945)
(334, 945)
(333, 945)
(332, 945)
(331, 945)
(330, 945)
(329, 945)
(328, 945)
(327, 945)
(326, 945)
(325, 945)
(324, 945)
(323, 945)
(322, 945)
(321, 945)
(320, 945)
(319, 945)
(318, 945)
(317, 945)
(316, 945)
(315, 945)
(314, 945)
(313, 945)
(312, 945)
(311, 945)
(310, 945)
(309, 945)
(308, 945)
(307, 945)
(306, 945)
(305, 945)
(304, 945)
(303, 945)
(302, 945)
(301, 945)
(300, 945)
(299, 945)
(298, 945)
(297, 945)
(296, 945)
(295, 945)
(294, 945)
(293, 945)
(292, 945)
(291, 945)
(290, 945)
(289, 945)
(288, 945)
(287, 945)
(286, 945)
(285, 945)
(284, 945)
(283, 945)
(282, 945)
(281, 945)
(280, 945)
(279, 945)
(278, 945)
(277, 945)
(276, 945)
(275, 945)
(274, 945)
(273, 945)
(272, 945)
(271, 945)
(270, 945)
(269, 945)
(268, 945)
(267, 945)
(266, 945)
(265, 945)
(264, 945)
(263, 945)
(262, 945)
(261, 945)
(260, 945)
(259, 945)
(258, 945)
(257, 945)
(256, 945)
(255, 945)
(254, 945)
(253, 945)
(252, 945)
(251, 945)
(250, 945)
(249, 945)
(248, 945)
(247, 945)
(246, 945)
(245, 945)
(244, 945)
(243, 945)
(242, 945)
(241, 945)
(240, 945)
(239, 945)
(238, 945)
(237, 945)
(236, 945)
(235, 945)
(234, 945)
(233, 945)
(232, 945)
(231, 945)
(230, 945)
(229, 945)
(228, 945)
(227, 945)
(226, 945)
(225, 945)
(224, 945)
(223, 945)
(222, 945)
(221, 945)
(220, 945)
(219, 945)
(218, 945)
(217, 945)
(216, 945)
(215, 945)
(214, 945)
(213, 945)
(212, 945)
(211, 945)
(210, 945)
(209, 945)
(208, 945)
(207, 945)
(206, 945)
(205, 945)
(204, 945)
(203, 945)
(202, 945)
(201, 945)
(200, 945)
(199, 945)
(199, 946)
(200, 948)
(200, 949)
(201, 951)
(201, 952)
(202, 954)
(202, 955)
(203, 957)
(203, 958)
(204, 960)
(204, 961)
(205, 963)
(205, 964)
(206, 966)
(206, 967)
(207, 969)
(207, 970)
(208, 972)
(208, 973)
(209, 975)
(209, 976)
(210, 978)
(210, 979)
(211, 981)
(211, 982)
(212, 984)
(212, 985)
(213, 987)
(213, 988)
(214, 990)
(214, 991)
(215, 993)
(215, 994)
(216, 996)
(216, 997)
(217, 999)
(217, 1000)
(218, 1002)
(218, 1003)
(219, 1005)
(219, 1006)
(220, 1008)
(220, 1009)
(221, 1011)
(221, 1012)
(222, 1015)
(223, 1018)
(224, 1021)
(225, 1024)
(226, 1027)
(227, 1030)
(228, 1033)
(229, 1036)
(230, 1039)
(231, 1042)
(232, 1045)
(232, 1045)
(233, 1045)
(234, 1045)
(235, 1045)
(236, 1045)
(237, 1045)
(238, 1045)
(239, 1045)
(240, 1045)
(241, 1045)
(242, 1045)
(243, 1045)
(244, 1045)
(245, 1045)
(246, 1045)
(247, 1045)
(248, 1045)
(249, 1045)
(250, 1045)
(251, 1045)
(252, 1045)
(253, 1045)
(254, 1045)
(255, 1045)
(256, 1045)
(257, 1045)
(258, 1045)
(259, 1045)
(260, 1045)
(261, 1045)
(262, 1045)
(263, 1045)
(264, 1045)
(265, 1045)
(266, 1045)
(267, 1045)
(268, 1045)
(269, 1045)
(270, 1045)
(271, 1045)
(272, 1045)
(273, 1045)
(274, 1045)
(275, 1045)
(276, 1045)
(277, 1045)
(278, 1045)
(279, 1045)
(280, 1045)
(281, 1045)
(282, 1045)
(283, 1045)
(284, 1045)
(285, 1045)
(286, 1045)
(287, 1045)
(288, 1045)
(289, 1045)
(290, 1045)
(291, 1045)
(292, 1045)
(293, 1045)
(294, 1045)
(295, 1045)
(296, 1045)
(297, 1045)
(298, 1045)
(299, 1045)
(300, 1045)
(301, 1045)
(302, 1045)
(303, 1045)
(304, 1045)
(305, 1045)
(306, 1045)
(307, 1045)
(308, 1045)
(309, 1045)
(310, 1045)
(311, 1045)
(312, 1045)
(313, 1045)
(314, 1045)
(315, 1045)
(316, 1045)
(317, 1045)
(318, 1045)
(319, 1045)
(320, 1045)
(321, 1045)
(322, 1045)
(323, 1045)
(324, 1045)
(325, 1045)
(326, 1045)
(327, 1045)
(328, 1045)
(329, 1045)
(330, 1045)
(331, 1045)
(332, 1045)
(333, 1045)
(334, 1045)
(335, 1045)
(336, 1045)
(337, 1045)
(338, 1045)
(339, 1045)
(340, 1045)
(341, 1045)
(342, 1045)
(343, 1045)
(344, 1045)
(345, 1045)
(346, 1045)
(347, 1045)
(348, 1045)
(349, 1045)
(350, 1045)
(351, 1045)
(352, 1045)
(353, 1045)
(354, 1045)
(355, 1045)
(356, 1045)
(357, 1045)
(358, 1045)
(359, 1045)
(360, 1045)
(361, 1045)
(362, 1045)
(363, 1045)
(364, 1045)
(365, 1045)
(366, 1045)
(367, 1045)
(368, 1045)
(369, 1045)
(370, 1045)
(371, 1045)
(372, 1045)
(373, 1045)
(374, 1045)
(375, 1045)
(376, 1045)
(377, 1045)
(378, 1045)
(379, 1045)
(380, 1045)
(381, 1045)
(382, 1045)
(383, 1045)
(384, 1045)
(385, 1045)
(386, 1045)
(387, 1045)
(388, 1045)
(389, 1045)
(390, 1045)
(391, 1045)
(392, 1045)
(393, 1045)
(394, 1045)
(395, 1045)
(396, 1045)
(397, 1045)
(398, 1045)
(399, 1045)
(400, 1045)
(401, 1045)
(402, 1045)
(403, 1045)
(404, 1045)
(405, 1045)
(406, 1045)
(407, 1045)
(408, 1045)
(409, 1045)
(410, 1045)
(411, 1045)
(412, 1045)
(413, 1045)
(414, 1045)
(415, 1045)
(416, 1045)
(417, 1045)
(418, 1045)
(419, 1045)
(420, 1045)
(421, 1045)
(422, 1045)
(423, 1045)
(424, 1045)
(425, 1045)
(426, 1045)
(427, 1045)
(428, 1045)
(429, 1045)
(430, 1045)
(431, 1045)
(432, 1045)
(433, 1045)
(434, 1045)
(435, 1045)
(436, 1045)
(437, 1045)
(438, 1045)
(439, 1045)
(440, 1045)
(441, 1045)
(442, 1045)
(443, 1045)
(444, 1045)
(445, 1045)
(446, 1045)
(447, 1045)
(448, 1045)
(449, 1045)
(450, 1045)
(451, 1045)
(452, 1045)
(453, 1045)
(454, 1045)
(455, 1045)
(456, 1045)
(457, 1045)
(458, 1045)
(459, 1045)
(460, 1045)
(461, 1045)
(462, 1045)
(463, 1045)
(464, 1045)
(465, 1045)
(466, 1045)
(467, 1045)
(468, 1045)
(469, 1045)
(470, 1045)
(471, 1045)
(472, 1045)
(473, 1045)
(474, 1045)
(475, 1045)
(476, 1045)
(477, 1045)
(478, 1045)
(479, 1045)
(480, 1045)
(481, 1045)
(482, 1045)
(483, 1045)
(484, 1045)
(485, 1045)
(486, 1045)
(487, 1045)
(488, 1045)
(489, 1045)
(490, 1045)
(491, 1045)
(492, 1045)
(493, 1045)
(494, 1045)
(495, 1045)
(496, 1045)
(497, 1045)
(498, 1045)
(499, 1045)
(500, 1045)
(501, 1045)
(502, 1045)
(503, 1045)
(504, 1045)
(505, 1045)
(506, 1045)
(507, 1045)
(508, 1045)
(509, 1045)
(510, 1045)
(511, 1045)
(512, 1045)
(513, 1045)
(514, 1045)
(515, 1045)
(516, 1045)
(517, 1045)
(518, 1045)
(519, 1045)
(520, 1045)
(521, 1045)
(522, 1045)
(523, 1045)
(524, 1045)
(525, 1045)
(526, 1045)
(527, 1045)
(528, 1045)
(529, 1045)
(530, 1045)
(531, 1045)
(532, 1045)
(533, 1045)
(534, 1045)
(535, 1045)
(536, 1045)
(537, 1045)
(538, 1045)
(539, 1045)
(540, 1045)
(541, 1045)
(542, 1045)
(543, 1045)
(544, 1045)
(545, 1045)
(546, 1045)
(547, 1045)
(548, 1045)
(549, 1045)
(550, 1045)
(551, 1045)
(552, 1045)
(553, 1045)
(554, 1045)
(555, 1045)
(556, 1045)
(557, 1045)
(558, 1045)
(559, 1045)
(560, 1045)
(561, 1045)
(562, 1045)
(563, 1045)
(564, 1045)
(565, 1045)
(566, 1045)
(567, 1045)
(568, 1045)
(569, 1045)
(570, 1045)
(571, 1045)
(572, 1045)
(573, 1045)
(574, 1045)
(575, 1045)
(576, 1045)
(577, 1045)
(578, 1045)
(579, 1045)
(580, 1045)
(581, 1045)
(582, 1045)
(583, 1045)
(584, 1045)
(585, 1045)
(586, 1045)
(587, 1045)
(588, 1045)
(589, 1045)
(590, 1045)
(591, 1045)
(592, 1045)
(593, 1045)
(594, 1045)
(595, 1045)
(596, 1045)
(597, 1045)
(598, 1045)
(599, 1045)
(600, 1045)
(601, 1045)
(602, 1045)
(603, 1045)
(604, 1045)
(605, 1045)
(606, 1045)
(607, 1045)
(608, 1045)
(609, 1045)
(610, 1045)
(611, 1045)
(612, 1045)
(613, 1045)
(614, 1045)
(615, 1045)
(616, 1045)
(617, 1045)
(618, 1045)
(619, 1045)
(620, 1045)
(621, 1045)
(622, 1045)
(623, 1045)
(624, 1045)
(625, 1045)
(626, 1045)
(627, 1045)
(628, 1045)
(629, 1045)
(630, 1045)
(631, 1045)
(632, 1045)
(633, 1045)
(634, 1045)
(635, 1045)
(636, 1045)
(637, 1045)
(638, 1045)
(639, 1045)
(640, 1045)
(641, 1045)
(642, 1045)
(643, 1045)
(644, 1045)
(645, 1045)
(646, 1045)
(647, 1045)
(648, 1045)
(649, 1045)
(650, 1045)
(651, 1045)
(652, 1045)
(653, 1045)
(654, 1045)
(655, 1045)
(656, 1045)
(657, 1045)
(658, 1045)
(659, 1045)
(660, 1045)
(661, 1045)
(662, 1045)
(663, 1045)
(664, 1045)
(665, 1045)
(666, 1045)
(667, 1045)
(668, 1045)
(669, 1045)
(670, 1045)
(671, 1045)
(672, 1045)
(673, 1045)
(674, 1045)
(675, 1045)
(676, 1045)
(677, 1045)
(678, 1045)
(679, 1045)
(680, 1045)
(681, 1045)
(682, 1045)
(683, 1045)
(684, 1045)
(685, 1045)
(686, 1045)
(687, 1045)
(688, 1045)
(689, 1045)
(690, 1045)
(691, 1045)
(692, 1045)
(693, 1045)
(694, 1045)
(695, 1045)
(696, 1045)
(697, 1045)
(698, 1045)
(699, 1045)
(700, 1045)
(701, 1045)
(702, 1045)
(703, 1045)
(704, 1045)
(705, 1045)
(706, 1045)
(707, 1045)
(708, 1045)
(709, 1045)
(710, 1045)
(711, 1045)
(712, 1045)
(713, 1045)
(714, 1045)
(715, 1045)
(716, 1045)
(717, 1045)
(718, 1045)
(719, 1045)
(720, 1045)
(721, 1045)
(722, 1045)
(723, 1045)
(724, 1045)
(725, 1045)
(726, 1045)
(727, 1045)
(728, 1045)
(729, 1045)
(730, 1045)
(731, 1045)
(732, 1045)
(733, 1045)
(734, 1045)
(735, 1045)
(736, 1045)
(737, 1045)
(738, 1045)
(739, 1045)
(740, 1045)
(741, 1045)
(742, 1045)
(743, 1045)
(744, 1045)
(745, 1045)
(746, 1045)
(747, 1045)
(748, 1045)
(749, 1045)
(750, 1045)
(751, 1045)
(752, 1045)
(753, 1045)
(754, 1045)
(755, 1045)
(756, 1045)
(757, 1045)
(758, 1045)
(759, 1045)
(760, 1045)
(761, 1045)
(762, 1045)
(763, 1045)
(764, 1045)
(765, 1045)
(766, 1045)
(767, 1045)
(768, 1045)
(769, 1045)
(770, 1045)
(771, 1045)
(772, 1045)
(773, 1045)
(774, 1045)
(775, 1045)
(776, 1045)
(777, 1045)
(778, 1045)
(779, 1045)
(780, 1045)
(781, 1045)
(782, 1045)
(783, 1045)
(784, 1045)
(785, 1045)
(786, 1045)
(787, 1045)
(788, 1045)
(789, 1045)
(790, 1045)
(791, 1045)
(792, 1045)
(793, 1045)
(794, 1045)
(795, 1045)
(796, 1045)
(797, 1045)
(798, 1045)
(799, 1045)
(800, 1045)
(801, 1045)
(802, 1045)
(803, 1045)
(804, 1045)
(805, 1045)
(806, 1045)
(807, 1045)
(808, 1045)
(809, 1045)
(810, 1045)
(811, 1045)
(812, 1045)
(813, 1045)
(814, 1045)
(815, 1045)
(816, 1045)
(817, 1045)
(818, 1045)
(819, 1045)
(820, 1045)
(821, 1045)
(822, 1045)
(823, 1045)
(824, 1045)
(825, 1045)
(826, 1045)
(827, 1045)
(828, 1045)
(829, 1045)
(830, 1045)
(831, 1045)
(832, 1045)
(833, 1045)
(834, 1045)
(835, 1045)
(836, 1045)
(837, 1045)
(838, 1045)
(839, 1045)
(840, 1045)
(841, 1045)
(842, 1045)
(843, 1045)
(844, 1045)
(845, 1045)
(846, 1045)
(847, 1045)
(848, 1045)
(849, 1045)
(850, 1045)
(851, 1045)
(852, 1045)
(853, 1045)
(854, 1045)
(855, 1045)
(856, 1045)
(857, 1045)
(858, 1045)
(859, 1045)
(860, 1045)
(861, 1045)
(862, 1045)
(863, 1045)
(864, 1045)
(865, 1045)
(866, 1045)
(867, 1045)
(868, 1045)
(869, 1045)
(870, 1045)
(871, 1045)
(872, 1045)
(873, 1045)
(874, 1045)
(875, 1045)
(876, 1045)
(877, 1045)
(878, 1045)
(879, 1045)
(880, 1045)
(881, 1045)
(882, 1045)
(883, 1045)
(884, 1045)
(885, 1045)
(886, 1045)
(887, 1045)
(888, 1045)
(889, 1045)
(890, 1045)
(891, 1045)
(892, 1045)
(893, 1045)
(894, 1045)
(895, 1045)
(896, 1045)
(897, 1045)
(898, 1045)
(899, 1045)
(900, 1045)
(901, 1045)
(902, 1045)
(903, 1045)
(904, 1045)
(905, 1045)
(906, 1045)
(907, 1045)
(908, 1045)
(909, 1045)
(910, 1045)
(911, 1045)
(912, 1045)
(913, 1045)
(914, 1045)
(915, 1045)
(916, 1045)
(917, 1045)
(918, 1045)
(919, 1045)
(920, 1045)
(921, 1045)
(922, 1045)
(923, 1045)
(924, 1045)
(925, 1045)
(926, 1045)
(927, 1045)
(928, 1045)
(929, 1045)
(930, 1045)
(931, 1045)
(932, 1045)
(933, 1045)
(934, 1045)
(935, 1045)
(936, 1045)
(937, 1045)
(938, 1045)
(939, 1045)
(940, 1045)
(941, 1045)
(942, 1045)
(943, 1045)
(944, 1045)
(945, 1045)
(946, 1045)
(947, 1045)
(948, 1045)
(949, 1045)
(950, 1045)
(951, 1045)
(952, 1045)
(953, 1045)
(954, 1045)
(955, 1045)
(956, 1045)
(957, 1045)
(958, 1045)
(959, 1045)
(960, 1045)
(961, 1045)
(962, 1045)
(963, 1045)
(964, 1045)
(965, 1045)
(966, 1045)
(967, 1045)
(968, 1045)
(969, 1045)
(970, 1045)
(971, 1045)
(972, 1045)
(973, 1045)
(974, 1045)
(975, 1045)
(976, 1045)
(977, 1045)
(978, 1045)
(979, 1045)
(980, 1045)
(981, 1045)
(982, 1045)
(983, 1045)
(984, 1045)
(985, 1045)
(986, 1045)
(987, 1045)
(988, 1045)
(989, 1045)
(990, 1045)
(991, 1045)
(992, 1045)
(993, 1045)
(994, 1045)
(995, 1045)
(996, 1045)
(997, 1045)
(998, 1045)
(999, 1045)
(1000, 1045)
(1001, 1045)
(1002, 1045)
(1003, 1045)
(1004, 1045)
(1005, 1045)
(1006, 1045)
(1007, 1045)
(1008, 1045)
(1009, 1045)
(1010, 1045)
(1011, 1045)
(1012, 1045)
(1013, 1045)
(1014, 1045)
(1015, 1045)
(1016, 1045)
(1017, 1045)
(1018, 1045)
(1019, 1045)
(1020, 1045)
(1021, 1045)
(1022, 1045)
(1023, 1045)
(1024, 1045)
(1025, 1045)
(1026, 1045)
(1027, 1045)
(1028, 1045)
(1029, 1045)
(1030, 1045)
(1031, 1045)
(1032, 1045)
(1033, 1045)
(1034, 1045)
(1035, 1045)
(1036, 1045)
(1037, 1045)
(1038, 1045)
(1039, 1045)
(1040, 1045)
(1041, 1045)
(1042, 1045)
(1043, 1045)
(1044, 1045)
(1045, 1045)
(1046, 1045)
(1047, 1045)
(1048, 1045)
(1049, 1045)
(1050, 1045)
(1051, 1045)
(1052, 1045)
(1053, 1045)
(1054, 1045)
(1055, 1045)
(1056, 1045)
(1057, 1045)
(1058, 1045)
(1059, 1045)
(1060, 1045)
(1061, 1045)
(1062, 1045)
(1063, 1045)
(1064, 1045)
(1065, 1045)
(1066, 1045)
(1067, 1045)
(1068, 1045)
(1069, 1045)
(1070, 1045)
(1071, 1045)
(1072, 1045)
(1073, 1045)
(1074, 1045)
(1075, 1045)
(1076, 1045)
(1077, 1045)
(1078, 1045)
(1079, 1045)
(1080, 1045)
(1081, 1045)
(1082, 1045)
(1083, 1045)
(1084, 1045)
(1085, 1045)
(1086, 1045)
(1087, 1045)
(1088, 1045)
(1089, 1045)
(1090, 1045)
(1091, 1045)
(1092, 1045)
(1093, 1045)
(1094, 1045)
(1095, 1045)
(1096, 1045)
(1097, 1045)
(1098, 1045)
(1099, 1045)
(1100, 1045)
(1101, 1045)
(1102, 1045)
(1103, 1045)
(1104, 1045)
(1105, 1045)
(1106, 1045)
(1107, 1045)
(1108, 1045)
(1109, 1045)
(1110, 1045)
(1111, 1045)
(1112, 1045)
(1113, 1045)
(1114, 1045)
(1115, 1045)
(1116, 1045)
(1117, 1045)
(1118, 1045)
(1119, 1045)
(1120, 1045)
(1121, 1045)
(1122, 1045)
(1123, 1045)
(1124, 1045)
(1125, 1045)
(1126, 1045)
(1127, 1045)
(1128, 1045)
(1129, 1045)
(1130, 1045)
(1131, 1045)
(1132, 1045)
(1133, 1045)
(1134, 1045)
(1135, 1045)
(1136, 1045)
(1137, 1045)
(1138, 1045)
(1139, 1045)
(1140, 1045)
(1141, 1045)
(1142, 1045)
(1143, 1045)
(1144, 1045)
(1145, 1045)
(1146, 1045)
(1147, 1045)
(1148, 1045)
(1149, 1045)
(1150, 1045)
(1151, 1045)
(1152, 1045)
(1153, 1045)
(1154, 1045)
(1155, 1045)
(1156, 1045)
(1157, 1045)
(1158, 1045)
(1159, 1045)
(1160, 1045)
(1161, 1045)
(1162, 1045)
(1163, 1045)
(1164, 1045)
(1165, 1045)
(1166, 1045)
(1167, 1045)
(1168, 1045)
(1169, 1045)
(1170, 1045)
(1171, 1045)
(1172, 1045)
(1173, 1045)
(1174, 1045)
(1175, 1045)
(1176, 1045)
(1177, 1045)
(1178, 1045)
(1179, 1045)
(1180, 1045)
(1181, 1045)
(1182, 1045)
(1183, 1045)
(1184, 1045)
(1185, 1045)
(1186, 1045)
(1187, 1045)
(1188, 1045)
(1189, 1045)
(1190, 1045)
(1191, 1045)
(1192, 1045)
(1193, 1045)
(1194, 1045)
(1195, 1045)
(1196, 1045)
(1197, 1045)
(1198, 1045)
(1199, 1045)
(1200, 1045)
(1201, 1045)
(1202, 1045)
(1203, 1045)
(1204, 1045)
(1205, 1045)
(1206, 1045)
(1207, 1045)
(1208, 1045)
(1209, 1045)
(1210, 1045)
(1211, 1045)
(1212, 1045)
(1213, 1045)
(1214, 1045)
(1215, 1045)
(1216, 1045)
(1217, 1045)
(1218, 1045)
(1219, 1045)
(1220, 1045)
(1221, 1045)
(1222, 1045)
(1223, 1045)
(1224, 1045)
(1225, 1045)
(1226, 1045)
(1227, 1045)
(1228, 1045)
(1229, 1045)
(1230, 1045)
(1231, 1045)
(1232, 1045)
(1233, 1045)
(1234, 1045)
(1235, 1045)
(1236, 1045)
(1237, 1045)
(1238, 1045)
(1239, 1045)
(1240, 1045)
(1241, 1045)
(1242, 1045)
(1243, 1045)
(1244, 1045)
(1245, 1045)
(1246, 1045)
(1247, 1045)
(1248, 1045)
(1249, 1045)
(1250, 1045)
(1251, 1045)
(1252, 1045)
(1253, 1045)
(1254, 1045)
(1255, 1045)
(1256, 1045)
(1257, 1045)
(1258, 1045)
(1259, 1045)
(1260, 1045)
(1261, 1045)
(1262, 1045)
(1263, 1045)
(1264, 1045)
(1265, 1045)
(1266, 1045)
(1267, 1045)
(1268, 1045)
(1269, 1045)
(1270, 1045)
(1271, 1045)
(1272, 1045)
(1273, 1045)
(1274, 1045)
(1275, 1045)
(1276, 1045)
(1277, 1045)
(1278, 1045)
(1279, 1045)
(1280, 1045)
(1281, 1045)
(1282, 1045)
(1283, 1045)
(1284, 1045)
(1285, 1045)
(1286, 1045)
(1287, 1045)
(1288, 1045)
(1289, 1045)
(1290, 1045)
(1291, 1045)
(1292, 1045)
(1293, 1045)
(1294, 1045)
(1295, 1045)
(1296, 1045)
(1297, 1045)
(1298, 1045)
(1299, 1045)
(1300, 1045)
(1301, 1045)
(1302, 1045)
(1303, 1045)
(1304, 1045)
(1305, 1045)
(1306, 1045)
(1307, 1045)
(1308, 1045)
(1309, 1045)
(1310, 1045)
(1311, 1045)
(1312, 1045)
(1313, 1045)
(1314, 1045)
(1315, 1045)
(1316, 1045)
(1317, 1045)
(1318, 1045)
(1319, 1045)
(1320, 1045)
(1321, 1045)
(1322, 1045)
(1323, 1045)
(1324, 1045)
(1325, 1045)
(1326, 1045)
(1327, 1045)
(1328, 1045)
(1329, 1045)
(1330, 1045)
(1331, 1045)
(1332, 1045)
(1333, 1045)
(1334, 1045)
(1335, 1045)
(1336, 1045)
(1337, 1045)
(1338, 1045)
(1339, 1045)
(1340, 1045)
(1341, 1045)
(1342, 1045)
(1343, 1045)
(1344, 1045)
(1345, 1045)
(1346, 1045)
(1347, 1045)
(1348, 1045)
(1349, 1045)
(1350, 1045)
(1351, 1045)
(1352, 1045)
(1353, 1045)
(1354, 1045)
(1355, 1045)
(1356, 1045)
(1357, 1045)
(1358, 1045)
(1359, 1045)
(1360, 1045)
(1361, 1045)
(1362, 1045)
(1363, 1045)
(1364, 1045)
(1365, 1045)
(1366, 1045)
(1367, 1045)
(1368, 1045)
(1369, 1045)
(1370, 1045)
(1371, 1045)
(1372, 1045)
(1373, 1045)
(1374, 1045)
(1375, 1045)
(1376, 1045)
(1377, 1045)
(1378, 1045)
(1379, 1045)
(1380, 1045)
(1381, 1045)
(1382, 1045)
(1383, 1045)
(1384, 1045)
(1385, 1045)
(1386, 1045)
(1387, 1045)
(1388, 1045)
(1389, 1045)
(1390, 1045)
(1391, 1045)
(1392, 1045)
(1393, 1045)
(1394, 1045)
(1395, 1045)
(1396, 1045)
(1397, 1045)
(1398, 1045)
(1399, 1045)
(1400, 1045)
(1401, 1045)
(1402, 1045)
(1403, 1045)
(1404, 1045)
(1405, 1045)
(1406, 1045)
(1407, 1045)
(1408, 1045)
(1409, 1045)
(1410, 1045)
(1411, 1045)
(1412, 1045)
(1413, 1045)
(1414, 1045)
(1415, 1045)
(1416, 1045)
(1417, 1045)
(1418, 1045)
(1418, 1046)
(1418, 1047)
(1419, 1048)
(1419, 1049)
(1419, 1050)
(1420, 1051)
(1420, 1052)
(1420, 1053)
(1421, 1054)
(1421, 1055)
(1421, 1056)
(1422, 1057)
(1422, 1058)
(1422, 1059)
(1423, 1060)
(1423, 1061)
(1423, 1062)
(1424, 1063)
(1424, 1064)
(1424, 1065)
(1425, 1066)
(1425, 1067)
(1425, 1068)
(1426, 1069)
(1426, 1070)
(1426, 1071)
(1427, 1072)
(1427, 1073)
(1427, 1074)
(1428, 1075)
(1428, 1076)
(1428, 1077)
(1429, 1078)
(1429, 1079)
(1429, 1080)
(1430, 1081)
(1430, 1082)
(1430, 1083)
(1431, 1084)
(1431, 1085)
(1431, 1086)
(1432, 1087)
(1432, 1088)
(1432, 1089)
(1433, 1090)
(1433, 1091)
(1433, 1092)
(1434, 1093)
(1434, 1094)
(1434, 1095)
(1435, 1096)
(1435, 1097)
(1435, 1098)
(1436, 1099)
(1436, 1100)
(1436, 1101)
(1437, 1102)
(1437, 1103)
(1437, 1104)
(1438, 1105)
(1438, 1106)
(1438, 1107)
(1439, 1108)
(1439, 1109)
(1439, 1110)
(1440, 1111)
(1440, 1112)
(1440, 1113)
(1440, 1114)
(1441, 1115)
(1441, 1116)
(1441, 1117)
(1442, 1118)
(1442, 1119)
(1442, 1120)
(1443, 1121)
(1443, 1122)
(1443, 1123)
(1444, 1124)
(1444, 1125)
(1444, 1126)
(1445, 1127)
(1445, 1128)
(1445, 1129)
(1446, 1130)
(1446, 1131)
(1446, 1132)
(1447, 1133)
(1447, 1134)
(1447, 1135)
(1448, 1136)
(1448, 1137)
(1448, 1138)
(1449, 1139)
(1449, 1140)
(1449, 1141)
(1450, 1142)
(1450, 1143)
(1450, 1144)
(1451, 1145)
(1451, 1145)
(1450, 1145)
(1449, 1145)
(1448, 1145)
(1447, 1145)
(1446, 1145)
(1445, 1145)
(1444, 1145)
(1443, 1145)
(1442, 1145)
(1441, 1145)
(1440, 1145)
(1439, 1145)
(1438, 1145)
(1437, 1145)
(1436, 1145)
(1435, 1145)
(1434, 1145)
(1433, 1145)
(1432, 1145)
(1431, 1145)
(1430, 1145)
(1429, 1145)
(1428, 1145)
(1427, 1145)
(1426, 1145)
(1425, 1145)
(1424, 1145)
(1423, 1145)
(1422, 1145)
(1421, 1145)
(1420, 1145)
(1419, 1145)
(1418, 1145)
(1417, 1145)
(1416, 1145)
(1415, 1145)
(1414, 1145)
(1413, 1145)
(1412, 1145)
(1411, 1145)
(1410, 1145)
(1409, 1145)
(1408, 1145)
(1407, 1145)
(1406, 1145)
(1405, 1145)
(1404, 1145)
(1403, 1145)
(1402, 1145)
(1401, 1145)
(1400, 1145)
(1399, 1145)
(1398, 1145)
(1397, 1145)
(1396, 1145)
(1395, 1145)
(1394, 1145)
(1393, 1145)
(1392, 1145)
(1391, 1145)
(1390, 1145)
(1389, 1145)
(1388, 1145)
(1387, 1145)
(1386, 1145)
(1385, 1145)
(1384, 1145)
(1383, 1145)
(1382, 1145)
(1381, 1145)
(1380, 1145)
(1379, 1145)
(1378, 1145)
(1377, 1145)
(1376, 1145)
(1375, 1145)
(1374, 1145)
(1373, 1145)
(1372, 1145)
(1371, 1145)
(1370, 1145)
(1369, 1145)
(1368, 1145)
(1367, 1145)
(1366, 1145)
(1365, 1145)
(1364, 1145)
(1363, 1145)
(1362, 1145)
(1361, 1145)
(1360, 1145)
(1359, 1145)
(1358, 1145)
(1357, 1145)
(1356, 1145)
(1355, 1145)
(1354, 1145)
(1353, 1145)
(1352, 1145)
(1351, 1145)
(1350, 1145)
(1349, 1145)
(1348, 1145)
(1347, 1145)
(1346, 1145)
(1345, 1145)
(1344, 1145)
(1343, 1145)
(1342, 1145)
(1341, 1145)
(1340, 1145)
(1339, 1145)
(1338, 1145)
(1337, 1145)
(1336, 1145)
(1335, 1145)
(1334, 1145)
(1333, 1145)
(1332, 1145)
(1331, 1145)
(1330, 1145)
(1329, 1145)
(1328, 1145)
(1327, 1145)
(1326, 1145)
(1325, 1145)
(1324, 1145)
(1323, 1145)
(1322, 1145)
(1321, 1145)
(1320, 1145)
(1319, 1145)
(1318, 1145)
(1317, 1145)
(1316, 1145)
(1315, 1145)
(1314, 1145)
(1313, 1145)
(1312, 1145)
(1311, 1145)
(1310, 1145)
(1309, 1145)
(1308, 1145)
(1307, 1145)
(1306, 1145)
(1305, 1145)
(1304, 1145)
(1303, 1145)
(1302, 1145)
(1301, 1145)
(1300, 1145)
(1299, 1145)
(1298, 1145)
(1297, 1145)
(1296, 1145)
(1295, 1145)
(1294, 1145)
(1293, 1145)
(1292, 1145)
(1291, 1145)
(1290, 1145)
(1289, 1145)
(1288, 1145)
(1287, 1145)
(1286, 1145)
(1285, 1145)
(1284, 1145)
(1283, 1145)
(1282, 1145)
(1281, 1145)
(1280, 1145)
(1279, 1145)
(1278, 1145)
(1277, 1145)
(1276, 1145)
(1275, 1145)
(1274, 1145)
(1273, 1145)
(1272, 1145)
(1271, 1145)
(1270, 1145)
(1269, 1145)
(1268, 1145)
(1267, 1145)
(1266, 1145)
(1265, 1145)
(1264, 1145)
(1263, 1145)
(1262, 1145)
(1261, 1145)
(1260, 1145)
(1259, 1145)
(1258, 1145)
(1257, 1145)
(1256, 1145)
(1255, 1145)
(1254, 1145)
(1253, 1145)
(1252, 1145)
(1251, 1145)
(1250, 1145)
(1249, 1145)
(1248, 1145)
(1247, 1145)
(1246, 1145)
(1245, 1145)
(1244, 1145)
(1243, 1145)
(1242, 1145)
(1241, 1145)
(1240, 1145)
(1239, 1145)
(1238, 1145)
(1237, 1145)
(1236, 1145)
(1235, 1145)
(1234, 1145)
(1233, 1145)
(1232, 1145)
(1231, 1145)
(1230, 1145)
(1229, 1145)
(1228, 1145)
(1227, 1145)
(1226, 1145)
(1225, 1145)
(1224, 1145)
(1223, 1145)
(1222, 1145)
(1221, 1145)
(1220, 1145)
(1219, 1145)
(1218, 1145)
(1217, 1145)
(1216, 1145)
(1215, 1145)
(1214, 1145)
(1213, 1145)
(1212, 1145)
(1211, 1145)
(1210, 1145)
(1209, 1145)
(1208, 1145)
(1207, 1145)
(1206, 1145)
(1205, 1145)
(1204, 1145)
(1203, 1145)
(1202, 1145)
(1201, 1145)
(1200, 1145)
(1199, 1145)
(1198, 1145)
(1197, 1145)
(1196, 1145)
(1195, 1145)
(1194, 1145)
(1193, 1145)
(1192, 1145)
(1191, 1145)
(1190, 1145)
(1189, 1145)
(1188, 1145)
(1187, 1145)
(1186, 1145)
(1185, 1145)
(1184, 1145)
(1183, 1145)
(1182, 1145)
(1181, 1145)
(1180, 1145)
(1179, 1145)
(1178, 1145)
(1177, 1145)
(1176, 1145)
(1175, 1145)
(1174, 1145)
(1173, 1145)
(1172, 1145)
(1171, 1145)
(1170, 1145)
(1169, 1145)
(1168, 1145)
(1167, 1145)
(1166, 1145)
(1165, 1145)
(1164, 1145)
(1163, 1145)
(1162, 1145)
(1161, 1145)
(1160, 1145)
(1159, 1145)
(1158, 1145)
(1157, 1145)
(1156, 1145)
(1155, 1145)
(1154, 1145)
(1153, 1145)
(1152, 1145)
(1151, 1145)
(1150, 1145)
(1149, 1145)
(1148, 1145)
(1147, 1145)
(1146, 1145)
(1145, 1145)
(1144, 1145)
(1143, 1145)
(1142, 1145)
(1141, 1145)
(1140, 1145)
(1139, 1145)
(1138, 1145)
(1137, 1145)
(1136, 1145)
(1135, 1145)
(1134, 1145)
(1133, 1145)
(1132, 1145)
(1131, 1145)
(1130, 1145)
(1129, 1145)
(1128, 1145)
(1127, 1145)
(1126, 1145)
(1125, 1145)
(1124, 1145)
(1123, 1145)
(1122, 1145)
(1121, 1145)
(1120, 1145)
(1119, 1145)
(1118, 1145)
(1117, 1145)
(1116, 1145)
(1115, 1145)
(1114, 1145)
(1113, 1145)
(1112, 1145)
(1111, 1145)
(1110, 1145)
(1109, 1145)
(1108, 1145)
(1107, 1145)
(1106, 1145)
(1105, 1145)
(1104, 1145)
(1103, 1145)
(1102, 1145)
(1101, 1145)
(1100, 1145)
(1099, 1145)
(1098, 1145)
(1097, 1145)
(1096, 1145)
(1095, 1145)
(1094, 1145)
(1093, 1145)
(1092, 1145)
(1091, 1145)
(1090, 1145)
(1089, 1145)
(1088, 1145)
(1087, 1145)
(1086, 1145)
(1085, 1145)
(1084, 1145)
(1083, 1145)
(1082, 1145)
(1081, 1145)
(1080, 1145)
(1079, 1145)
(1078, 1145)
(1077, 1145)
(1076, 1145)
(1075, 1145)
(1074, 1145)
(1073, 1145)
(1072, 1145)
(1071, 1145)
(1070, 1145)
(1069, 1145)
(1068, 1145)
(1067, 1145)
(1066, 1145)
(1065, 1145)
(1064, 1145)
(1063, 1145)
(1062, 1145)
(1061, 1145)
(1060, 1145)
(1059, 1145)
(1058, 1145)
(1057, 1145)
(1056, 1145)
(1055, 1145)
(1054, 1145)
(1053, 1145)
(1052, 1145)
(1051, 1145)
(1050, 1145)
(1049, 1145)
(1048, 1145)
(1047, 1145)
(1046, 1145)
(1045, 1145)
(1044, 1145)
(1043, 1145)
(1042, 1145)
(1041, 1145)
(1040, 1145)
(1039, 1145)
(1038, 1145)
(1037, 1145)
(1036, 1145)
(1035, 1145)
(1034, 1145)
(1033, 1145)
(1032, 1145)
(1031, 1145)
(1030, 1145)
(1029, 1145)
(1028, 1145)
(1027, 1145)
(1026, 1145)
(1025, 1145)
(1024, 1145)
(1023, 1145)
(1022, 1145)
(1021, 1145)
(1020, 1145)
(1019, 1145)
(1018, 1145)
(1017, 1145)
(1016, 1145)
(1015, 1145)
(1014, 1145)
(1013, 1145)
(1012, 1145)
(1011, 1145)
(1010, 1145)
(1009, 1145)
(1008, 1145)
(1007, 1145)
(1006, 1145)
(1005, 1145)
(1004, 1145)
(1003, 1145)
(1002, 1145)
(1001, 1145)
(1000, 1145)
(999, 1145)
(998, 1145)
(997, 1145)
(996, 1145)
(995, 1145)
(994, 1145)
(993, 1145)
(992, 1145)
(991, 1145)
(990, 1145)
(989, 1145)
(988, 1145)
(987, 1145)
(986, 1145)
(985, 1145)
(984, 1145)
(983, 1145)
(982, 1145)
(981, 1145)
(980, 1145)
(979, 1145)
(978, 1145)
(977, 1145)
(976, 1145)
(975, 1145)
(974, 1145)
(973, 1145)
(972, 1145)
(971, 1145)
(970, 1145)
(969, 1145)
(968, 1145)
(967, 1145)
(966, 1145)
(965, 1145)
(964, 1145)
(963, 1145)
(962, 1145)
(961, 1145)
(960, 1145)
(959, 1145)
(958, 1145)
(957, 1145)
(956, 1145)
(955, 1145)
(954, 1145)
(953, 1145)
(952, 1145)
(951, 1145)
(950, 1145)
(949, 1145)
(948, 1145)
(947, 1145)
(946, 1145)
(945, 1145)
(944, 1145)
(943, 1145)
(942, 1145)
(941, 1145)
(940, 1145)
(939, 1145)
(938, 1145)
(937, 1145)
(936, 1145)
(935, 1145)
(934, 1145)
(933, 1145)
(932, 1145)
(931, 1145)
(930, 1145)
(929, 1145)
(928, 1145)
(927, 1145)
(926, 1145)
(925, 1145)
(924, 1145)
(923, 1145)
(922, 1145)
(921, 1145)
(920, 1145)
(919, 1145)
(918, 1145)
(917, 1145)
(916, 1145)
(915, 1145)
(914, 1145)
(913, 1145)
(912, 1145)
(911, 1145)
(910, 1145)
(909, 1145)
(908, 1145)
(907, 1145)
(906, 1145)
(905, 1145)
(904, 1145)
(903, 1145)
(902, 1145)
(901, 1145)
(900, 1145)
(899, 1145)
(898, 1145)
(897, 1145)
(896, 1145)
(895, 1145)
(894, 1145)
(893, 1145)
(892, 1145)
(891, 1145)
(890, 1145)
(889, 1145)
(888, 1145)
(887, 1145)
(886, 1145)
(885, 1145)
(884, 1145)
(883, 1145)
(882, 1145)
(881, 1145)
(880, 1145)
(879, 1145)
(878, 1145)
(877, 1145)
(876, 1145)
(875, 1145)
(874, 1145)
(873, 1145)
(872, 1145)
(871, 1145)
(870, 1145)
(869, 1145)
(868, 1145)
(867, 1145)
(866, 1145)
(865, 1145)
(864, 1145)
(863, 1145)
(862, 1145)
(861, 1145)
(860, 1145)
(859, 1145)
(858, 1145)
(857, 1145)
(856, 1145)
(855, 1145)
(854, 1145)
(853, 1145)
(852, 1145)
(851, 1145)
(850, 1145)
(849, 1145)
(848, 1145)
(847, 1145)
(846, 1145)
(845, 1145)
(844, 1145)
(843, 1145)
(842, 1145)
(841, 1145)
(840, 1145)
(839, 1145)
(838, 1145)
(837, 1145)
(836, 1145)
(835, 1145)
(834, 1145)
(833, 1145)
(832, 1145)
(831, 1145)
(830, 1145)
(829, 1145)
(828, 1145)
(827, 1145)
(826, 1145)
(825, 1145)
(824, 1145)
(823, 1145)
(822, 1145)
(821, 1145)
(820, 1145)
(819, 1145)
(818, 1145)
(817, 1145)
(816, 1145)
(815, 1145)
(814, 1145)
(813, 1145)
(812, 1145)
(811, 1145)
(810, 1145)
(809, 1145)
(808, 1145)
(807, 1145)
(806, 1145)
(805, 1145)
(804, 1145)
(803, 1145)
(802, 1145)
(801, 1145)
(800, 1145)
(799, 1145)
(798, 1145)
(797, 1145)
(796, 1145)
(795, 1145)
(794, 1145)
(793, 1145)
(792, 1145)
(791, 1145)
(790, 1145)
(789, 1145)
(788, 1145)
(787, 1145)
(786, 1145)
(785, 1145)
(784, 1145)
(783, 1145)
(782, 1145)
(781, 1145)
(780, 1145)
(779, 1145)
(778, 1145)
(777, 1145)
(776, 1145)
(775, 1145)
(774, 1145)
(773, 1145)
(772, 1145)
(771, 1145)
(770, 1145)
(769, 1145)
(768, 1145)
(767, 1145)
(766, 1145)
(765, 1145)
(764, 1145)
(763, 1145)
(762, 1145)
(761, 1145)
(760, 1145)
(759, 1145)
(758, 1145)
(757, 1145)
(756, 1145)
(755, 1145)
(754, 1145)
(753, 1145)
(752, 1145)
(751, 1145)
(750, 1145)
(749, 1145)
(748, 1145)
(747, 1145)
(746, 1145)
(745, 1145)
(744, 1145)
(743, 1145)
(742, 1145)
(741, 1145)
(740, 1145)
(739, 1145)
(738, 1145)
(737, 1145)
(736, 1145)
(735, 1145)
(734, 1145)
(733, 1145)
(732, 1145)
(731, 1145)
(730, 1145)
(729, 1145)
(728, 1145)
(727, 1145)
(726, 1145)
(725, 1145)
(724, 1145)
(723, 1145)
(722, 1145)
(721, 1145)
(720, 1145)
(719, 1145)
(718, 1145)
(717, 1145)
(716, 1145)
(715, 1145)
(714, 1145)
(713, 1145)
(712, 1145)
(711, 1145)
(710, 1145)
(709, 1145)
(708, 1145)
(707, 1145)
(706, 1145)
(705, 1145)
(704, 1145)
(703, 1145)
(702, 1145)
(701, 1145)
(700, 1145)
(699, 1145)
(698, 1145)
(697, 1145)
(696, 1145)
(695, 1145)
(694, 1145)
(693, 1145)
(692, 1145)
(691, 1145)
(690, 1145)
(689, 1145)
(688, 1145)
(687, 1145)
(686, 1145)
(685, 1145)
(684, 1145)
(683, 1145)
(682, 1145)
(681, 1145)
(680, 1145)
(679, 1145)
(678, 1145)
(677, 1145)
(676, 1145)
(675, 1145)
(674, 1145)
(673, 1145)
(672, 1145)
(671, 1145)
(670, 1145)
(669, 1145)
(668, 1145)
(667, 1145)
(666, 1145)
(665, 1145)
(664, 1145)
(663, 1145)
(662, 1145)
(661, 1145)
(660, 1145)
(659, 1145)
(658, 1145)
(657, 1145)
(656, 1145)
(655, 1145)
(654, 1145)
(653, 1145)
(652, 1145)
(651, 1145)
(650, 1145)
(649, 1145)
(648, 1145)
(647, 1145)
(646, 1145)
(645, 1145)
(644, 1145)
(643, 1145)
(642, 1145)
(641, 1145)
(640, 1145)
(639, 1145)
(638, 1145)
(637, 1145)
(636, 1145)
(635, 1145)
(634, 1145)
(633, 1145)
(632, 1145)
(631, 1145)
(630, 1145)
(629, 1145)
(628, 1145)
(627, 1145)
(626, 1145)
(625, 1145)
(624, 1145)
(623, 1145)
(622, 1145)
(621, 1145)
(620, 1145)
(619, 1145)
(618, 1145)
(617, 1145)
(616, 1145)
(615, 1145)
(614, 1145)
(613, 1145)
(612, 1145)
(611, 1145)
(610, 1145)
(609, 1145)
(608, 1145)
(607, 1145)
(606, 1145)
(605, 1145)
(604, 1145)
(603, 1145)
(602, 1145)
(601, 1145)
(600, 1145)
(599, 1145)
(598, 1145)
(597, 1145)
(596, 1145)
(595, 1145)
(594, 1145)
(593, 1145)
(592, 1145)
(591, 1145)
(590, 1145)
(589, 1145)
(588, 1145)
(587, 1145)
(586, 1145)
(585, 1145)
(584, 1145)
(583, 1145)
(582, 1145)
(581, 1145)
(580, 1145)
(579, 1145)
(578, 1145)
(577, 1145)
(576, 1145)
(575, 1145)
(574, 1145)
(573, 1145)
(572, 1145)
(571, 1145)
(570, 1145)
(569, 1145)
(568, 1145)
(567, 1145)
(566, 1145)
(565, 1145)
(564, 1145)
(563, 1145)
(562, 1145)
(561, 1145)
(560, 1145)
(559, 1145)
(558, 1145)
(557, 1145)
(556, 1145)
(555, 1145)
(554, 1145)
(553, 1145)
(552, 1145)
(551, 1145)
(550, 1145)
(549, 1145)
(548, 1145)
(547, 1145)
(546, 1145)
(545, 1145)
(544, 1145)
(543, 1145)
(542, 1145)
(541, 1145)
(540, 1145)
(539, 1145)
(538, 1145)
(537, 1145)
(536, 1145)
(535, 1145)
(534, 1145)
(533, 1145)
(532, 1145)
(531, 1145)
(530, 1145)
(529, 1145)
(528, 1145)
(527, 1145)
(526, 1145)
(525, 1145)
(524, 1145)
(523, 1145)
(522, 1145)
(521, 1145)
(520, 1145)
(519, 1145)
(518, 1145)
(517, 1145)
(516, 1145)
(515, 1145)
(514, 1145)
(513, 1145)
(512, 1145)
(511, 1145)
(510, 1145)
(509, 1145)
(508, 1145)
(507, 1145)
(506, 1145)
(505, 1145)
(504, 1145)
(503, 1145)
(502, 1145)
(501, 1145)
(500, 1145)
(499, 1145)
(498, 1145)
(497, 1145)
(496, 1145)
(495, 1145)
(494, 1145)
(493, 1145)
(492, 1145)
(491, 1145)
(490, 1145)
(489, 1145)
(488, 1145)
(487, 1145)
(486, 1145)
(485, 1145)
(484, 1145)
(483, 1145)
(482, 1145)
(481, 1145)
(480, 1145)
(479, 1145)
(478, 1145)
(477, 1145)
(476, 1145)
(475, 1145)
(474, 1145)
(473, 1145)
(472, 1145)
(471, 1145)
(470, 1145)
(469, 1145)
(468, 1145)
(467, 1145)
(466, 1145)
(465, 1145)
(464, 1145)
(463, 1145)
(462, 1145)
(461, 1145)
(460, 1145)
(459, 1145)
(458, 1145)
(457, 1145)
(456, 1145)
(455, 1145)
(454, 1145)
(453, 1145)
(452, 1145)
(451, 1145)
(450, 1145)
(449, 1145)
(448, 1145)
(447, 1145)
(446, 1145)
(445, 1145)
(444, 1145)
(443, 1145)
(442, 1145)
(441, 1145)
(440, 1145)
(439, 1145)
(438, 1145)
(437, 1145)
(436, 1145)
(435, 1145)
(434, 1145)
(433, 1145)
(432, 1145)
(431, 1145)
(430, 1145)
(429, 1145)
(428, 1145)
(427, 1145)
(426, 1145)
(425, 1145)
(424, 1145)
(423, 1145)
(422, 1145)
(421, 1145)
(420, 1145)
(419, 1145)
(418, 1145)
(417, 1145)
(416, 1145)
(415, 1145)
(414, 1145)
(413, 1145)
(412, 1145)
(411, 1145)
(410, 1145)
(409, 1145)
(408, 1145)
(407, 1145)
(406, 1145)
(405, 1145)
(404, 1145)
(403, 1145)
(402, 1145)
(401, 1145)
(400, 1145)
(399, 1145)
(398, 1145)
(397, 1145)
(396, 1145)
(395, 1145)
(394, 1145)
(393, 1145)
(392, 1145)
(391, 1145)
(390, 1145)
(389, 1145)
(388, 1145)
(387, 1145)
(386, 1145)
(385, 1145)
(384, 1145)
(383, 1145)
(382, 1145)
(381, 1145)
(380, 1145)
(379, 1145)
(378, 1145)
(377, 1145)
(376, 1145)
(375, 1145)
(374, 1145)
(373, 1145)
(372, 1145)
(371, 1145)
(370, 1145)
(369, 1145)
(368, 1145)
(367, 1145)
(366, 1145)
(365, 1145)
(364, 1145)
(363, 1145)
(362, 1145)
(361, 1145)
(360, 1145)
(359, 1145)
(358, 1145)
(357, 1145)
(356, 1145)
(355, 1145)
(354, 1145)
(353, 1145)
(352, 1145)
(351, 1145)
(350, 1145)
(349, 1145)
(348, 1145)
(347, 1145)
(346, 1145)
(345, 1145)
(344, 1145)
(343, 1145)
(342, 1145)
(341, 1145)
(340, 1145)
(339, 1145)
(338, 1145)
(337, 1145)
(336, 1145)
(335, 1145)
(334, 1145)
(333, 1145)
(332, 1145)
(331, 1145)
(330, 1145)
(329, 1145)
(328, 1145)
(327, 1145)
(326, 1145)
(325, 1145)
(324, 1145)
(323, 1145)
(322, 1145)
(321, 1145)
(320, 1145)
(319, 1145)
(318, 1145)
(317, 1145)
(316, 1145)
(315, 1145)
(314, 1145)
(313, 1145)
(312, 1145)
(311, 1145)
(310, 1145)
(309, 1145)
(308, 1145)
(307, 1145)
(306, 1145)
(305, 1145)
(304, 1145)
(303, 1145)
(302, 1145)
(301, 1145)
(300, 1145)
(299, 1145)
(298, 1145)
(297, 1145)
(296, 1145)
(295, 1145)
(294, 1145)
(293, 1145)
(292, 1145)
(291, 1145)
(290, 1145)
(289, 1145)
(288, 1145)
(287, 1145)
(286, 1145)
(285, 1145)
(284, 1145)
(283, 1145)
(282, 1145)
(281, 1145)
(280, 1145)
(279, 1145)
(278, 1145)
(277, 1145)
(276, 1145)
(275, 1145)
(274, 1145)
(273, 1145)
(272, 1145)
(271, 1145)
(270, 1145)
(269, 1145)
(268, 1145)
(267, 1145)
(266, 1145)
(266, 1146)
(266, 1147)
(267, 1148)
(267, 1149)
(267, 1150)
(268, 1151)
(268, 1152)
(268, 1153)
(269, 1154)
(269, 1155)
(269, 1156)
(270, 1157)
(270, 1158)
(270, 1159)
(271, 1160)
(271, 1161)
(271, 1162)
(272, 1163)
(272, 1164)
(272, 1165)
(273, 1166)
(273, 1167)
(273, 1168)
(274, 1169)
(274, 1170)
(274, 1171)
(275, 1172)
(275, 1173)
(275, 1174)
(276, 1175)
(276, 1176)
(276, 1177)
(277, 1178)
(277, 1179)
(277, 1180)
(278, 1181)
(278, 1182)
(278, 1183)
(279, 1184)
(279, 1185)
(279, 1186)
(280, 1187)
(280, 1188)
(280, 1189)
(281, 1190)
(281, 1191)
(281, 1192)
(282, 1193)
(282, 1194)
(282, 1195)
(283, 1196)
(283, 1197)
(283, 1198)
(284, 1199)
(284, 1200)
(284, 1201)
(285, 1202)
(285, 1203)
(285, 1204)
(286, 1205)
(286, 1206)
(286, 1207)
(287, 1208)
(287, 1209)
(287, 1210)
(288, 1211)
(288, 1212)
(288, 1213)
(289, 1215)
(289, 1216)
(290, 1218)
(290, 1219)
(291, 1221)
(291, 1222)
(292, 1224)
(292, 1225)
(293, 1227)
(293, 1228)
(294, 1230)
(294, 1231)
(295, 1233)
(295, 1234)
(296, 1236)
(296, 1237)
(297, 1239)
(297, 1240)
(298, 1242)
(298, 1243)
(299, 1245)
(299, 1245)
(300, 1245)
(301, 1245)
(302, 1245)
(303, 1245)
(304, 1245)
(305, 1245)
(306, 1245)
(307, 1245)
(308, 1245)
(309, 1245)
(310, 1245)
(311, 1245)
(312, 1245)
(313, 1245)
(314, 1245)
(315, 1245)
(316, 1245)
(317, 1245)
(318, 1245)
(319, 1245)
(320, 1245)
(321, 1245)
(322, 1245)
(323, 1245)
(324, 1245)
(325, 1245)
(326, 1245)
(327, 1245)
(328, 1245)
(329, 1245)
(330, 1245)
(331, 1245)
(332, 1245)
(333, 1245)
(334, 1245)
(335, 1245)
(336, 1245)
(337, 1245)
(338, 1245)
(339, 1245)
(340, 1245)
(341, 1245)
(342, 1245)
(343, 1245)
(344, 1245)
(345, 1245)
(346, 1245)
(347, 1245)
(348, 1245)
(349, 1245)
(350, 1245)
(351, 1245)
(352, 1245)
(353, 1245)
(354, 1245)
(355, 1245)
(356, 1245)
(357, 1245)
(358, 1245)
(359, 1245)
(360, 1245)
(361, 1245)
(362, 1245)
(363, 1245)
(364, 1245)
(365, 1245)
(366, 1245)
(367, 1245)
(368, 1245)
(369, 1245)
(370, 1245)
(371, 1245)
(372, 1245)
(373, 1245)
(374, 1245)
(375, 1245)
(376, 1245)
(377, 1245)
(378, 1245)
(379, 1245)
(380, 1245)
(381, 1245)
(382, 1245)
(383, 1245)
(384, 1245)
(385, 1245)
(386, 1245)
(387, 1245)
(388, 1245)
(389, 1245)
(390, 1245)
(391, 1245)
(392, 1245)
(393, 1245)
(394, 1245)
(395, 1245)
(396, 1245)
(397, 1245)
(398, 1245)
(399, 1245)
(400, 1245)
(401, 1245)
(402, 1245)
(403, 1245)
(404, 1245)
(405, 1245)
(406, 1245)
(407, 1245)
(408, 1245)
(409, 1245)
(410, 1245)
(411, 1245)
(412, 1245)
(413, 1245)
(414, 1245)
(415, 1245)
(416, 1245)
(417, 1245)
(418, 1245)
(419, 1245)
(420, 1245)
(421, 1245)
(422, 1245)
(423, 1245)
(424, 1245)
(425, 1245)
(426, 1245)
(427, 1245)
(428, 1245)
(429, 1245)
(430, 1245)
(431, 1245)
(432, 1245)
(433, 1245)
(434, 1245)
(435, 1245)
(436, 1245)
(437, 1245)
(438, 1245)
(439, 1245)
(440, 1245)
(441, 1245)
(442, 1245)
(443, 1245)
(444, 1245)
(445, 1245)
(446, 1245)
(447, 1245)
(448, 1245)
(449, 1245)
(450, 1245)
(451, 1245)
(452, 1245)
(453, 1245)
(454, 1245)
(455, 1245)
(456, 1245)
(457, 1245)
(458, 1245)
(459, 1245)
(460, 1245)
(461, 1245)
(462, 1245)
(463, 1245)
(464, 1245)
(465, 1245)
(466, 1245)
(467, 1245)
(468, 1245)
(469, 1245)
(470, 1245)
(471, 1245)
(472, 1245)
(473, 1245)
(474, 1245)
(475, 1245)
(476, 1245)
(477, 1245)
(478, 1245)
(479, 1245)
(480, 1245)
(481, 1245)
(482, 1245)
(483, 1245)
(484, 1245)
(485, 1245)
(486, 1245)
(487, 1245)
(488, 1245)
(489, 1245)
(490, 1245)
(491, 1245)
(492, 1245)
(493, 1245)
(494, 1245)
(495, 1245)
(496, 1245)
(497, 1245)
(498, 1245)
(499, 1245)
(500, 1245)
(501, 1245)
(502, 1245)
(503, 1245)
(504, 1245)
(505, 1245)
(506, 1245)
(507, 1245)
(508, 1245)
(509, 1245)
(510, 1245)
(511, 1245)
(512, 1245)
(513, 1245)
(514, 1245)
(515, 1245)
(516, 1245)
(517, 1245)
(518, 1245)
(519, 1245)
(520, 1245)
(521, 1245)
(522, 1245)
(523, 1245)
(524, 1245)
(525, 1245)
(526, 1245)
(527, 1245)
(528, 1245)
(529, 1245)
(530, 1245)
(531, 1245)
(532, 1245)
(533, 1245)
(534, 1245)
(535, 1245)
(536, 1245)
(537, 1245)
(538, 1245)
(539, 1245)
(540, 1245)
(541, 1245)
(542, 1245)
(543, 1245)
(544, 1245)
(545, 1245)
(546, 1245)
(547, 1245)
(548, 1245)
(549, 1245)
(550, 1245)
(551, 1245)
(552, 1245)
(553, 1245)
(554, 1245)
(555, 1245)
(556, 1245)
(557, 1245)
(558, 1245)
(559, 1245)
(560, 1245)
(561, 1245)
(562, 1245)
(563, 1245)
(564, 1245)
(565, 1245)
(566, 1245)
(567, 1245)
(568, 1245)
(569, 1245)
(570, 1245)
(571, 1245)
(572, 1245)
(573, 1245)
(574, 1245)
(575, 1245)
(576, 1245)
(577, 1245)
(578, 1245)
(579, 1245)
(580, 1245)
(581, 1245)
(582, 1245)
(583, 1245)
(584, 1245)
(585, 1245)
(586, 1245)
(587, 1245)
(588, 1245)
(589, 1245)
(590, 1245)
(591, 1245)
(592, 1245)
(593, 1245)
(594, 1245)
(595, 1245)
(596, 1245)
(597, 1245)
(598, 1245)
(599, 1245)
(600, 1245)
(601, 1245)
(602, 1245)
(603, 1245)
(604, 1245)
(605, 1245)
(606, 1245)
(607, 1245)
(608, 1245)
(609, 1245)
(610, 1245)
(611, 1245)
(612, 1245)
(613, 1245)
(614, 1245)
(615, 1245)
(616, 1245)
(617, 1245)
(618, 1245)
(619, 1245)
(620, 1245)
(621, 1245)
(622, 1245)
(623, 1245)
(624, 1245)
(625, 1245)
(626, 1245)
(627, 1245)
(628, 1245)
(629, 1245)
(630, 1245)
(631, 1245)
(632, 1245)
(633, 1245)
(634, 1245)
(635, 1245)
(636, 1245)
(637, 1245)
(638, 1245)
(639, 1245)
(640, 1245)
(641, 1245)
(642, 1245)
(643, 1245)
(644, 1245)
(645, 1245)
(646, 1245)
(647, 1245)
(648, 1245)
(649, 1245)
(650, 1245)
(651, 1245)
(652, 1245)
(653, 1245)
(654, 1245)
(655, 1245)
(656, 1245)
(657, 1245)
(658, 1245)
(659, 1245)
(660, 1245)
(661, 1245)
(662, 1245)
(663, 1245)
(664, 1245)
(665, 1245)
(666, 1245)
(667, 1245)
(668, 1245)
(669, 1245)
(670, 1245)
(671, 1245)
(672, 1245)
(673, 1245)
(674, 1245)
(675, 1245)
(676, 1245)
(677, 1245)
(678, 1245)
(679, 1245)
(680, 1245)
(681, 1245)
(682, 1245)
(683, 1245)
(684, 1245)
(685, 1245)
(686, 1245)
(687, 1245)
(688, 1245)
(689, 1245)
(690, 1245)
(691, 1245)
(692, 1245)
(693, 1245)
(694, 1245)
(695, 1245)
(696, 1245)
(697, 1245)
(698, 1245)
(699, 1245)
(700, 1245)
(701, 1245)
(702, 1245)
(703, 1245)
(704, 1245)
(705, 1245)
(706, 1245)
(707, 1245)
(708, 1245)
(709, 1245)
(710, 1245)
(711, 1245)
(712, 1245)
(713, 1245)
(714, 1245)
(715, 1245)
(716, 1245)
(717, 1245)
(718, 1245)
(719, 1245)
(720, 1245)
(721, 1245)
(722, 1245)
(723, 1245)
(724, 1245)
(725, 1245)
(726, 1245)
(727, 1245)
(728, 1245)
(729, 1245)
(730, 1245)
(731, 1245)
(732, 1245)
(733, 1245)
(734, 1245)
(735, 1245)
(736, 1245)
(737, 1245)
(738, 1245)
(739, 1245)
(740, 1245)
(741, 1245)
(742, 1245)
(743, 1245)
(744, 1245)
(745, 1245)
(746, 1245)
(747, 1245)
(748, 1245)
(749, 1245)
(750, 1245)
(751, 1245)
(752, 1245)
(753, 1245)
(754, 1245)
(755, 1245)
(756, 1245)
(757, 1245)
(758, 1245)
(759, 1245)
(760, 1245)
(761, 1245)
(762, 1245)
(763, 1245)
(764, 1245)
(765, 1245)
(766, 1245)
(767, 1245)
(768, 1245)
(769, 1245)
(770, 1245)
(771, 1245)
(772, 1245)
(773, 1245)
(774, 1245)
(775, 1245)
(776, 1245)
(777, 1245)
(778, 1245)
(779, 1245)
(780, 1245)
(781, 1245)
(782, 1245)
(783, 1245)
(784, 1245)
(785, 1245)
(786, 1245)
(787, 1245)
(788, 1245)
(789, 1245)
(790, 1245)
(791, 1245)
(792, 1245)
(793, 1245)
(794, 1245)
(795, 1245)
(796, 1245)
(797, 1245)
(798, 1245)
(799, 1245)
(800, 1245)
(801, 1245)
(802, 1245)
(803, 1245)
(804, 1245)
(805, 1245)
(806, 1245)
(807, 1245)
(808, 1245)
(809, 1245)
(810, 1245)
(811, 1245)
(812, 1245)
(813, 1245)
(814, 1245)
(815, 1245)
(816, 1245)
(817, 1245)
(818, 1245)
(819, 1245)
(820, 1245)
(821, 1245)
(822, 1245)
(823, 1245)
(824, 1245)
(825, 1245)
(826, 1245)
(827, 1245)
(828, 1245)
(829, 1245)
(830, 1245)
(831, 1245)
(832, 1245)
(833, 1245)
(834, 1245)
(835, 1245)
(836, 1245)
(837, 1245)
(838, 1245)
(839, 1245)
(840, 1245)
(841, 1245)
(842, 1245)
(843, 1245)
(844, 1245)
(845, 1245)
(846, 1245)
(847, 1245)
(848, 1245)
(849, 1245)
(850, 1245)
(851, 1245)
(852, 1245)
(853, 1245)
(854, 1245)
(855, 1245)
(856, 1245)
(857, 1245)
(858, 1245)
(859, 1245)
(860, 1245)
(861, 1245)
(862, 1245)
(863, 1245)
(864, 1245)
(865, 1245)
(866, 1245)
(867, 1245)
(868, 1245)
(869, 1245)
(870, 1245)
(871, 1245)
(872, 1245)
(873, 1245)
(874, 1245)
(875, 1245)
(876, 1245)
(877, 1245)
(878, 1245)
(879, 1245)
(880, 1245)
(881, 1245)
(882, 1245)
(883, 1245)
(884, 1245)
(885, 1245)
(886, 1245)
(887, 1245)
(888, 1245)
(889, 1245)
(890, 1245)
(891, 1245)
(892, 1245)
(893, 1245)
(894, 1245)
(895, 1245)
(896, 1245)
(897, 1245)
(898, 1245)
(899, 1245)
(900, 1245)
(901, 1245)
(902, 1245)
(903, 1245)
(904, 1245)
(905, 1245)
(906, 1245)
(907, 1245)
(908, 1245)
(909, 1245)
(910, 1245)
(911, 1245)
(912, 1245)
(913, 1245)
(914, 1245)
(915, 1245)
(916, 1245)
(917, 1245)
(918, 1245)
(919, 1245)
(920, 1245)
(921, 1245)
(922, 1245)
(923, 1245)
(924, 1245)
(925, 1245)
(926, 1245)
(927, 1245)
(928, 1245)
(929, 1245)
(930, 1245)
(931, 1245)
(932, 1245)
(933, 1245)
(934, 1245)
(935, 1245)
(936, 1245)
(937, 1245)
(938, 1245)
(939, 1245)
(940, 1245)
(941, 1245)
(942, 1245)
(943, 1245)
(944, 1245)
(945, 1245)
(946, 1245)
(947, 1245)
(948, 1245)
(949, 1245)
(950, 1245)
(951, 1245)
(952, 1245)
(953, 1245)
(954, 1245)
(955, 1245)
(956, 1245)
(957, 1245)
(958, 1245)
(959, 1245)
(960, 1245)
(961, 1245)
(962, 1245)
(963, 1245)
(964, 1245)
(965, 1245)
(966, 1245)
(967, 1245)
(968, 1245)
(969, 1245)
(970, 1245)
(971, 1245)
(972, 1245)
(973, 1245)
(974, 1245)
(975, 1245)
(976, 1245)
(977, 1245)
(978, 1245)
(979, 1245)
(980, 1245)
(981, 1245)
(982, 1245)
(983, 1245)
(984, 1245)
(985, 1245)
(986, 1245)
(987, 1245)
(988, 1245)
(989, 1245)
(990, 1245)
(991, 1245)
(992, 1245)
(993, 1245)
(994, 1245)
(995, 1245)
(996, 1245)
(997, 1245)
(998, 1245)
(999, 1245)
(1000, 1245)
(1001, 1245)
(1002, 1245)
(1003, 1245)
(1004, 1245)
(1005, 1245)
(1006, 1245)
(1007, 1245)
(1008, 1245)
(1009, 1245)
(1010, 1245)
(1011, 1245)
(1012, 1245)
(1013, 1245)
(1014, 1245)
(1015, 1245)
(1016, 1245)
(1017, 1245)
(1018, 1245)
(1019, 1245)
(1020, 1245)
(1021, 1245)
(1022, 1245)
(1023, 1245)
(1024, 1245)
(1025, 1245)
(1026, 1245)
(1027, 1245)
(1028, 1245)
(1029, 1245)
(1030, 1245)
(1031, 1245)
(1032, 1245)
(1033, 1245)
(1034, 1245)
(1035, 1245)
(1036, 1245)
(1037, 1245)
(1038, 1245)
(1039, 1245)
(1040, 1245)
(1041, 1245)
(1042, 1245)
(1043, 1245)
(1044, 1245)
(1045, 1245)
(1046, 1245)
(1047, 1245)
(1048, 1245)
(1049, 1245)
(1050, 1245)
(1051, 1245)
(1052, 1245)
(1053, 1245)
(1054, 1245)
(1055, 1245)
(1056, 1245)
(1057, 1245)
(1058, 1245)
(1059, 1245)
(1060, 1245)
(1061, 1245)
(1062, 1245)
(1063, 1245)
(1064, 1245)
(1065, 1245)
(1066, 1245)
(1067, 1245)
(1068, 1245)
(1069, 1245)
(1070, 1245)
(1071, 1245)
(1072, 1245)
(1073, 1245)
(1074, 1245)
(1075, 1245)
(1076, 1245)
(1077, 1245)
(1078, 1245)
(1079, 1245)
(1080, 1245)
(1081, 1245)
(1082, 1245)
(1083, 1245)
(1084, 1245)
(1085, 1245)
(1086, 1245)
(1087, 1245)
(1088, 1245)
(1089, 1245)
(1090, 1245)
(1091, 1245)
(1092, 1245)
(1093, 1245)
(1094, 1245)
(1095, 1245)
(1096, 1245)
(1097, 1245)
(1098, 1245)
(1099, 1245)
(1100, 1245)
(1101, 1245)
(1102, 1245)
(1103, 1245)
(1104, 1245)
(1105, 1245)
(1106, 1245)
(1107, 1245)
(1108, 1245)
(1109, 1245)
(1110, 1245)
(1111, 1245)
(1112, 1245)
(1113, 1245)
(1114, 1245)
(1115, 1245)
(1116, 1245)
(1117, 1245)
(1118, 1245)
(1119, 1245)
(1120, 1245)
(1121, 1245)
(1122, 1245)
(1123, 1245)
(1124, 1245)
(1125, 1245)
(1126, 1245)
(1127, 1245)
(1128, 1245)
(1129, 1245)
(1130, 1245)
(1131, 1245)
(1132, 1245)
(1133, 1245)
(1134, 1245)
(1135, 1245)
(1136, 1245)
(1137, 1245)
(1138, 1245)
(1139, 1245)
(1140, 1245)
(1141, 1245)
(1142, 1245)
(1143, 1245)
(1144, 1245)
(1145, 1245)
(1146, 1245)
(1147, 1245)
(1148, 1245)
(1149, 1245)
(1150, 1245)
(1151, 1245)
(1152, 1245)
(1153, 1245)
(1154, 1245)
(1155, 1245)
(1156, 1245)
(1157, 1245)
(1158, 1245)
(1159, 1245)
(1160, 1245)
(1161, 1245)
(1162, 1245)
(1163, 1245)
(1164, 1245)
(1165, 1245)
(1166, 1245)
(1167, 1245)
(1168, 1245)
(1169, 1245)
(1170, 1245)
(1171, 1245)
(1172, 1245)
(1173, 1245)
(1174, 1245)
(1175, 1245)
(1176, 1245)
(1177, 1245)
(1178, 1245)
(1179, 1245)
(1180, 1245)
(1181, 1245)
(1182, 1245)
(1183, 1245)
(1184, 1245)
(1185, 1245)
(1186, 1245)
(1187, 1245)
(1188, 1245)
(1189, 1245)
(1190, 1245)
(1191, 1245)
(1192, 1245)
(1193, 1245)
(1194, 1245)
(1195, 1245)
(1196, 1245)
(1197, 1245)
(1198, 1245)
(1199, 1245)
(1200, 1245)
(1201, 1245)
(1202, 1245)
(1203, 1245)
(1204, 1245)
(1205, 1245)
(1206, 1245)
(1207, 1245)
(1208, 1245)
(1209, 1245)
(1210, 1245)
(1211, 1245)
(1212, 1245)
(1213, 1245)
(1214, 1245)
(1215, 1245)
(1216, 1245)
(1217, 1245)
(1218, 1245)
(1219, 1245)
(1220, 1245)
(1221, 1245)
(1222, 1245)
(1223, 1245)
(1224, 1245)
(1225, 1245)
(1226, 1245)
(1227, 1245)
(1228, 1245)
(1229, 1245)
(1230, 1245)
(1231, 1245)
(1232, 1245)
(1233, 1245)
(1234, 1245)
(1235, 1245)
(1236, 1245)
(1237, 1245)
(1238, 1245)
(1239, 1245)
(1240, 1245)
(1241, 1245)
(1242, 1245)
(1243, 1245)
(1244, 1245)
(1245, 1245)
(1246, 1245)
(1247, 1245)
(1248, 1245)
(1249, 1245)
(1250, 1245)
(1251, 1245)
(1252, 1245)
(1253, 1245)
(1254, 1245)
(1255, 1245)
(1256, 1245)
(1257, 1245)
(1258, 1245)
(1259, 1245)
(1260, 1245)
(1261, 1245)
(1262, 1245)
(1263, 1245)
(1264, 1245)
(1265, 1245)
(1266, 1245)
(1267, 1245)
(1268, 1245)
(1269, 1245)
(1270, 1245)
(1271, 1245)
(1272, 1245)
(1273, 1245)
(1274, 1245)
(1275, 1245)
(1276, 1245)
(1277, 1245)
(1278, 1245)
(1279, 1245)
(1280, 1245)
(1281, 1245)
(1282, 1245)
(1283, 1245)
(1284, 1245)
(1285, 1245)
(1286, 1245)
(1287, 1245)
(1288, 1245)
(1289, 1245)
(1290, 1245)
(1291, 1245)
(1292, 1245)
(1293, 1245)
(1294, 1245)
(1295, 1245)
(1296, 1245)
(1297, 1245)
(1298, 1245)
(1299, 1245)
(1300, 1245)
(1301, 1245)
(1302, 1245)
(1303, 1245)
(1304, 1245)
(1305, 1245)
(1306, 1245)
(1307, 1245)
(1308, 1245)
(1309, 1245)
(1310, 1245)
(1311, 1245)
(1312, 1245)
(1313, 1245)
(1314, 1245)
(1315, 1245)
(1316, 1245)
(1317, 1245)
(1318, 1245)
(1319, 1245)
(1320, 1245)
(1321, 1245)
(1322, 1245)
(1323, 1245)
(1324, 1245)
(1325, 1245)
(1326, 1245)
(1327, 1245)
(1328, 1245)
(1329, 1245)
(1330, 1245)
(1331, 1245)
(1332, 1245)
(1333, 1245)
(1334, 1245)
(1335, 1245)
(1336, 1245)
(1337, 1245)
(1338, 1245)
(1339, 1245)
(1340, 1245)
(1341, 1245)
(1342, 1245)
(1343, 1245)
(1344, 1245)
(1345, 1245)
(1346, 1245)
(1347, 1245)
(1348, 1245)
(1349, 1245)
(1350, 1245)
(1351, 1245)
(1352, 1245)
(1353, 1245)
(1354, 1245)
(1355, 1245)
(1356, 1245)
(1357, 1245)
(1358, 1245)
(1359, 1245)
(1360, 1245)
(1361, 1245)
(1362, 1245)
(1363, 1245)
(1364, 1245)
(1365, 1245)
(1366, 1245)
(1367, 1245)
(1368, 1245)
(1369, 1245)
(1370, 1245)
(1371, 1245)
(1372, 1245)
(1373, 1245)
(1374, 1245)
(1375, 1245)
(1376, 1245)
(1377, 1245)
(1378, 1245)
(1379, 1245)
(1380, 1245)
(1381, 1245)
(1382, 1245)
(1383, 1245)
(1384, 1245)
(1385, 1245)
(1386, 1245)
(1387, 1245)
(1388, 1245)
(1389, 1245)
(1390, 1245)
(1391, 1245)
(1392, 1245)
(1393, 1245)
(1394, 1245)
(1395, 1245)
(1396, 1245)
(1397, 1245)
(1398, 1245)
(1399, 1245)
(1400, 1245)
(1401, 1245)
(1402, 1245)
(1403, 1245)
(1404, 1245)
(1405, 1245)
(1406, 1245)
(1407, 1245)
(1408, 1245)
(1409, 1245)
(1410, 1245)
(1411, 1245)
(1412, 1245)
(1413, 1245)
(1414, 1245)
(1415, 1245)
(1416, 1245)
(1417, 1245)
(1418, 1245)
(1419, 1245)
(1420, 1245)
(1421, 1245)
(1422, 1245)
(1423, 1245)
(1424, 1245)
(1425, 1245)
(1426, 1245)
(1427, 1245)
(1428, 1245)
(1429, 1245)
(1430, 1245)
(1431, 1245)
(1432, 1245)
(1433, 1245)
(1434, 1245)
(1435, 1245)
(1436, 1245)
(1437, 1245)
(1438, 1245)
(1439, 1245)
(1440, 1245)
(1441, 1245)
(1442, 1245)
(1443, 1245)
(1444, 1245)
(1445, 1245)
(1446, 1245)
(1447, 1245)
(1448, 1245)
(1449, 1245)
(1450, 1245)
(1451, 1245)
(1452, 1245)
(1453, 1245)
(1454, 1245)
(1455, 1245)
(1456, 1245)
(1457, 1245)
(1458, 1245)
(1459, 1245)
(1460, 1245)
(1461, 1245)
(1462, 1245)
(1463, 1245)
(1464, 1245)
(1465, 1245)
(1466, 1245)
(1467, 1245)
(1468, 1245)
(1469, 1245)
(1470, 1245)
(1471, 1245)
(1472, 1245)
(1473, 1245)
(1474, 1245)
(1475, 1245)
(1476, 1245)
(1477, 1245)
(1478, 1245)
(1479, 1245)
(1480, 1245)
(1481, 1245)
(1482, 1245)
(1483, 1245)
(1483, 1246)
(1483, 1247)
(1484, 1248)
(1484, 1249)
(1484, 1250)
(1485, 1251)
(1485, 1252)
(1485, 1253)
(1486, 1254)
(1486, 1255)
(1486, 1256)
(1487, 1257)
(1487, 1258)
(1487, 1259)
(1488, 1260)
(1488, 1261)
(1488, 1262)
(1489, 1263)
(1489, 1264)
(1489, 1265)
(1490, 1266)
(1490, 1267)
(1490, 1268)
(1491, 1269)
(1491, 1270)
(1491, 1271)
(1492, 1272)
(1492, 1273)
(1492, 1274)
(1493, 1275)
(1493, 1276)
(1493, 1277)
(1494, 1278)
(1494, 1279)
(1494, 1280)
(1495, 1281)
(1495, 1282)
(1495, 1283)
(1496, 1284)
(1496, 1285)
(1496, 1286)
(1497, 1287)
(1497, 1288)
(1497, 1289)
(1498, 1290)
(1498, 1291)
(1498, 1292)
(1499, 1293)
(1499, 1294)
(1499, 1295)
(1500, 1296)
(1500, 1297)
(1500, 1298)
(1501, 1299)
(1501, 1300)
(1501, 1301)
(1502, 1302)
(1502, 1303)
(1502, 1304)
(1503, 1305)
(1503, 1306)
(1503, 1307)
(1504, 1308)
(1504, 1309)
(1504, 1310)
(1505, 1311)
(1505, 1312)
(1505, 1313)
(1505, 1314)
(1506, 1315)
(1506, 1316)
(1506, 1317)
(1507, 1318)
(1507, 1319)
(1507, 1320)
(1508, 1321)
(1508, 1322)
(1508, 1323)
(1509, 1324)
(1509, 1325)
(1509, 1326)
(1510, 1327)
(1510, 1328)
(1510, 1329)
(1511, 1330)
(1511, 1331)
(1511, 1332)
(1512, 1333)
(1512, 1334)
(1512, 1335)
(1513, 1336)
(1513, 1337)
(1513, 1338)
(1514, 1339)
(1514, 1340)
(1514, 1341)
(1515, 1342)
(1515, 1343)
(1515, 1344)
(1516, 1345)
(1516, 1345)
(1515, 1345)
(1514, 1345)
(1513, 1345)
(1512, 1345)
(1511, 1345)
(1510, 1345)
(1509, 1345)
(1508, 1345)
(1507, 1345)
(1506, 1345)
(1505, 1345)
(1504, 1345)
(1503, 1345)
(1502, 1345)
(1501, 1345)
(1500, 1345)
(1499, 1345)
(1498, 1345)
(1497, 1345)
(1496, 1345)
(1495, 1345)
(1494, 1345)
(1493, 1345)
(1492, 1345)
(1491, 1345)
(1490, 1345)
(1489, 1345)
(1488, 1345)
(1487, 1345)
(1486, 1345)
(1485, 1345)
(1484, 1345)
(1483, 1345)
(1482, 1345)
(1481, 1345)
(1480, 1345)
(1479, 1345)
(1478, 1345)
(1477, 1345)
(1476, 1345)
(1475, 1345)
(1474, 1345)
(1473, 1345)
(1472, 1345)
(1471, 1345)
(1470, 1345)
(1469, 1345)
(1468, 1345)
(1467, 1345)
(1466, 1345)
(1465, 1345)
(1464, 1345)
(1463, 1345)
(1462, 1345)
(1461, 1345)
(1460, 1345)
(1459, 1345)
(1458, 1345)
(1457, 1345)
(1456, 1345)
(1455, 1345)
(1454, 1345)
(1453, 1345)
(1452, 1345)
(1451, 1345)
(1450, 1345)
(1449, 1345)
(1448, 1345)
(1447, 1345)
(1446, 1345)
(1445, 1345)
(1444, 1345)
(1443, 1345)
(1442, 1345)
(1441, 1345)
(1440, 1345)
(1439, 1345)
(1438, 1345)
(1437, 1345)
(1436, 1345)
(1435, 1345)
(1434, 1345)
(1433, 1345)
(1432, 1345)
(1431, 1345)
(1430, 1345)
(1429, 1345)
(1428, 1345)
(1427, 1345)
(1426, 1345)
(1425, 1345)
(1424, 1345)
(1423, 1345)
(1422, 1345)
(1421, 1345)
(1420, 1345)
(1419, 1345)
(1418, 1345)
(1417, 1345)
(1416, 1345)
(1415, 1345)
(1414, 1345)
(1413, 1345)
(1412, 1345)
(1411, 1345)
(1410, 1345)
(1409, 1345)
(1408, 1345)
(1407, 1345)
(1406, 1345)
(1405, 1345)
(1404, 1345)
(1403, 1345)
(1402, 1345)
(1401, 1345)
(1400, 1345)
(1399, 1345)
(1398, 1345)
(1397, 1345)
(1396, 1345)
(1395, 1345)
(1394, 1345)
(1393, 1345)
(1392, 1345)
(1391, 1345)
(1390, 1345)
(1389, 1345)
(1388, 1345)
(1387, 1345)
(1386, 1345)
(1385, 1345)
(1384, 1345)
(1383, 1345)
(1382, 1345)
(1381, 1345)
(1380, 1345)
(1379, 1345)
(1378, 1345)
(1377, 1345)
(1376, 1345)
(1375, 1345)
(1374, 1345)
(1373, 1345)
(1372, 1345)
(1371, 1345)
(1370, 1345)
(1369, 1345)
(1368, 1345)
(1367, 1345)
(1366, 1345)
(1365, 1345)
(1364, 1345)
(1363, 1345)
(1362, 1345)
(1361, 1345)
(1360, 1345)
(1359, 1345)
(1358, 1345)
(1357, 1345)
(1356, 1345)
(1355, 1345)
(1354, 1345)
(1353, 1345)
(1352, 1345)
(1351, 1345)
(1350, 1345)
(1349, 1345)
(1348, 1345)
(1347, 1345)
(1346, 1345)
(1345, 1345)
(1344, 1345)
(1343, 1345)
(1342, 1345)
(1341, 1345)
(1340, 1345)
(1339, 1345)
(1338, 1345)
(1337, 1345)
(1336, 1345)
(1335, 1345)
(1334, 1345)
(1333, 1345)
(1332, 1345)
(1331, 1345)
(1330, 1345)
(1329, 1345)
(1328, 1345)
(1327, 1345)
(1326, 1345)
(1325, 1345)
(1324, 1345)
(1323, 1345)
(1322, 1345)
(1321, 1345)
(1320, 1345)
(1319, 1345)
(1318, 1345)
(1317, 1345)
(1316, 1345)
(1315, 1345)
(1314, 1345)
(1313, 1345)
(1312, 1345)
(1311, 1345)
(1310, 1345)
(1309, 1345)
(1308, 1345)
(1307, 1345)
(1306, 1345)
(1305, 1345)
(1304, 1345)
(1303, 1345)
(1302, 1345)
(1301, 1345)
(1300, 1345)
(1299, 1345)
(1298, 1345)
(1297, 1345)
(1296, 1345)
(1295, 1345)
(1294, 1345)
(1293, 1345)
(1292, 1345)
(1291, 1345)
(1290, 1345)
(1289, 1345)
(1288, 1345)
(1287, 1345)
(1286, 1345)
(1285, 1345)
(1284, 1345)
(1283, 1345)
(1282, 1345)
(1281, 1345)
(1280, 1345)
(1279, 1345)
(1278, 1345)
(1277, 1345)
(1276, 1345)
(1275, 1345)
(1274, 1345)
(1273, 1345)
(1272, 1345)
(1271, 1345)
(1270, 1345)
(1269, 1345)
(1268, 1345)
(1267, 1345)
(1266, 1345)
(1265, 1345)
(1264, 1345)
(1263, 1345)
(1262, 1345)
(1261, 1345)
(1260, 1345)
(1259, 1345)
(1258, 1345)
(1257, 1345)
(1256, 1345)
(1255, 1345)
(1254, 1345)
(1253, 1345)
(1252, 1345)
(1251, 1345)
(1250, 1345)
(1249, 1345)
(1248, 1345)
(1247, 1345)
(1246, 1345)
(1245, 1345)
(1244, 1345)
(1243, 1345)
(1242, 1345)
(1241, 1345)
(1240, 1345)
(1239, 1345)
(1238, 1345)
(1237, 1345)
(1236, 1345)
(1235, 1345)
(1234, 1345)
(1233, 1345)
(1232, 1345)
(1231, 1345)
(1230, 1345)
(1229, 1345)
(1228, 1345)
(1227, 1345)
(1226, 1345)
(1225, 1345)
(1224, 1345)
(1223, 1345)
(1222, 1345)
(1221, 1345)
(1220, 1345)
(1219, 1345)
(1218, 1345)
(1217, 1345)
(1216, 1345)
(1215, 1345)
(1214, 1345)
(1213, 1345)
(1212, 1345)
(1211, 1345)
(1210, 1345)
(1209, 1345)
(1208, 1345)
(1207, 1345)
(1206, 1345)
(1205, 1345)
(1204, 1345)
(1203, 1345)
(1202, 1345)
(1201, 1345)
(1200, 1345)
(1199, 1345)
(1198, 1345)
(1197, 1345)
(1196, 1345)
(1195, 1345)
(1194, 1345)
(1193, 1345)
(1192, 1345)
(1191, 1345)
(1190, 1345)
(1189, 1345)
(1188, 1345)
(1187, 1345)
(1186, 1345)
(1185, 1345)
(1184, 1345)
(1183, 1345)
(1182, 1345)
(1181, 1345)
(1180, 1345)
(1179, 1345)
(1178, 1345)
(1177, 1345)
(1176, 1345)
(1175, 1345)
(1174, 1345)
(1173, 1345)
(1172, 1345)
(1171, 1345)
(1170, 1345)
(1169, 1345)
(1168, 1345)
(1167, 1345)
(1166, 1345)
(1165, 1345)
(1164, 1345)
(1163, 1345)
(1162, 1345)
(1161, 1345)
(1160, 1345)
(1159, 1345)
(1158, 1345)
(1157, 1345)
(1156, 1345)
(1155, 1345)
(1154, 1345)
(1153, 1345)
(1152, 1345)
(1151, 1345)
(1150, 1345)
(1149, 1345)
(1148, 1345)
(1147, 1345)
(1146, 1345)
(1145, 1345)
(1144, 1345)
(1143, 1345)
(1142, 1345)
(1141, 1345)
(1140, 1345)
(1139, 1345)
(1138, 1345)
(1137, 1345)
(1136, 1345)
(1135, 1345)
(1134, 1345)
(1133, 1345)
(1132, 1345)
(1131, 1345)
(1130, 1345)
(1129, 1345)
(1128, 1345)
(1127, 1345)
(1126, 1345)
(1125, 1345)
(1124, 1345)
(1123, 1345)
(1122, 1345)
(1121, 1345)
(1120, 1345)
(1119, 1345)
(1118, 1345)
(1117, 1345)
(1116, 1345)
(1115, 1345)
(1114, 1345)
(1113, 1345)
(1112, 1345)
(1111, 1345)
(1110, 1345)
(1109, 1345)
(1108, 1345)
(1107, 1345)
(1106, 1345)
(1105, 1345)
(1104, 1345)
(1103, 1345)
(1102, 1345)
(1101, 1345)
(1100, 1345)
(1099, 1345)
(1098, 1345)
(1097, 1345)
(1096, 1345)
(1095, 1345)
(1094, 1345)
(1093, 1345)
(1092, 1345)
(1091, 1345)
(1090, 1345)
(1089, 1345)
(1088, 1345)
(1087, 1345)
(1086, 1345)
(1085, 1345)
(1084, 1345)
(1083, 1345)
(1082, 1345)
(1081, 1345)
(1080, 1345)
(1079, 1345)
(1078, 1345)
(1077, 1345)
(1076, 1345)
(1075, 1345)
(1074, 1345)
(1073, 1345)
(1072, 1345)
(1071, 1345)
(1070, 1345)
(1069, 1345)
(1068, 1345)
(1067, 1345)
(1066, 1345)
(1065, 1345)
(1064, 1345)
(1063, 1345)
(1062, 1345)
(1061, 1345)
(1060, 1345)
(1059, 1345)
(1058, 1345)
(1057, 1345)
(1056, 1345)
(1055, 1345)
(1054, 1345)
(1053, 1345)
(1052, 1345)
(1051, 1345)
(1050, 1345)
(1049, 1345)
(1048, 1345)
(1047, 1345)
(1046, 1345)
(1045, 1345)
(1044, 1345)
(1043, 1345)
(1042, 1345)
(1041, 1345)
(1040, 1345)
(1039, 1345)
(1038, 1345)
(1037, 1345)
(1036, 1345)
(1035, 1345)
(1034, 1345)
(1033, 1345)
(1032, 1345)
(1031, 1345)
(1030, 1345)
(1029, 1345)
(1028, 1345)
(1027, 1345)
(1026, 1345)
(1025, 1345)
(1024, 1345)
(1023, 1345)
(1022, 1345)
(1021, 1345)
(1020, 1345)
(1019, 1345)
(1018, 1345)
(1017, 1345)
(1016, 1345)
(1015, 1345)
(1014, 1345)
(1013, 1345)
(1012, 1345)
(1011, 1345)
(1010, 1345)
(1009, 1345)
(1008, 1345)
(1007, 1345)
(1006, 1345)
(1005, 1345)
(1004, 1345)
(1003, 1345)
(1002, 1345)
(1001, 1345)
(1000, 1345)
(999, 1345)
(998, 1345)
(997, 1345)
(996, 1345)
(995, 1345)
(994, 1345)
(993, 1345)
(992, 1345)
(991, 1345)
(990, 1345)
(989, 1345)
(988, 1345)
(987, 1345)
(986, 1345)
(985, 1345)
(984, 1345)
(983, 1345)
(982, 1345)
(981, 1345)
(980, 1345)
(979, 1345)
(978, 1345)
(977, 1345)
(976, 1345)
(975, 1345)
(974, 1345)
(973, 1345)
(972, 1345)
(971, 1345)
(970, 1345)
(969, 1345)
(968, 1345)
(967, 1345)
(966, 1345)
(965, 1345)
(964, 1345)
(963, 1345)
(962, 1345)
(961, 1345)
(960, 1345)
(959, 1345)
(958, 1345)
(957, 1345)
(956, 1345)
(955, 1345)
(954, 1345)
(953, 1345)
(952, 1345)
(951, 1345)
(950, 1345)
(949, 1345)
(948, 1345)
(947, 1345)
(946, 1345)
(945, 1345)
(944, 1345)
(943, 1345)
(942, 1345)
(941, 1345)
(940, 1345)
(939, 1345)
(938, 1345)
(937, 1345)
(936, 1345)
(935, 1345)
(934, 1345)
(933, 1345)
(932, 1345)
(931, 1345)
(930, 1345)
(929, 1345)
(928, 1345)
(927, 1345)
(926, 1345)
(925, 1345)
(924, 1345)
(923, 1345)
(922, 1345)
(921, 1345)
(920, 1345)
(919, 1345)
(918, 1345)
(917, 1345)
(916, 1345)
(915, 1345)
(914, 1345)
(913, 1345)
(912, 1345)
(911, 1345)
(910, 1345)
(909, 1345)
(908, 1345)
(907, 1345)
(906, 1345)
(905, 1345)
(904, 1345)
(903, 1345)
(902, 1345)
(901, 1345)
(900, 1345)
(899, 1345)
(898, 1345)
(897, 1345)
(896, 1345)
(895, 1345)
(894, 1345)
(893, 1345)
(892, 1345)
(891, 1345)
(890, 1345)
(889, 1345)
(888, 1345)
(887, 1345)
(886, 1345)
(885, 1345)
(884, 1345)
(883, 1345)
(882, 1345)
(881, 1345)
(880, 1345)
(879, 1345)
(878, 1345)
(877, 1345)
(876, 1345)
(875, 1345)
(874, 1345)
(873, 1345)
(872, 1345)
(871, 1345)
(870, 1345)
(869, 1345)
(868, 1345)
(867, 1345)
(866, 1345)
(865, 1345)
(864, 1345)
(863, 1345)
(862, 1345)
(861, 1345)
(860, 1345)
(859, 1345)
(858, 1345)
(857, 1345)
(856, 1345)
(855, 1345)
(854, 1345)
(853, 1345)
(852, 1345)
(851, 1345)
(850, 1345)
(849, 1345)
(848, 1345)
(847, 1345)
(846, 1345)
(845, 1345)
(844, 1345)
(843, 1345)
(842, 1345)
(841, 1345)
(840, 1345)
(839, 1345)
(838, 1345)
(837, 1345)
(836, 1345)
(835, 1345)
(834, 1345)
(833, 1345)
(832, 1345)
(831, 1345)
(830, 1345)
(829, 1345)
(828, 1345)
(827, 1345)
(826, 1345)
(825, 1345)
(824, 1345)
(823, 1345)
(822, 1345)
(821, 1345)
(820, 1345)
(819, 1345)
(818, 1345)
(817, 1345)
(816, 1345)
(815, 1345)
(814, 1345)
(813, 1345)
(812, 1345)
(811, 1345)
(810, 1345)
(809, 1345)
(808, 1345)
(807, 1345)
(806, 1345)
(805, 1345)
(804, 1345)
(803, 1345)
(802, 1345)
(801, 1345)
(800, 1345)
(799, 1345)
(798, 1345)
(797, 1345)
(796, 1345)
(795, 1345)
(794, 1345)
(793, 1345)
(792, 1345)
(791, 1345)
(790, 1345)
(789, 1345)
(788, 1345)
(787, 1345)
(786, 1345)
(785, 1345)
(784, 1345)
(783, 1345)
(782, 1345)
(781, 1345)
(780, 1345)
(779, 1345)
(778, 1345)
(777, 1345)
(776, 1345)
(775, 1345)
(774, 1345)
(773, 1345)
(772, 1345)
(771, 1345)
(770, 1345)
(769, 1345)
(768, 1345)
(767, 1345)
(766, 1345)
(765, 1345)
(764, 1345)
(763, 1345)
(762, 1345)
(761, 1345)
(760, 1345)
(759, 1345)
(758, 1345)
(757, 1345)
(756, 1345)
(755, 1345)
(754, 1345)
(753, 1345)
(752, 1345)
(751, 1345)
(750, 1345)
(749, 1345)
(748, 1345)
(747, 1345)
(746, 1345)
(745, 1345)
(744, 1345)
(743, 1345)
(742, 1345)
(741, 1345)
(740, 1345)
(739, 1345)
(738, 1345)
(737, 1345)
(736, 1345)
(735, 1345)
(734, 1345)
(733, 1345)
(732, 1345)
(731, 1345)
(730, 1345)
(729, 1345)
(728, 1345)
(727, 1345)
(726, 1345)
(725, 1345)
(724, 1345)
(723, 1345)
(722, 1345)
(721, 1345)
(720, 1345)
(719, 1345)
(718, 1345)
(717, 1345)
(716, 1345)
(715, 1345)
(714, 1345)
(713, 1345)
(712, 1345)
(711, 1345)
(710, 1345)
(709, 1345)
(708, 1345)
(707, 1345)
(706, 1345)
(705, 1345)
(704, 1345)
(703, 1345)
(702, 1345)
(701, 1345)
(700, 1345)
(699, 1345)
(698, 1345)
(697, 1345)
(696, 1345)
(695, 1345)
(694, 1345)
(693, 1345)
(692, 1345)
(691, 1345)
(690, 1345)
(689, 1345)
(688, 1345)
(687, 1345)
(686, 1345)
(685, 1345)
(684, 1345)
(683, 1345)
(682, 1345)
(681, 1345)
(680, 1345)
(679, 1345)
(678, 1345)
(677, 1345)
(676, 1345)
(675, 1345)
(674, 1345)
(673, 1345)
(672, 1345)
(671, 1345)
(670, 1345)
(669, 1345)
(668, 1345)
(667, 1345)
(666, 1345)
(665, 1345)
(664, 1345)
(663, 1345)
(662, 1345)
(661, 1345)
(660, 1345)
(659, 1345)
(658, 1345)
(657, 1345)
(656, 1345)
(655, 1345)
(654, 1345)
(653, 1345)
(652, 1345)
(651, 1345)
(650, 1345)
(649, 1345)
(648, 1345)
(647, 1345)
(646, 1345)
(645, 1345)
(644, 1345)
(643, 1345)
(642, 1345)
(641, 1345)
(640, 1345)
(639, 1345)
(638, 1345)
(637, 1345)
(636, 1345)
(635, 1345)
(634, 1345)
(633, 1345)
(632, 1345)
(631, 1345)
(630, 1345)
(629, 1345)
(628, 1345)
(627, 1345)
(626, 1345)
(625, 1345)
(624, 1345)
(623, 1345)
(622, 1345)
(621, 1345)
(620, 1345)
(619, 1345)
(618, 1345)
(617, 1345)
(616, 1345)
(615, 1345)
(614, 1345)
(613, 1345)
(612, 1345)
(611, 1345)
(610, 1345)
(609, 1345)
(608, 1345)
(607, 1345)
(606, 1345)
(605, 1345)
(604, 1345)
(603, 1345)
(602, 1345)
(601, 1345)
(600, 1345)
(599, 1345)
(598, 1345)
(597, 1345)
(596, 1345)
(595, 1345)
(594, 1345)
(593, 1345)
(592, 1345)
(591, 1345)
(590, 1345)
(589, 1345)
(588, 1345)
(587, 1345)
(586, 1345)
(585, 1345)
(584, 1345)
(583, 1345)
(582, 1345)
(581, 1345)
(580, 1345)
(579, 1345)
(578, 1345)
(577, 1345)
(576, 1345)
(575, 1345)
(574, 1345)
(573, 1345)
(572, 1345)
(571, 1345)
(570, 1345)
(569, 1345)
(568, 1345)
(567, 1345)
(566, 1345)
(565, 1345)
(564, 1345)
(563, 1345)
(562, 1345)
(561, 1345)
(560, 1345)
(559, 1345)
(558, 1345)
(557, 1345)
(556, 1345)
(555, 1345)
(554, 1345)
(553, 1345)
(552, 1345)
(551, 1345)
(550, 1345)
(549, 1345)
(548, 1345)
(547, 1345)
(546, 1345)
(545, 1345)
(544, 1345)
(543, 1345)
(542, 1345)
(541, 1345)
(540, 1345)
(539, 1345)
(538, 1345)
(537, 1345)
(536, 1345)
(535, 1345)
(534, 1345)
(533, 1345)
(532, 1345)
(531, 1345)
(530, 1345)
(529, 1345)
(528, 1345)
(527, 1345)
(526, 1345)
(525, 1345)
(524, 1345)
(523, 1345)
(522, 1345)
(521, 1345)
(520, 1345)
(519, 1345)
(518, 1345)
(517, 1345)
(516, 1345)
(515, 1345)
(514, 1345)
(513, 1345)
(512, 1345)
(511, 1345)
(510, 1345)
(509, 1345)
(508, 1345)
(507, 1345)
(506, 1345)
(505, 1345)
(504, 1345)
(503, 1345)
(502, 1345)
(501, 1345)
(500, 1345)
(499, 1345)
(498, 1345)
(497, 1345)
(496, 1345)
(495, 1345)
(494, 1345)
(493, 1345)
(492, 1345)
(491, 1345)
(490, 1345)
(489, 1345)
(488, 1345)
(487, 1345)
(486, 1345)
(485, 1345)
(484, 1345)
(483, 1345)
(482, 1345)
(481, 1345)
(480, 1345)
(479, 1345)
(478, 1345)
(477, 1345)
(476, 1345)
(475, 1345)
(474, 1345)
(473, 1345)
(472, 1345)
(471, 1345)
(470, 1345)
(469, 1345)
(468, 1345)
(467, 1345)
(466, 1345)
(465, 1345)
(464, 1345)
(463, 1345)
(462, 1345)
(461, 1345)
(460, 1345)
(459, 1345)
(458, 1345)
(457, 1345)
(456, 1345)
(455, 1345)
(454, 1345)
(453, 1345)
(452, 1345)
(451, 1345)
(450, 1345)
(449, 1345)
(448, 1345)
(447, 1345)
(446, 1345)
(445, 1345)
(444, 1345)
(443, 1345)
(442, 1345)
(441, 1345)
(440, 1345)
(439, 1345)
(438, 1345)
(437, 1345)
(436, 1345)
(435, 1345)
(434, 1345)
(433, 1345)
(432, 1345)
(431, 1345)
(430, 1345)
(429, 1345)
(428, 1345)
(427, 1345)
(426, 1345)
(425, 1345)
(424, 1345)
(423, 1345)
(422, 1345)
(421, 1345)
(420, 1345)
(419, 1345)
(418, 1345)
(417, 1345)
(416, 1345)
(415, 1345)
(414, 1345)
(413, 1345)
(412, 1345)
(411, 1345)
(410, 1345)
(409, 1345)
(408, 1345)
(407, 1345)
(406, 1345)
(405, 1345)
(404, 1345)
(403, 1345)
(402, 1345)
(401, 1345)
(400, 1345)
(399, 1345)
(398, 1345)
(397, 1345)
(396, 1345)
(395, 1345)
(394, 1345)
(393, 1345)
(392, 1345)
(391, 1345)
(390, 1345)
(389, 1345)
(388, 1345)
(387, 1345)
(386, 1345)
(385, 1345)
(384, 1345)
(383, 1345)
(382, 1345)
(381, 1345)
(380, 1345)
(379, 1345)
(378, 1345)
(377, 1345)
(376, 1345)
(375, 1345)
(374, 1345)
(373, 1345)
(372, 1345)
(371, 1345)
(370, 1345)
(369, 1345)
(368, 1345)
(367, 1345)
(366, 1345)
(365, 1345)
(364, 1345)
(363, 1345)
(362, 1345)
(361, 1345)
(360, 1345)
(359, 1345)
(358, 1345)
(357, 1345)
(356, 1345)
(355, 1345)
(354, 1345)
(353, 1345)
(352, 1345)
(351, 1345)
(350, 1345)
(349, 1345)
(348, 1345)
(347, 1345)
(346, 1345)
(345, 1345)
(344, 1345)
(343, 1345)
(342, 1345)
(341, 1345)
(340, 1345)
(339, 1345)
(338, 1345)
(337, 1345)
(336, 1345)
(335, 1345)
(334, 1345)
(333, 1345)
(332, 1345)
(333, 1348)
(334, 1351)
(335, 1354)
(336, 1357)
(337, 1360)
(338, 1362)
(338, 1363)
(339, 1365)
(339, 1366)
(340, 1368)
(340, 1369)
(341, 1371)
(341, 1372)
(342, 1374)
(342, 1375)
(343, 1377)
(343, 1378)
(344, 1380)
(344, 1381)
(345, 1383)
(345, 1384)
(346, 1386)
(346, 1387)
(347, 1389)
(347, 1390)
(348, 1392)
(348, 1393)
(349, 1395)
(349, 1396)
(350, 1398)
(350, 1399)
(351, 1401)
(351, 1402)
(352, 1404)
(352, 1405)
(353, 1407)
(353, 1408)
(354, 1410)
(354, 1411)
(355, 1412)
(355, 1413)
(355, 1414)
(356, 1415)
(356, 1416)
(356, 1417)
(357, 1418)
(357, 1419)
(357, 1420)
(358, 1421)
(358, 1422)
(358, 1423)
(359, 1424)
(359, 1425)
(359, 1426)
(360, 1427)
(360, 1428)
(360, 1429)
(361, 1430)
(361, 1431)
(361, 1432)
(362, 1433)
(362, 1434)
(362, 1435)
(363, 1436)
(363, 1437)
(363, 1438)
(364, 1439)
(364, 1440)
(364, 1441)
(365, 1442)
(365, 1443)
(365, 1444)
(366, 1445)
(366, 1445)
(367, 1445)
(368, 1445)
(369, 1445)
(370, 1445)
(371, 1445)
(372, 1445)
(373, 1445)
(374, 1445)
(375, 1445)
(376, 1445)
(377, 1445)
(378, 1445)
(379, 1445)
(380, 1445)
(381, 1445)
(382, 1445)
(383, 1445)
(384, 1445)
(385, 1445)
(386, 1445)
(387, 1445)
(388, 1445)
(389, 1445)
(390, 1445)
(391, 1445)
(392, 1445)
(393, 1445)
(394, 1445)
(395, 1445)
(396, 1445)
(397, 1445)
(398, 1445)
(399, 1445)
(400, 1445)
(401, 1445)
(402, 1445)
(403, 1445)
(404, 1445)
(405, 1445)
(406, 1445)
(407, 1445)
(408, 1445)
(409, 1445)
(410, 1445)
(411, 1445)
(412, 1445)
(413, 1445)
(414, 1445)
(415, 1445)
(416, 1445)
(417, 1445)
(418, 1445)
(419, 1445)
(420, 1445)
(421, 1445)
(422, 1445)
(423, 1445)
(424, 1445)
(425, 1445)
(426, 1445)
(427, 1445)
(428, 1445)
(429, 1445)
(430, 1445)
(431, 1445)
(432, 1445)
(433, 1445)
(434, 1445)
(435, 1445)
(436, 1445)
(437, 1445)
(438, 1445)
(439, 1445)
(440, 1445)
(441, 1445)
(442, 1445)
(443, 1445)
(444, 1445)
(445, 1445)
(446, 1445)
(447, 1445)
(448, 1445)
(449, 1445)
(450, 1445)
(451, 1445)
(452, 1445)
(453, 1445)
(454, 1445)
(455, 1445)
(456, 1445)
(457, 1445)
(458, 1445)
(459, 1445)
(460, 1445)
(461, 1445)
(462, 1445)
(463, 1445)
(464, 1445)
(465, 1445)
(466, 1445)
(467, 1445)
(468, 1445)
(469, 1445)
(470, 1445)
(471, 1445)
(472, 1445)
(473, 1445)
(474, 1445)
(475, 1445)
(476, 1445)
(477, 1445)
(478, 1445)
(479, 1445)
(480, 1445)
(481, 1445)
(482, 1445)
(483, 1445)
(484, 1445)
(485, 1445)
(486, 1445)
(487, 1445)
(488, 1445)
(489, 1445)
(490, 1445)
(491, 1445)
(492, 1445)
(493, 1445)
(494, 1445)
(495, 1445)
(496, 1445)
(497, 1445)
(498, 1445)
(499, 1445)
(500, 1445)
(501, 1445)
(502, 1445)
(503, 1445)
(504, 1445)
(505, 1445)
(506, 1445)
(507, 1445)
(508, 1445)
(509, 1445)
(510, 1445)
(511, 1445)
(512, 1445)
(513, 1445)
(514, 1445)
(515, 1445)
(516, 1445)
(517, 1445)
(518, 1445)
(519, 1445)
(520, 1445)
(521, 1445)
(522, 1445)
(523, 1445)
(524, 1445)
(525, 1445)
(526, 1445)
(527, 1445)
(528, 1445)
(529, 1445)
(530, 1445)
(531, 1445)
(532, 1445)
(533, 1445)
(534, 1445)
(535, 1445)
(536, 1445)
(537, 1445)
(538, 1445)
(539, 1445)
(540, 1445)
(541, 1445)
(542, 1445)
(543, 1445)
(544, 1445)
(545, 1445)
(546, 1445)
(547, 1445)
(548, 1445)
(549, 1445)
(550, 1445)
(551, 1445)
(552, 1445)
(553, 1445)
(554, 1445)
(555, 1445)
(556, 1445)
(557, 1445)
(558, 1445)
(559, 1445)
(560, 1445)
(561, 1445)
(562, 1445)
(563, 1445)
(564, 1445)
(565, 1445)
(566, 1445)
(567, 1445)
(568, 1445)
(569, 1445)
(570, 1445)
(571, 1445)
(572, 1445)
(573, 1445)
(574, 1445)
(575, 1445)
(576, 1445)
(577, 1445)
(578, 1445)
(579, 1445)
(580, 1445)
(581, 1445)
(582, 1445)
(583, 1445)
(584, 1445)
(585, 1445)
(586, 1445)
(587, 1445)
(588, 1445)
(589, 1445)
(590, 1445)
(591, 1445)
(592, 1445)
(593, 1445)
(594, 1445)
(595, 1445)
(596, 1445)
(597, 1445)
(598, 1445)
(599, 1445)
(600, 1445)
(601, 1445)
(602, 1445)
(603, 1445)
(604, 1445)
(605, 1445)
(606, 1445)
(607, 1445)
(608, 1445)
(609, 1445)
(610, 1445)
(611, 1445)
(612, 1445)
(613, 1445)
(614, 1445)
(615, 1445)
(616, 1445)
(617, 1445)
(618, 1445)
(619, 1445)
(620, 1445)
(621, 1445)
(622, 1445)
(623, 1445)
(624, 1445)
(625, 1445)
(626, 1445)
(627, 1445)
(628, 1445)
(629, 1445)
(630, 1445)
(631, 1445)
(632, 1445)
(633, 1445)
(634, 1445)
(635, 1445)
(636, 1445)
(637, 1445)
(638, 1445)
(639, 1445)
(640, 1445)
(641, 1445)
(642, 1445)
(643, 1445)
(644, 1445)
(645, 1445)
(646, 1445)
(647, 1445)
(648, 1445)
(649, 1445)
(650, 1445)
(651, 1445)
(652, 1445)
(653, 1445)
(654, 1445)
(655, 1445)
(656, 1445)
(657, 1445)
(658, 1445)
(659, 1445)
(660, 1445)
(661, 1445)
(662, 1445)
(663, 1445)
(664, 1445)
(665, 1445)
(666, 1445)
(667, 1445)
(668, 1445)
(669, 1445)
(670, 1445)
(671, 1445)
(672, 1445)
(673, 1445)
(674, 1445)
(675, 1445)
(676, 1445)
(677, 1445)
(678, 1445)
(679, 1445)
(680, 1445)
(681, 1445)
(682, 1445)
(683, 1445)
(684, 1445)
(685, 1445)
(686, 1445)
(687, 1445)
(688, 1445)
(689, 1445)
(690, 1445)
(691, 1445)
(692, 1445)
(693, 1445)
(694, 1445)
(695, 1445)
(696, 1445)
(697, 1445)
(698, 1445)
(699, 1445)
(700, 1445)
(701, 1445)
(702, 1445)
(703, 1445)
(704, 1445)
(705, 1445)
(706, 1445)
(707, 1445)
(708, 1445)
(709, 1445)
(710, 1445)
(711, 1445)
(712, 1445)
(713, 1445)
(714, 1445)
(715, 1445)
(716, 1445)
(717, 1445)
(718, 1445)
(719, 1445)
(720, 1445)
(721, 1445)
(722, 1445)
(723, 1445)
(724, 1445)
(725, 1445)
(726, 1445)
(727, 1445)
(728, 1445)
(729, 1445)
(730, 1445)
(731, 1445)
(732, 1445)
(733, 1445)
(734, 1445)
(735, 1445)
(736, 1445)
(737, 1445)
(738, 1445)
(739, 1445)
(740, 1445)
(741, 1445)
(742, 1445)
(743, 1445)
(744, 1445)
(745, 1445)
(746, 1445)
(747, 1445)
(748, 1445)
(749, 1445)
(750, 1445)
(751, 1445)
(752, 1445)
(753, 1445)
(754, 1445)
(755, 1445)
(756, 1445)
(757, 1445)
(758, 1445)
(759, 1445)
(760, 1445)
(761, 1445)
(762, 1445)
(763, 1445)
(764, 1445)
(765, 1445)
(766, 1445)
(767, 1445)
(768, 1445)
(769, 1445)
(770, 1445)
(771, 1445)
(772, 1445)
(773, 1445)
(774, 1445)
(775, 1445)
(776, 1445)
(777, 1445)
(778, 1445)
(779, 1445)
(780, 1445)
(781, 1445)
(782, 1445)
(783, 1445)
(784, 1445)
(785, 1445)
(786, 1445)
(787, 1445)
(788, 1445)
(789, 1445)
(790, 1445)
(791, 1445)
(792, 1445)
(793, 1445)
(794, 1445)
(795, 1445)
(796, 1445)
(797, 1445)
(798, 1445)
(799, 1445)
(800, 1445)
(801, 1445)
(802, 1445)
(803, 1445)
(804, 1445)
(805, 1445)
(806, 1445)
(807, 1445)
(808, 1445)
(809, 1445)
(810, 1445)
(811, 1445)
(812, 1445)
(813, 1445)
(814, 1445)
(815, 1445)
(816, 1445)
(817, 1445)
(818, 1445)
(819, 1445)
(820, 1445)
(821, 1445)
(822, 1445)
(823, 1445)
(824, 1445)
(825, 1445)
(826, 1445)
(827, 1445)
(828, 1445)
(829, 1445)
(830, 1445)
(831, 1445)
(832, 1445)
(833, 1445)
(834, 1445)
(835, 1445)
(836, 1445)
(837, 1445)
(838, 1445)
(839, 1445)
(840, 1445)
(841, 1445)
(842, 1445)
(843, 1445)
(844, 1445)
(845, 1445)
(846, 1445)
(847, 1445)
(848, 1445)
(849, 1445)
(850, 1445)
(851, 1445)
(852, 1445)
(853, 1445)
(854, 1445)
(855, 1445)
(856, 1445)
(857, 1445)
(858, 1445)
(859, 1445)
(860, 1445)
(861, 1445)
(862, 1445)
(863, 1445)
(864, 1445)
(865, 1445)
(866, 1445)
(867, 1445)
(868, 1445)
(869, 1445)
(870, 1445)
(871, 1445)
(872, 1445)
(873, 1445)
(874, 1445)
(875, 1445)
(876, 1445)
(877, 1445)
(878, 1445)
(879, 1445)
(880, 1445)
(881, 1445)
(882, 1445)
(883, 1445)
(884, 1445)
(885, 1445)
(886, 1445)
(887, 1445)
(888, 1445)
(889, 1445)
(890, 1445)
(891, 1445)
(892, 1445)
(893, 1445)
(894, 1445)
(895, 1445)
(896, 1445)
(897, 1445)
(898, 1445)
(899, 1445)
(900, 1445)
(901, 1445)
(902, 1445)
(903, 1445)
(904, 1445)
(905, 1445)
(906, 1445)
(907, 1445)
(908, 1445)
(909, 1445)
(910, 1445)
(911, 1445)
(912, 1445)
(913, 1445)
(914, 1445)
(915, 1445)
(916, 1445)
(917, 1445)
(918, 1445)
(919, 1445)
(920, 1445)
(921, 1445)
(922, 1445)
(923, 1445)
(924, 1445)
(925, 1445)
(926, 1445)
(927, 1445)
(928, 1445)
(929, 1445)
(930, 1445)
(931, 1445)
(932, 1445)
(933, 1445)
(934, 1445)
(935, 1445)
(936, 1445)
(937, 1445)
(938, 1445)
(939, 1445)
(940, 1445)
(941, 1445)
(942, 1445)
(943, 1445)
(944, 1445)
(945, 1445)
(946, 1445)
(947, 1445)
(948, 1445)
(949, 1445)
(950, 1445)
(951, 1445)
(952, 1445)
(953, 1445)
(954, 1445)
(955, 1445)
(956, 1445)
(957, 1445)
(958, 1445)
(959, 1445)
(960, 1445)
(961, 1445)
(962, 1445)
(963, 1445)
(964, 1445)
(965, 1445)
(966, 1445)
(967, 1445)
(968, 1445)
(969, 1445)
(970, 1445)
(971, 1445)
(972, 1445)
(973, 1445)
(974, 1445)
(975, 1445)
(976, 1445)
(977, 1445)
(978, 1445)
(979, 1445)
(980, 1445)
(981, 1445)
(982, 1445)
(983, 1445)
(984, 1445)
(985, 1445)
(986, 1445)
(987, 1445)
(988, 1445)
(989, 1445)
(990, 1445)
(991, 1445)
(992, 1445)
(993, 1445)
(994, 1445)
(995, 1445)
(996, 1445)
(997, 1445)
(998, 1445)
(999, 1445)
(1000, 1445)
(1001, 1445)
(1002, 1445)
(1003, 1445)
(1004, 1445)
(1005, 1445)
(1006, 1445)
(1007, 1445)
(1008, 1445)
(1009, 1445)
(1010, 1445)
(1011, 1445)
(1012, 1445)
(1013, 1445)
(1014, 1445)
(1015, 1445)
(1016, 1445)
(1017, 1445)
(1018, 1445)
(1019, 1445)
(1020, 1445)
(1021, 1445)
(1022, 1445)
(1023, 1445)
(1024, 1445)
(1025, 1445)
(1026, 1445)
(1027, 1445)
(1028, 1445)
(1029, 1445)
(1030, 1445)
(1031, 1445)
(1032, 1445)
(1033, 1445)
(1034, 1445)
(1035, 1445)
(1036, 1445)
(1037, 1445)
(1038, 1445)
(1039, 1445)
(1040, 1445)
(1041, 1445)
(1042, 1445)
(1043, 1445)
(1044, 1445)
(1045, 1445)
(1046, 1445)
(1047, 1445)
(1048, 1445)
(1049, 1445)
(1050, 1445)
(1051, 1445)
(1052, 1445)
(1053, 1445)
(1054, 1445)
(1055, 1445)
(1056, 1445)
(1057, 1445)
(1058, 1445)
(1059, 1445)
(1060, 1445)
(1061, 1445)
(1062, 1445)
(1063, 1445)
(1064, 1445)
(1065, 1445)
(1066, 1445)
(1067, 1445)
(1068, 1445)
(1069, 1445)
(1070, 1445)
(1071, 1445)
(1072, 1445)
(1073, 1445)
(1074, 1445)
(1075, 1445)
(1076, 1445)
(1077, 1445)
(1078, 1445)
(1079, 1445)
(1080, 1445)
(1081, 1445)
(1082, 1445)
(1083, 1445)
(1084, 1445)
(1085, 1445)
(1086, 1445)
(1087, 1445)
(1088, 1445)
(1089, 1445)
(1090, 1445)
(1091, 1445)
(1092, 1445)
(1093, 1445)
(1094, 1445)
(1095, 1445)
(1096, 1445)
(1097, 1445)
(1098, 1445)
(1099, 1445)
(1100, 1445)
(1101, 1445)
(1102, 1445)
(1103, 1445)
(1104, 1445)
(1105, 1445)
(1106, 1445)
(1107, 1445)
(1108, 1445)
(1109, 1445)
(1110, 1445)
(1111, 1445)
(1112, 1445)
(1113, 1445)
(1114, 1445)
(1115, 1445)
(1116, 1445)
(1117, 1445)
(1118, 1445)
(1119, 1445)
(1120, 1445)
(1121, 1445)
(1122, 1445)
(1123, 1445)
(1124, 1445)
(1125, 1445)
(1126, 1445)
(1127, 1445)
(1128, 1445)
(1129, 1445)
(1130, 1445)
(1131, 1445)
(1132, 1445)
(1133, 1445)
(1134, 1445)
(1135, 1445)
(1136, 1445)
(1137, 1445)
(1138, 1445)
(1139, 1445)
(1140, 1445)
(1141, 1445)
(1142, 1445)
(1143, 1445)
(1144, 1445)
(1145, 1445)
(1146, 1445)
(1147, 1445)
(1148, 1445)
(1149, 1445)
(1150, 1445)
(1151, 1445)
(1152, 1445)
(1153, 1445)
(1154, 1445)
(1155, 1445)
(1156, 1445)
(1157, 1445)
(1158, 1445)
(1159, 1445)
(1160, 1445)
(1161, 1445)
(1162, 1445)
(1163, 1445)
(1164, 1445)
(1165, 1445)
(1166, 1445)
(1167, 1445)
(1168, 1445)
(1169, 1445)
(1170, 1445)
(1171, 1445)
(1172, 1445)
(1173, 1445)
(1174, 1445)
(1175, 1445)
(1176, 1445)
(1177, 1445)
(1178, 1445)
(1179, 1445)
(1180, 1445)
(1181, 1445)
(1182, 1445)
(1183, 1445)
(1184, 1445)
(1185, 1445)
(1186, 1445)
(1187, 1445)
(1188, 1445)
(1189, 1445)
(1190, 1445)
(1191, 1445)
(1192, 1445)
(1193, 1445)
(1194, 1445)
(1195, 1445)
(1196, 1445)
(1197, 1445)
(1198, 1445)
(1199, 1445)
(1200, 1445)
(1201, 1445)
(1202, 1445)
(1203, 1445)
(1204, 1445)
(1205, 1445)
(1206, 1445)
(1207, 1445)
(1208, 1445)
(1209, 1445)
(1210, 1445)
(1211, 1445)
(1212, 1445)
(1213, 1445)
(1214, 1445)
(1215, 1445)
(1216, 1445)
(1217, 1445)
(1218, 1445)
(1219, 1445)
(1220, 1445)
(1221, 1445)
(1222, 1445)
(1223, 1445)
(1224, 1445)
(1225, 1445)
(1226, 1445)
(1227, 1445)
(1228, 1445)
(1229, 1445)
(1230, 1445)
(1231, 1445)
(1232, 1445)
(1233, 1445)
(1234, 1445)
(1235, 1445)
(1236, 1445)
(1237, 1445)
(1238, 1445)
(1239, 1445)
(1240, 1445)
(1241, 1445)
(1242, 1445)
(1243, 1445)
(1244, 1445)
(1245, 1445)
(1246, 1445)
(1247, 1445)
(1248, 1445)
(1249, 1445)
(1250, 1445)
(1251, 1445)
(1252, 1445)
(1253, 1445)
(1254, 1445)
(1255, 1445)
(1256, 1445)
(1257, 1445)
(1258, 1445)
(1259, 1445)
(1260, 1445)
(1261, 1445)
(1262, 1445)
(1263, 1445)
(1264, 1445)
(1265, 1445)
(1266, 1445)
(1267, 1445)
(1268, 1445)
(1269, 1445)
(1270, 1445)
(1271, 1445)
(1272, 1445)
(1273, 1445)
(1274, 1445)
(1275, 1445)
(1276, 1445)
(1277, 1445)
(1278, 1445)
(1279, 1445)
(1280, 1445)
(1281, 1445)
(1282, 1445)
(1283, 1445)
(1284, 1445)
(1285, 1445)
(1286, 1445)
(1287, 1445)
(1288, 1445)
(1289, 1445)
(1290, 1445)
(1291, 1445)
(1292, 1445)
(1293, 1445)
(1294, 1445)
(1295, 1445)
(1296, 1445)
(1297, 1445)
(1298, 1445)
(1299, 1445)
(1300, 1445)
(1301, 1445)
(1302, 1445)
(1303, 1445)
(1304, 1445)
(1305, 1445)
(1306, 1445)
(1307, 1445)
(1308, 1445)
(1309, 1445)
(1310, 1445)
(1311, 1445)
(1312, 1445)
(1313, 1445)
(1314, 1445)
(1315, 1445)
(1316, 1445)
(1317, 1445)
(1318, 1445)
(1319, 1445)
(1320, 1445)
(1321, 1445)
(1322, 1445)
(1323, 1445)
(1324, 1445)
(1325, 1445)
(1326, 1445)
(1327, 1445)
(1328, 1445)
(1329, 1445)
(1330, 1445)
(1331, 1445)
(1332, 1445)
(1333, 1445)
(1334, 1445)
(1335, 1445)
(1336, 1445)
(1337, 1445)
(1338, 1445)
(1339, 1445)
(1340, 1445)
(1341, 1445)
(1342, 1445)
(1343, 1445)
(1344, 1445)
(1345, 1445)
(1346, 1445)
(1347, 1445)
(1348, 1445)
(1349, 1445)
(1350, 1445)
(1351, 1445)
(1352, 1445)
(1353, 1445)
(1354, 1445)
(1355, 1445)
(1356, 1445)
(1357, 1445)
(1358, 1445)
(1359, 1445)
(1360, 1445)
(1361, 1445)
(1362, 1445)
(1363, 1445)
(1364, 1445)
(1365, 1445)
(1366, 1445)
(1367, 1445)
(1368, 1445)
(1369, 1445)
(1370, 1445)
(1371, 1445)
(1372, 1445)
(1373, 1445)
(1374, 1445)
(1375, 1445)
(1376, 1445)
(1377, 1445)
(1378, 1445)
(1379, 1445)
(1380, 1445)
(1381, 1445)
(1382, 1445)
(1383, 1445)
(1384, 1445)
(1385, 1445)
(1386, 1445)
(1387, 1445)
(1388, 1445)
(1389, 1445)
(1390, 1445)
(1391, 1445)
(1392, 1445)
(1393, 1445)
(1394, 1445)
(1395, 1445)
(1396, 1445)
(1397, 1445)
(1398, 1445)
(1399, 1445)
(1400, 1445)
(1401, 1445)
(1402, 1445)
(1403, 1445)
(1404, 1445)
(1405, 1445)
(1406, 1445)
(1407, 1445)
(1408, 1445)
(1409, 1445)
(1410, 1445)
(1411, 1445)
(1412, 1445)
(1413, 1445)
(1414, 1445)
(1415, 1445)
(1416, 1445)
(1417, 1445)
(1418, 1445)
(1419, 1445)
(1420, 1445)
(1421, 1445)
(1422, 1445)
(1423, 1445)
(1424, 1445)
(1425, 1445)
(1426, 1445)
(1427, 1445)
(1428, 1445)
(1429, 1445)
(1430, 1445)
(1431, 1445)
(1432, 1445)
(1433, 1445)
(1434, 1445)
(1435, 1445)
(1436, 1445)
(1437, 1445)
(1438, 1445)
(1439, 1445)
(1440, 1445)
(1441, 1445)
(1442, 1445)
(1443, 1445)
(1444, 1445)
(1445, 1445)
(1446, 1445)
(1447, 1445)
(1448, 1445)
(1449, 1445)
(1450, 1445)
(1451, 1445)
(1452, 1445)
(1453, 1445)
(1454, 1445)
(1455, 1445)
(1456, 1445)
(1457, 1445)
(1458, 1445)
(1459, 1445)
(1460, 1445)
(1461, 1445)
(1462, 1445)
(1463, 1445)
(1464, 1445)
(1465, 1445)
(1466, 1445)
(1467, 1445)
(1468, 1445)
(1469, 1445)
(1470, 1445)
(1471, 1445)
(1472, 1445)
(1473, 1445)
(1474, 1445)
(1475, 1445)
(1476, 1445)
(1477, 1445)
(1478, 1445)
(1479, 1445)
(1480, 1445)
(1481, 1445)
(1482, 1445)
(1483, 1445)
(1484, 1445)
(1485, 1445)
(1486, 1445)
(1487, 1445)
(1488, 1445)
(1489, 1445)
(1490, 1445)
(1491, 1445)
(1492, 1445)
(1493, 1445)
(1494, 1445)
(1495, 1445)
(1496, 1445)
(1497, 1445)
(1498, 1445)
(1499, 1445)
(1500, 1445)
(1501, 1445)
(1502, 1445)
(1503, 1445)
(1504, 1445)
(1505, 1445)
(1506, 1445)
(1507, 1445)
(1508, 1445)
(1509, 1445)
(1510, 1445)
(1511, 1445)
(1512, 1445)
(1513, 1445)
(1514, 1445)
(1515, 1445)
(1516, 1445)
(1517, 1445)
(1518, 1445)
(1519, 1445)
(1520, 1445)
(1521, 1445)
(1522, 1445)
(1523, 1445)
(1524, 1445)
(1525, 1445)
(1526, 1445)
(1527, 1445)
(1528, 1445)
(1529, 1445)
(1530, 1445)
(1531, 1445)
(1532, 1445)
(1533, 1445)
(1534, 1445)
(1535, 1445)
(1536, 1445)
(1537, 1445)
(1538, 1445)
(1539, 1445)
(1540, 1445)
(1541, 1445)
(1542, 1445)
(1543, 1445)
(1544, 1445)
(1545, 1445)
(1546, 1445)
(1547, 1445)
(1548, 1445)
(1548, 1446)
(1548, 1447)
(1549, 1448)
(1549, 1449)
(1549, 1450)
(1550, 1451)
(1550, 1452)
(1550, 1453)
(1551, 1454)
(1551, 1455)
(1551, 1456)
(1552, 1457)
(1552, 1458)
(1552, 1459)
(1553, 1460)
(1553, 1461)
(1553, 1462)
(1554, 1463)
(1554, 1464)
(1554, 1465)
(1555, 1466)
(1555, 1467)
(1555, 1468)
(1556, 1469)
(1556, 1470)
(1556, 1471)
(1557, 1472)
(1557, 1473)
(1557, 1474)
(1558, 1475)
(1558, 1476)
(1558, 1477)
(1559, 1478)
(1559, 1479)
(1559, 1480)
(1560, 1481)
(1560, 1482)
(1560, 1483)
(1561, 1484)
(1561, 1485)
(1561, 1486)
(1562, 1487)
(1562, 1488)
(1562, 1489)
(1563, 1490)
(1563, 1491)
(1563, 1492)
(1564, 1493)
(1564, 1494)
(1564, 1495)
(1565, 1496)
(1565, 1497)
(1565, 1498)
(1566, 1499)
(1566, 1500)
(1566, 1501)
(1567, 1502)
(1567, 1503)
(1567, 1504)
(1568, 1505)
(1568, 1506)
(1568, 1507)
(1569, 1508)
(1569, 1509)
(1569, 1510)
(1570, 1511)
(1570, 1512)
(1570, 1513)
(1570, 1514)
(1571, 1515)
(1571, 1516)
(1571, 1517)
(1572, 1518)
(1572, 1519)
(1572, 1520)
(1573, 1521)
(1573, 1522)
(1573, 1523)
(1574, 1524)
(1574, 1525)
(1574, 1526)
(1575, 1527)
(1575, 1528)
(1575, 1529)
(1576, 1530)
(1576, 1531)
(1576, 1532)
(1577, 1533)
(1577, 1534)
(1577, 1535)
(1578, 1536)
(1578, 1537)
(1578, 1538)
(1579, 1539)
(1579, 1540)
(1579, 1541)
(1580, 1542)
(1580, 1543)
(1580, 1544)
(1581, 1545)
(1581, 1545)
(1580, 1545)
(1579, 1545)
(1578, 1545)
(1577, 1545)
(1576, 1545)
(1575, 1545)
(1574, 1545)
(1573, 1545)
(1572, 1545)
(1571, 1545)
(1570, 1545)
(1569, 1545)
(1568, 1545)
(1567, 1545)
(1566, 1545)
(1565, 1545)
(1564, 1545)
(1563, 1545)
(1562, 1545)
(1561, 1545)
(1560, 1545)
(1559, 1545)
(1558, 1545)
(1557, 1545)
(1556, 1545)
(1555, 1545)
(1554, 1545)
(1553, 1545)
(1552, 1545)
(1551, 1545)
(1550, 1545)
(1549, 1545)
(1548, 1545)
(1547, 1545)
(1546, 1545)
(1545, 1545)
(1544, 1545)
(1543, 1545)
(1542, 1545)
(1541, 1545)
(1540, 1545)
(1539, 1545)
(1538, 1545)
(1537, 1545)
(1536, 1545)
(1535, 1545)
(1534, 1545)
(1533, 1545)
(1532, 1545)
(1531, 1545)
(1530, 1545)
(1529, 1545)
(1528, 1545)
(1527, 1545)
(1526, 1545)
(1525, 1545)
(1524, 1545)
(1523, 1545)
(1522, 1545)
(1521, 1545)
(1520, 1545)
(1519, 1545)
(1518, 1545)
(1517, 1545)
(1516, 1545)
(1515, 1545)
(1514, 1545)
(1513, 1545)
(1512, 1545)
(1511, 1545)
(1510, 1545)
(1509, 1545)
(1508, 1545)
(1507, 1545)
(1506, 1545)
(1505, 1545)
(1504, 1545)
(1503, 1545)
(1502, 1545)
(1501, 1545)
(1500, 1545)
(1499, 1545)
(1498, 1545)
(1497, 1545)
(1496, 1545)
(1495, 1545)
(1494, 1545)
(1493, 1545)
(1492, 1545)
(1491, 1545)
(1490, 1545)
(1489, 1545)
(1488, 1545)
(1487, 1545)
(1486, 1545)
(1485, 1545)
(1484, 1545)
(1483, 1545)
(1482, 1545)
(1481, 1545)
(1480, 1545)
(1479, 1545)
(1478, 1545)
(1477, 1545)
(1476, 1545)
(1475, 1545)
(1474, 1545)
(1473, 1545)
(1472, 1545)
(1471, 1545)
(1470, 1545)
(1469, 1545)
(1468, 1545)
(1467, 1545)
(1466, 1545)
(1465, 1545)
(1464, 1545)
(1463, 1545)
(1462, 1545)
(1461, 1545)
(1460, 1545)
(1459, 1545)
(1458, 1545)
(1457, 1545)
(1456, 1545)
(1455, 1545)
(1454, 1545)
(1453, 1545)
(1452, 1545)
(1451, 1545)
(1450, 1545)
(1449, 1545)
(1448, 1545)
(1447, 1545)
(1446, 1545)
(1445, 1545)
(1444, 1545)
(1443, 1545)
(1442, 1545)
(1441, 1545)
(1440, 1545)
(1439, 1545)
(1438, 1545)
(1437, 1545)
(1436, 1545)
(1435, 1545)
(1434, 1545)
(1433, 1545)
(1432, 1545)
(1431, 1545)
(1430, 1545)
(1429, 1545)
(1428, 1545)
(1427, 1545)
(1426, 1545)
(1425, 1545)
(1424, 1545)
(1423, 1545)
(1422, 1545)
(1421, 1545)
(1420, 1545)
(1419, 1545)
(1418, 1545)
(1417, 1545)
(1416, 1545)
(1415, 1545)
(1414, 1545)
(1413, 1545)
(1412, 1545)
(1411, 1545)
(1410, 1545)
(1409, 1545)
(1408, 1545)
(1407, 1545)
(1406, 1545)
(1405, 1545)
(1404, 1545)
(1403, 1545)
(1402, 1545)
(1401, 1545)
(1400, 1545)
(1399, 1545)
(1398, 1545)
(1397, 1545)
(1396, 1545)
(1395, 1545)
(1394, 1545)
(1393, 1545)
(1392, 1545)
(1391, 1545)
(1390, 1545)
(1389, 1545)
(1388, 1545)
(1387, 1545)
(1386, 1545)
(1385, 1545)
(1384, 1545)
(1383, 1545)
(1382, 1545)
(1381, 1545)
(1380, 1545)
(1379, 1545)
(1378, 1545)
(1377, 1545)
(1376, 1545)
(1375, 1545)
(1374, 1545)
(1373, 1545)
(1372, 1545)
(1371, 1545)
(1370, 1545)
(1369, 1545)
(1368, 1545)
(1367, 1545)
(1366, 1545)
(1365, 1545)
(1364, 1545)
(1363, 1545)
(1362, 1545)
(1361, 1545)
(1360, 1545)
(1359, 1545)
(1358, 1545)
(1357, 1545)
(1356, 1545)
(1355, 1545)
(1354, 1545)
(1353, 1545)
(1352, 1545)
(1351, 1545)
(1350, 1545)
(1349, 1545)
(1348, 1545)
(1347, 1545)
(1346, 1545)
(1345, 1545)
(1344, 1545)
(1343, 1545)
(1342, 1545)
(1341, 1545)
(1340, 1545)
(1339, 1545)
(1338, 1545)
(1337, 1545)
(1336, 1545)
(1335, 1545)
(1334, 1545)
(1333, 1545)
(1332, 1545)
(1331, 1545)
(1330, 1545)
(1329, 1545)
(1328, 1545)
(1327, 1545)
(1326, 1545)
(1325, 1545)
(1324, 1545)
(1323, 1545)
(1322, 1545)
(1321, 1545)
(1320, 1545)
(1319, 1545)
(1318, 1545)
(1317, 1545)
(1316, 1545)
(1315, 1545)
(1314, 1545)
(1313, 1545)
(1312, 1545)
(1311, 1545)
(1310, 1545)
(1309, 1545)
(1308, 1545)
(1307, 1545)
(1306, 1545)
(1305, 1545)
(1304, 1545)
(1303, 1545)
(1302, 1545)
(1301, 1545)
(1300, 1545)
(1299, 1545)
(1298, 1545)
(1297, 1545)
(1296, 1545)
(1295, 1545)
(1294, 1545)
(1293, 1545)
(1292, 1545)
(1291, 1545)
(1290, 1545)
(1289, 1545)
(1288, 1545)
(1287, 1545)
(1286, 1545)
(1285, 1545)
(1284, 1545)
(1283, 1545)
(1282, 1545)
(1281, 1545)
(1280, 1545)
(1279, 1545)
(1278, 1545)
(1277, 1545)
(1276, 1545)
(1275, 1545)
(1274, 1545)
(1273, 1545)
(1272, 1545)
(1271, 1545)
(1270, 1545)
(1269, 1545)
(1268, 1545)
(1267, 1545)
(1266, 1545)
(1265, 1545)
(1264, 1545)
(1263, 1545)
(1262, 1545)
(1261, 1545)
(1260, 1545)
(1259, 1545)
(1258, 1545)
(1257, 1545)
(1256, 1545)
(1255, 1545)
(1254, 1545)
(1253, 1545)
(1252, 1545)
(1251, 1545)
(1250, 1545)
(1249, 1545)
(1248, 1545)
(1247, 1545)
(1246, 1545)
(1245, 1545)
(1244, 1545)
(1243, 1545)
(1242, 1545)
(1241, 1545)
(1240, 1545)
(1239, 1545)
(1238, 1545)
(1237, 1545)
(1236, 1545)
(1235, 1545)
(1234, 1545)
(1233, 1545)
(1232, 1545)
(1231, 1545)
(1230, 1545)
(1229, 1545)
(1228, 1545)
(1227, 1545)
(1226, 1545)
(1225, 1545)
(1224, 1545)
(1223, 1545)
(1222, 1545)
(1221, 1545)
(1220, 1545)
(1219, 1545)
(1218, 1545)
(1217, 1545)
(1216, 1545)
(1215, 1545)
(1214, 1545)
(1213, 1545)
(1212, 1545)
(1211, 1545)
(1210, 1545)
(1209, 1545)
(1208, 1545)
(1207, 1545)
(1206, 1545)
(1205, 1545)
(1204, 1545)
(1203, 1545)
(1202, 1545)
(1201, 1545)
(1200, 1545)
(1199, 1545)
(1198, 1545)
(1197, 1545)
(1196, 1545)
(1195, 1545)
(1194, 1545)
(1193, 1545)
(1192, 1545)
(1191, 1545)
(1190, 1545)
(1189, 1545)
(1188, 1545)
(1187, 1545)
(1186, 1545)
(1185, 1545)
(1184, 1545)
(1183, 1545)
(1182, 1545)
(1181, 1545)
(1180, 1545)
(1179, 1545)
(1178, 1545)
(1177, 1545)
(1176, 1545)
(1175, 1545)
(1174, 1545)
(1173, 1545)
(1172, 1545)
(1171, 1545)
(1170, 1545)
(1169, 1545)
(1168, 1545)
(1167, 1545)
(1166, 1545)
(1165, 1545)
(1164, 1545)
(1163, 1545)
(1162, 1545)
(1161, 1545)
(1160, 1545)
(1159, 1545)
(1158, 1545)
(1157, 1545)
(1156, 1545)
(1155, 1545)
(1154, 1545)
(1153, 1545)
(1152, 1545)
(1151, 1545)
(1150, 1545)
(1149, 1545)
(1148, 1545)
(1147, 1545)
(1146, 1545)
(1145, 1545)
(1144, 1545)
(1143, 1545)
(1142, 1545)
(1141, 1545)
(1140, 1545)
(1139, 1545)
(1138, 1545)
(1137, 1545)
(1136, 1545)
(1135, 1545)
(1134, 1545)
(1133, 1545)
(1132, 1545)
(1131, 1545)
(1130, 1545)
(1129, 1545)
(1128, 1545)
(1127, 1545)
(1126, 1545)
(1125, 1545)
(1124, 1545)
(1123, 1545)
(1122, 1545)
(1121, 1545)
(1120, 1545)
(1119, 1545)
(1118, 1545)
(1117, 1545)
(1116, 1545)
(1115, 1545)
(1114, 1545)
(1113, 1545)
(1112, 1545)
(1111, 1545)
(1110, 1545)
(1109, 1545)
(1108, 1545)
(1107, 1545)
(1106, 1545)
(1105, 1545)
(1104, 1545)
(1103, 1545)
(1102, 1545)
(1101, 1545)
(1100, 1545)
(1099, 1545)
(1098, 1545)
(1097, 1545)
(1096, 1545)
(1095, 1545)
(1094, 1545)
(1093, 1545)
(1092, 1545)
(1091, 1545)
(1090, 1545)
(1089, 1545)
(1088, 1545)
(1087, 1545)
(1086, 1545)
(1085, 1545)
(1084, 1545)
(1083, 1545)
(1082, 1545)
(1081, 1545)
(1080, 1545)
(1079, 1545)
(1078, 1545)
(1077, 1545)
(1076, 1545)
(1075, 1545)
(1074, 1545)
(1073, 1545)
(1072, 1545)
(1071, 1545)
(1070, 1545)
(1069, 1545)
(1068, 1545)
(1067, 1545)
(1066, 1545)
(1065, 1545)
(1064, 1545)
(1063, 1545)
(1062, 1545)
(1061, 1545)
(1060, 1545)
(1059, 1545)
(1058, 1545)
(1057, 1545)
(1056, 1545)
(1055, 1545)
(1054, 1545)
(1053, 1545)
(1052, 1545)
(1051, 1545)
(1050, 1545)
(1049, 1545)
(1048, 1545)
(1047, 1545)
(1046, 1545)
(1045, 1545)
(1044, 1545)
(1043, 1545)
(1042, 1545)
(1041, 1545)
(1040, 1545)
(1039, 1545)
(1038, 1545)
(1037, 1545)
(1036, 1545)
(1035, 1545)
(1034, 1545)
(1033, 1545)
(1032, 1545)
(1031, 1545)
(1030, 1545)
(1029, 1545)
(1028, 1545)
(1027, 1545)
(1026, 1545)
(1025, 1545)
(1024, 1545)
(1023, 1545)
(1022, 1545)
(1021, 1545)
(1020, 1545)
(1019, 1545)
(1018, 1545)
(1017, 1545)
(1016, 1545)
(1015, 1545)
(1014, 1545)
(1013, 1545)
(1012, 1545)
(1011, 1545)
(1010, 1545)
(1009, 1545)
(1008, 1545)
(1007, 1545)
(1006, 1545)
(1005, 1545)
(1004, 1545)
(1003, 1545)
(1002, 1545)
(1001, 1545)
(1000, 1545)
(999, 1545)
(998, 1545)
(997, 1545)
(996, 1545)
(995, 1545)
(994, 1545)
(993, 1545)
(992, 1545)
(991, 1545)
(990, 1545)
(989, 1545)
(988, 1545)
(987, 1545)
(986, 1545)
(985, 1545)
(984, 1545)
(983, 1545)
(982, 1545)
(981, 1545)
(980, 1545)
(979, 1545)
(978, 1545)
(977, 1545)
(976, 1545)
(975, 1545)
(974, 1545)
(973, 1545)
(972, 1545)
(971, 1545)
(970, 1545)
(969, 1545)
(968, 1545)
(967, 1545)
(966, 1545)
(965, 1545)
(964, 1545)
(963, 1545)
(962, 1545)
(961, 1545)
(960, 1545)
(959, 1545)
(958, 1545)
(957, 1545)
(956, 1545)
(955, 1545)
(954, 1545)
(953, 1545)
(952, 1545)
(951, 1545)
(950, 1545)
(949, 1545)
(948, 1545)
(947, 1545)
(946, 1545)
(945, 1545)
(944, 1545)
(943, 1545)
(942, 1545)
(941, 1545)
(940, 1545)
(939, 1545)
(938, 1545)
(937, 1545)
(936, 1545)
(935, 1545)
(934, 1545)
(933, 1545)
(932, 1545)
(931, 1545)
(930, 1545)
(929, 1545)
(928, 1545)
(927, 1545)
(926, 1545)
(925, 1545)
(924, 1545)
(923, 1545)
(922, 1545)
(921, 1545)
(920, 1545)
(919, 1545)
(918, 1545)
(917, 1545)
(916, 1545)
(915, 1545)
(914, 1545)
(913, 1545)
(912, 1545)
(911, 1545)
(910, 1545)
(909, 1545)
(908, 1545)
(907, 1545)
(906, 1545)
(905, 1545)
(904, 1545)
(903, 1545)
(902, 1545)
(901, 1545)
(900, 1545)
(899, 1545)
(898, 1545)
(897, 1545)
(896, 1545)
(895, 1545)
(894, 1545)
(893, 1545)
(892, 1545)
(891, 1545)
(890, 1545)
(889, 1545)
(888, 1545)
(887, 1545)
(886, 1545)
(885, 1545)
(884, 1545)
(883, 1545)
(882, 1545)
(881, 1545)
(880, 1545)
(879, 1545)
(878, 1545)
(877, 1545)
(876, 1545)
(875, 1545)
(874, 1545)
(873, 1545)
(872, 1545)
(871, 1545)
(870, 1545)
(869, 1545)
(868, 1545)
(867, 1545)
(866, 1545)
(865, 1545)
(864, 1545)
(863, 1545)
(862, 1545)
(861, 1545)
(860, 1545)
(859, 1545)
(858, 1545)
(857, 1545)
(856, 1545)
(855, 1545)
(854, 1545)
(853, 1545)
(852, 1545)
(851, 1545)
(850, 1545)
(849, 1545)
(848, 1545)
(847, 1545)
(846, 1545)
(845, 1545)
(844, 1545)
(843, 1545)
(842, 1545)
(841, 1545)
(840, 1545)
(839, 1545)
(838, 1545)
(837, 1545)
(836, 1545)
(835, 1545)
(834, 1545)
(833, 1545)
(832, 1545)
(831, 1545)
(830, 1545)
(829, 1545)
(828, 1545)
(827, 1545)
(826, 1545)
(825, 1545)
(824, 1545)
(823, 1545)
(822, 1545)
(821, 1545)
(820, 1545)
(819, 1545)
(818, 1545)
(817, 1545)
(816, 1545)
(815, 1545)
(814, 1545)
(813, 1545)
(812, 1545)
(811, 1545)
(810, 1545)
(809, 1545)
(808, 1545)
(807, 1545)
(806, 1545)
(805, 1545)
(804, 1545)
(803, 1545)
(802, 1545)
(801, 1545)
(800, 1545)
(799, 1545)
(798, 1545)
(797, 1545)
(796, 1545)
(795, 1545)
(794, 1545)
(793, 1545)
(792, 1545)
(791, 1545)
(790, 1545)
(789, 1545)
(788, 1545)
(787, 1545)
(786, 1545)
(785, 1545)
(784, 1545)
(783, 1545)
(782, 1545)
(781, 1545)
(780, 1545)
(779, 1545)
(778, 1545)
(777, 1545)
(776, 1545)
(775, 1545)
(774, 1545)
(773, 1545)
(772, 1545)
(771, 1545)
(770, 1545)
(769, 1545)
(768, 1545)
(767, 1545)
(766, 1545)
(765, 1545)
(764, 1545)
(763, 1545)
(762, 1545)
(761, 1545)
(760, 1545)
(759, 1545)
(758, 1545)
(757, 1545)
(756, 1545)
(755, 1545)
(754, 1545)
(753, 1545)
(752, 1545)
(751, 1545)
(750, 1545)
(749, 1545)
(748, 1545)
(747, 1545)
(746, 1545)
(745, 1545)
(744, 1545)
(743, 1545)
(742, 1545)
(741, 1545)
(740, 1545)
(739, 1545)
(738, 1545)
(737, 1545)
(736, 1545)
(735, 1545)
(734, 1545)
(733, 1545)
(732, 1545)
(731, 1545)
(730, 1545)
(729, 1545)
(728, 1545)
(727, 1545)
(726, 1545)
(725, 1545)
(724, 1545)
(723, 1545)
(722, 1545)
(721, 1545)
(720, 1545)
(719, 1545)
(718, 1545)
(717, 1545)
(716, 1545)
(715, 1545)
(714, 1545)
(713, 1545)
(712, 1545)
(711, 1545)
(710, 1545)
(709, 1545)
(708, 1545)
(707, 1545)
(706, 1545)
(705, 1545)
(704, 1545)
(703, 1545)
(702, 1545)
(701, 1545)
(700, 1545)
(699, 1545)
(698, 1545)
(697, 1545)
(696, 1545)
(695, 1545)
(694, 1545)
(693, 1545)
(692, 1545)
(691, 1545)
(690, 1545)
(689, 1545)
(688, 1545)
(687, 1545)
(686, 1545)
(685, 1545)
(684, 1545)
(683, 1545)
(682, 1545)
(681, 1545)
(680, 1545)
(679, 1545)
(678, 1545)
(677, 1545)
(676, 1545)
(675, 1545)
(674, 1545)
(673, 1545)
(672, 1545)
(671, 1545)
(670, 1545)
(669, 1545)
(668, 1545)
(667, 1545)
(666, 1545)
(665, 1545)
(664, 1545)
(663, 1545)
(662, 1545)
(661, 1545)
(660, 1545)
(659, 1545)
(658, 1545)
(657, 1545)
(656, 1545)
(655, 1545)
(654, 1545)
(653, 1545)
(652, 1545)
(651, 1545)
(650, 1545)
(649, 1545)
(648, 1545)
(647, 1545)
(646, 1545)
(645, 1545)
(644, 1545)
(643, 1545)
(642, 1545)
(641, 1545)
(640, 1545)
(639, 1545)
(638, 1545)
(637, 1545)
(636, 1545)
(635, 1545)
(634, 1545)
(633, 1545)
(632, 1545)
(631, 1545)
(630, 1545)
(629, 1545)
(628, 1545)
(627, 1545)
(626, 1545)
(625, 1545)
(624, 1545)
(623, 1545)
(622, 1545)
(621, 1545)
(620, 1545)
(619, 1545)
(618, 1545)
(617, 1545)
(616, 1545)
(615, 1545)
(614, 1545)
(613, 1545)
(612, 1545)
(611, 1545)
(610, 1545)
(609, 1545)
(608, 1545)
(607, 1545)
(606, 1545)
(605, 1545)
(604, 1545)
(603, 1545)
(602, 1545)
(601, 1545)
(600, 1545)
(599, 1545)
(598, 1545)
(597, 1545)
(596, 1545)
(595, 1545)
(594, 1545)
(593, 1545)
(592, 1545)
(591, 1545)
(590, 1545)
(589, 1545)
(588, 1545)
(587, 1545)
(586, 1545)
(585, 1545)
(584, 1545)
(583, 1545)
(582, 1545)
(581, 1545)
(580, 1545)
(579, 1545)
(578, 1545)
(577, 1545)
(576, 1545)
(575, 1545)
(574, 1545)
(573, 1545)
(572, 1545)
(571, 1545)
(570, 1545)
(569, 1545)
(568, 1545)
(567, 1545)
(566, 1545)
(565, 1545)
(564, 1545)
(563, 1545)
(562, 1545)
(561, 1545)
(560, 1545)
(559, 1545)
(558, 1545)
(557, 1545)
(556, 1545)
(555, 1545)
(554, 1545)
(553, 1545)
(552, 1545)
(551, 1545)
(550, 1545)
(549, 1545)
(548, 1545)
(547, 1545)
(546, 1545)
(545, 1545)
(544, 1545)
(543, 1545)
(542, 1545)
(541, 1545)
(540, 1545)
(539, 1545)
(538, 1545)
(537, 1545)
(536, 1545)
(535, 1545)
(534, 1545)
(533, 1545)
(532, 1545)
(531, 1545)
(530, 1545)
(529, 1545)
(528, 1545)
(527, 1545)
(526, 1545)
(525, 1545)
(524, 1545)
(523, 1545)
(522, 1545)
(521, 1545)
(520, 1545)
(519, 1545)
(518, 1545)
(517, 1545)
(516, 1545)
(515, 1545)
(514, 1545)
(513, 1545)
(512, 1545)
(511, 1545)
(510, 1545)
(509, 1545)
(508, 1545)
(507, 1545)
(506, 1545)
(505, 1545)
(504, 1545)
(503, 1545)
(502, 1545)
(501, 1545)
(500, 1545)
(499, 1545)
(498, 1545)
(497, 1545)
(496, 1545)
(495, 1545)
(494, 1545)
(493, 1545)
(492, 1545)
(491, 1545)
(490, 1545)
(489, 1545)
(488, 1545)
(487, 1545)
(486, 1545)
(485, 1545)
(484, 1545)
(483, 1545)
(482, 1545)
(481, 1545)
(480, 1545)
(479, 1545)
(478, 1545)
(477, 1545)
(476, 1545)
(475, 1545)
(474, 1545)
(473, 1545)
(472, 1545)
(471, 1545)
(470, 1545)
(469, 1545)
(468, 1545)
(467, 1545)
(466, 1545)
(465, 1545)
(464, 1545)
(463, 1545)
(462, 1545)
(461, 1545)
(460, 1545)
(459, 1545)
(458, 1545)
(457, 1545)
(456, 1545)
(455, 1545)
(454, 1545)
(453, 1545)
(452, 1545)
(451, 1545)
(450, 1545)
(449, 1545)
(448, 1545)
(447, 1545)
(446, 1545)
(445, 1545)
(444, 1545)
(443, 1545)
(442, 1545)
(441, 1545)
(440, 1545)
(439, 1545)
(438, 1545)
(437, 1545)
(436, 1545)
(435, 1545)
(434, 1545)
(433, 1545)
(432, 1545)
(431, 1545)
(430, 1545)
(429, 1545)
(428, 1545)
(427, 1545)
(426, 1545)
(425, 1545)
(424, 1545)
(423, 1545)
(422, 1545)
(421, 1545)
(420, 1545)
(419, 1545)
(418, 1545)
(417, 1545)
(416, 1545)
(415, 1545)
(414, 1545)
(413, 1545)
(412, 1545)
(411, 1545)
(410, 1545)
(409, 1545)
(408, 1545)
(407, 1545)
(406, 1545)
(405, 1545)
(404, 1545)
(403, 1545)
(402, 1545)
(401, 1545)
(400, 1545)
(399, 1545)
(399, 1546)
(400, 1548)
(400, 1549)
(401, 1551)
(401, 1552)
(402, 1554)
(402, 1555)
(403, 1557)
(403, 1558)
(404, 1560)
(404, 1561)
(405, 1563)
(405, 1564)
(406, 1566)
(406, 1567)
(407, 1569)
(407, 1570)
(408, 1572)
(408, 1573)
(409, 1575)
(409, 1576)
(410, 1578)
(410, 1579)
(411, 1581)
(411, 1582)
(412, 1584)
(412, 1585)
(413, 1587)
(413, 1588)
(414, 1590)
(414, 1591)
(415, 1593)
(415, 1594)
(416, 1596)
(416, 1597)
(417, 1599)
(417, 1600)
(418, 1602)
(418, 1603)
(419, 1605)
(419, 1606)
(420, 1608)
(420, 1609)
(421, 1611)
(421, 1612)
(422, 1615)
(423, 1618)
(424, 1621)
(425, 1624)
(426, 1627)
(427, 1630)
(428, 1633)
(429, 1636)
(430, 1639)
(431, 1642)
(432, 1645)
(432, 1645)
(433, 1645)
(434, 1645)
(435, 1645)
(436, 1645)
(437, 1645)
(438, 1645)
(439, 1645)
(440, 1645)
(441, 1645)
(442, 1645)
(443, 1645)
(444, 1645)
(445, 1645)
(446, 1645)
(447, 1645)
(448, 1645)
(449, 1645)
(450, 1645)
(451, 1645)
(452, 1645)
(453, 1645)
(454, 1645)
(455, 1645)
(456, 1645)
(457, 1645)
(458, 1645)
(459, 1645)
(460, 1645)
(461, 1645)
(462, 1645)
(463, 1645)
(464, 1645)
(465, 1645)
(466, 1645)
(467, 1645)
(468, 1645)
(469, 1645)
(470, 1645)
(471, 1645)
(472, 1645)
(473, 1645)
(474, 1645)
(475, 1645)
(476, 1645)
(477, 1645)
(478, 1645)
(479, 1645)
(480, 1645)
(481, 1645)
(482, 1645)
(483, 1645)
(484, 1645)
(485, 1645)
(486, 1645)
(487, 1645)
(488, 1645)
(489, 1645)
(490, 1645)
(491, 1645)
(492, 1645)
(493, 1645)
(494, 1645)
(495, 1645)
(496, 1645)
(497, 1645)
(498, 1645)
(499, 1645)
(500, 1645)
(501, 1645)
(502, 1645)
(503, 1645)
(504, 1645)
(505, 1645)
(506, 1645)
(507, 1645)
(508, 1645)
(509, 1645)
(510, 1645)
(511, 1645)
(512, 1645)
(513, 1645)
(514, 1645)
(515, 1645)
(516, 1645)
(517, 1645)
(518, 1645)
(519, 1645)
(520, 1645)
(521, 1645)
(522, 1645)
(523, 1645)
(524, 1645)
(525, 1645)
(526, 1645)
(527, 1645)
(528, 1645)
(529, 1645)
(530, 1645)
(531, 1645)
(532, 1645)
(533, 1645)
(534, 1645)
(535, 1645)
(536, 1645)
(537, 1645)
(538, 1645)
(539, 1645)
(540, 1645)
(541, 1645)
(542, 1645)
(543, 1645)
(544, 1645)
(545, 1645)
(546, 1645)
(547, 1645)
(548, 1645)
(549, 1645)
(550, 1645)
(551, 1645)
(552, 1645)
(553, 1645)
(554, 1645)
(555, 1645)
(556, 1645)
(557, 1645)
(558, 1645)
(559, 1645)
(560, 1645)
(561, 1645)
(562, 1645)
(563, 1645)
(564, 1645)
(565, 1645)
(566, 1645)
(567, 1645)
(568, 1645)
(569, 1645)
(570, 1645)
(571, 1645)
(572, 1645)
(573, 1645)
(574, 1645)
(575, 1645)
(576, 1645)
(577, 1645)
(578, 1645)
(579, 1645)
(580, 1645)
(581, 1645)
(582, 1645)
(583, 1645)
(584, 1645)
(585, 1645)
(586, 1645)
(587, 1645)
(588, 1645)
(589, 1645)
(590, 1645)
(591, 1645)
(592, 1645)
(593, 1645)
(594, 1645)
(595, 1645)
(596, 1645)
(597, 1645)
(598, 1645)
(599, 1645)
(600, 1645)
(601, 1645)
(602, 1645)
(603, 1645)
(604, 1645)
(605, 1645)
(606, 1645)
(607, 1645)
(608, 1645)
(609, 1645)
(610, 1645)
(611, 1645)
(612, 1645)
(613, 1645)
(614, 1645)
(615, 1645)
(616, 1645)
(617, 1645)
(618, 1645)
(619, 1645)
(620, 1645)
(621, 1645)
(622, 1645)
(623, 1645)
(624, 1645)
(625, 1645)
(626, 1645)
(627, 1645)
(628, 1645)
(629, 1645)
(630, 1645)
(631, 1645)
(632, 1645)
(633, 1645)
(634, 1645)
(635, 1645)
(636, 1645)
(637, 1645)
(638, 1645)
(639, 1645)
(640, 1645)
(641, 1645)
(642, 1645)
(643, 1645)
(644, 1645)
(645, 1645)
(646, 1645)
(647, 1645)
(648, 1645)
(649, 1645)
(650, 1645)
(651, 1645)
(652, 1645)
(653, 1645)
(654, 1645)
(655, 1645)
(656, 1645)
(657, 1645)
(658, 1645)
(659, 1645)
(660, 1645)
(661, 1645)
(662, 1645)
(663, 1645)
(664, 1645)
(665, 1645)
(666, 1645)
(667, 1645)
(668, 1645)
(669, 1645)
(670, 1645)
(671, 1645)
(672, 1645)
(673, 1645)
(674, 1645)
(675, 1645)
(676, 1645)
(677, 1645)
(678, 1645)
(679, 1645)
(680, 1645)
(681, 1645)
(682, 1645)
(683, 1645)
(684, 1645)
(685, 1645)
(686, 1645)
(687, 1645)
(688, 1645)
(689, 1645)
(690, 1645)
(691, 1645)
(692, 1645)
(693, 1645)
(694, 1645)
(695, 1645)
(696, 1645)
(697, 1645)
(698, 1645)
(699, 1645)
(700, 1645)
(701, 1645)
(702, 1645)
(703, 1645)
(704, 1645)
(705, 1645)
(706, 1645)
(707, 1645)
(708, 1645)
(709, 1645)
(710, 1645)
(711, 1645)
(712, 1645)
(713, 1645)
(714, 1645)
(715, 1645)
(716, 1645)
(717, 1645)
(718, 1645)
(719, 1645)
(720, 1645)
(721, 1645)
(722, 1645)
(723, 1645)
(724, 1645)
(725, 1645)
(726, 1645)
(727, 1645)
(728, 1645)
(729, 1645)
(730, 1645)
(731, 1645)
(732, 1645)
(733, 1645)
(734, 1645)
(735, 1645)
(736, 1645)
(737, 1645)
(738, 1645)
(739, 1645)
(740, 1645)
(741, 1645)
(742, 1645)
(743, 1645)
(744, 1645)
(745, 1645)
(746, 1645)
(747, 1645)
(748, 1645)
(749, 1645)
(750, 1645)
(751, 1645)
(752, 1645)
(753, 1645)
(754, 1645)
(755, 1645)
(756, 1645)
(757, 1645)
(758, 1645)
(759, 1645)
(760, 1645)
(761, 1645)
(762, 1645)
(763, 1645)
(764, 1645)
(765, 1645)
(766, 1645)
(767, 1645)
(768, 1645)
(769, 1645)
(770, 1645)
(771, 1645)
(772, 1645)
(773, 1645)
(774, 1645)
(775, 1645)
(776, 1645)
(777, 1645)
(778, 1645)
(779, 1645)
(780, 1645)
(781, 1645)
(782, 1645)
(783, 1645)
(784, 1645)
(785, 1645)
(786, 1645)
(787, 1645)
(788, 1645)
(789, 1645)
(790, 1645)
(791, 1645)
(792, 1645)
(793, 1645)
(794, 1645)
(795, 1645)
(796, 1645)
(797, 1645)
(798, 1645)
(799, 1645)
(800, 1645)
(801, 1645)
(802, 1645)
(803, 1645)
(804, 1645)
(805, 1645)
(806, 1645)
(807, 1645)
(808, 1645)
(809, 1645)
(810, 1645)
(811, 1645)
(812, 1645)
(813, 1645)
(814, 1645)
(815, 1645)
(816, 1645)
(817, 1645)
(818, 1645)
(819, 1645)
(820, 1645)
(821, 1645)
(822, 1645)
(823, 1645)
(824, 1645)
(825, 1645)
(826, 1645)
(827, 1645)
(828, 1645)
(829, 1645)
(830, 1645)
(831, 1645)
(832, 1645)
(833, 1645)
(834, 1645)
(835, 1645)
(836, 1645)
(837, 1645)
(838, 1645)
(839, 1645)
(840, 1645)
(841, 1645)
(842, 1645)
(843, 1645)
(844, 1645)
(845, 1645)
(846, 1645)
(847, 1645)
(848, 1645)
(849, 1645)
(850, 1645)
(851, 1645)
(852, 1645)
(853, 1645)
(854, 1645)
(855, 1645)
(856, 1645)
(857, 1645)
(858, 1645)
(859, 1645)
(860, 1645)
(861, 1645)
(862, 1645)
(863, 1645)
(864, 1645)
(865, 1645)
(866, 1645)
(867, 1645)
(868, 1645)
(869, 1645)
(870, 1645)
(871, 1645)
(872, 1645)
(873, 1645)
(874, 1645)
(875, 1645)
(876, 1645)
(877, 1645)
(878, 1645)
(879, 1645)
(880, 1645)
(881, 1645)
(882, 1645)
(883, 1645)
(884, 1645)
(885, 1645)
(886, 1645)
(887, 1645)
(888, 1645)
(889, 1645)
(890, 1645)
(891, 1645)
(892, 1645)
(893, 1645)
(894, 1645)
(895, 1645)
(896, 1645)
(897, 1645)
(898, 1645)
(899, 1645)
(900, 1645)
(901, 1645)
(902, 1645)
(903, 1645)
(904, 1645)
(905, 1645)
(906, 1645)
(907, 1645)
(908, 1645)
(909, 1645)
(910, 1645)
(911, 1645)
(912, 1645)
(913, 1645)
(914, 1645)
(915, 1645)
(916, 1645)
(917, 1645)
(918, 1645)
(919, 1645)
(920, 1645)
(921, 1645)
(922, 1645)
(923, 1645)
(924, 1645)
(925, 1645)
(926, 1645)
(927, 1645)
(928, 1645)
(929, 1645)
(930, 1645)
(931, 1645)
(932, 1645)
(933, 1645)
(934, 1645)
(935, 1645)
(936, 1645)
(937, 1645)
(938, 1645)
(939, 1645)
(940, 1645)
(941, 1645)
(942, 1645)
(943, 1645)
(944, 1645)
(945, 1645)
(946, 1645)
(947, 1645)
(948, 1645)
(949, 1645)
(950, 1645)
(951, 1645)
(952, 1645)
(953, 1645)
(954, 1645)
(955, 1645)
(956, 1645)
(957, 1645)
(958, 1645)
(959, 1645)
(960, 1645)
(961, 1645)
(962, 1645)
(963, 1645)
(964, 1645)
(965, 1645)
(966, 1645)
(967, 1645)
(968, 1645)
(969, 1645)
(970, 1645)
(971, 1645)
(972, 1645)
(973, 1645)
(974, 1645)
(975, 1645)
(976, 1645)
(977, 1645)
(978, 1645)
(979, 1645)
(980, 1645)
(981, 1645)
(982, 1645)
(983, 1645)
(984, 1645)
(985, 1645)
(986, 1645)
(987, 1645)
(988, 1645)
(989, 1645)
(990, 1645)
(991, 1645)
(992, 1645)
(993, 1645)
(994, 1645)
(995, 1645)
(996, 1645)
(997, 1645)
(998, 1645)
(999, 1645)
(1000, 1645)
(1001, 1645)
(1002, 1645)
(1003, 1645)
(1004, 1645)
(1005, 1645)
(1006, 1645)
(1007, 1645)
(1008, 1645)
(1009, 1645)
(1010, 1645)
(1011, 1645)
(1012, 1645)
(1013, 1645)
(1014, 1645)
(1015, 1645)
(1016, 1645)
(1017, 1645)
(1018, 1645)
(1019, 1645)
(1020, 1645)
(1021, 1645)
(1022, 1645)
(1023, 1645)
(1024, 1645)
(1025, 1645)
(1026, 1645)
(1027, 1645)
(1028, 1645)
(1029, 1645)
(1030, 1645)
(1031, 1645)
(1032, 1645)
(1033, 1645)
(1034, 1645)
(1035, 1645)
(1036, 1645)
(1037, 1645)
(1038, 1645)
(1039, 1645)
(1040, 1645)
(1041, 1645)
(1042, 1645)
(1043, 1645)
(1044, 1645)
(1045, 1645)
(1046, 1645)
(1047, 1645)
(1048, 1645)
(1049, 1645)
(1050, 1645)
(1051, 1645)
(1052, 1645)
(1053, 1645)
(1054, 1645)
(1055, 1645)
(1056, 1645)
(1057, 1645)
(1058, 1645)
(1059, 1645)
(1060, 1645)
(1061, 1645)
(1062, 1645)
(1063, 1645)
(1064, 1645)
(1065, 1645)
(1066, 1645)
(1067, 1645)
(1068, 1645)
(1069, 1645)
(1070, 1645)
(1071, 1645)
(1072, 1645)
(1073, 1645)
(1074, 1645)
(1075, 1645)
(1076, 1645)
(1077, 1645)
(1078, 1645)
(1079, 1645)
(1080, 1645)
(1081, 1645)
(1082, 1645)
(1083, 1645)
(1084, 1645)
(1085, 1645)
(1086, 1645)
(1087, 1645)
(1088, 1645)
(1089, 1645)
(1090, 1645)
(1091, 1645)
(1092, 1645)
(1093, 1645)
(1094, 1645)
(1095, 1645)
(1096, 1645)
(1097, 1645)
(1098, 1645)
(1099, 1645)
(1100, 1645)
(1101, 1645)
(1102, 1645)
(1103, 1645)
(1104, 1645)
(1105, 1645)
(1106, 1645)
(1107, 1645)
(1108, 1645)
(1109, 1645)
(1110, 1645)
(1111, 1645)
(1112, 1645)
(1113, 1645)
(1114, 1645)
(1115, 1645)
(1116, 1645)
(1117, 1645)
(1118, 1645)
(1119, 1645)
(1120, 1645)
(1121, 1645)
(1122, 1645)
(1123, 1645)
(1124, 1645)
(1125, 1645)
(1126, 1645)
(1127, 1645)
(1128, 1645)
(1129, 1645)
(1130, 1645)
(1131, 1645)
(1132, 1645)
(1133, 1645)
(1134, 1645)
(1135, 1645)
(1136, 1645)
(1137, 1645)
(1138, 1645)
(1139, 1645)
(1140, 1645)
(1141, 1645)
(1142, 1645)
(1143, 1645)
(1144, 1645)
(1145, 1645)
(1146, 1645)
(1147, 1645)
(1148, 1645)
(1149, 1645)
(1150, 1645)
(1151, 1645)
(1152, 1645)
(1153, 1645)
(1154, 1645)
(1155, 1645)
(1156, 1645)
(1157, 1645)
(1158, 1645)
(1159, 1645)
(1160, 1645)
(1161, 1645)
(1162, 1645)
(1163, 1645)
(1164, 1645)
(1165, 1645)
(1166, 1645)
(1167, 1645)
(1168, 1645)
(1169, 1645)
(1170, 1645)
(1171, 1645)
(1172, 1645)
(1173, 1645)
(1174, 1645)
(1175, 1645)
(1176, 1645)
(1177, 1645)
(1178, 1645)
(1179, 1645)
(1180, 1645)
(1181, 1645)
(1182, 1645)
(1183, 1645)
(1184, 1645)
(1185, 1645)
(1186, 1645)
(1187, 1645)
(1188, 1645)
(1189, 1645)
(1190, 1645)
(1191, 1645)
(1192, 1645)
(1193, 1645)
(1194, 1645)
(1195, 1645)
(1196, 1645)
(1197, 1645)
(1198, 1645)
(1199, 1645)
(1200, 1645)
(1201, 1645)
(1202, 1645)
(1203, 1645)
(1204, 1645)
(1205, 1645)
(1206, 1645)
(1207, 1645)
(1208, 1645)
(1209, 1645)
(1210, 1645)
(1211, 1645)
(1212, 1645)
(1213, 1645)
(1214, 1645)
(1215, 1645)
(1216, 1645)
(1217, 1645)
(1218, 1645)
(1219, 1645)
(1220, 1645)
(1221, 1645)
(1222, 1645)
(1223, 1645)
(1224, 1645)
(1225, 1645)
(1226, 1645)
(1227, 1645)
(1228, 1645)
(1229, 1645)
(1230, 1645)
(1231, 1645)
(1232, 1645)
(1233, 1645)
(1234, 1645)
(1235, 1645)
(1236, 1645)
(1237, 1645)
(1238, 1645)
(1239, 1645)
(1240, 1645)
(1241, 1645)
(1242, 1645)
(1243, 1645)
(1244, 1645)
(1245, 1645)
(1246, 1645)
(1247, 1645)
(1248, 1645)
(1249, 1645)
(1250, 1645)
(1251, 1645)
(1252, 1645)
(1253, 1645)
(1254, 1645)
(1255, 1645)
(1256, 1645)
(1257, 1645)
(1258, 1645)
(1259, 1645)
(1260, 1645)
(1261, 1645)
(1262, 1645)
(1263, 1645)
(1264, 1645)
(1265, 1645)
(1266, 1645)
(1267, 1645)
(1268, 1645)
(1269, 1645)
(1270, 1645)
(1271, 1645)
(1272, 1645)
(1273, 1645)
(1274, 1645)
(1275, 1645)
(1276, 1645)
(1277, 1645)
(1278, 1645)
(1279, 1645)
(1280, 1645)
(1281, 1645)
(1282, 1645)
(1283, 1645)
(1284, 1645)
(1285, 1645)
(1286, 1645)
(1287, 1645)
(1288, 1645)
(1289, 1645)
(1290, 1645)
(1291, 1645)
(1292, 1645)
(1293, 1645)
(1294, 1645)
(1295, 1645)
(1296, 1645)
(1297, 1645)
(1298, 1645)
(1299, 1645)
(1300, 1645)
(1301, 1645)
(1302, 1645)
(1303, 1645)
(1304, 1645)
(1305, 1645)
(1306, 1645)
(1307, 1645)
(1308, 1645)
(1309, 1645)
(1310, 1645)
(1311, 1645)
(1312, 1645)
(1313, 1645)
(1314, 1645)
(1315, 1645)
(1316, 1645)
(1317, 1645)
(1318, 1645)
(1319, 1645)
(1320, 1645)
(1321, 1645)
(1322, 1645)
(1323, 1645)
(1324, 1645)
(1325, 1645)
(1326, 1645)
(1327, 1645)
(1328, 1645)
(1329, 1645)
(1330, 1645)
(1331, 1645)
(1332, 1645)
(1333, 1645)
(1334, 1645)
(1335, 1645)
(1336, 1645)
(1337, 1645)
(1338, 1645)
(1339, 1645)
(1340, 1645)
(1341, 1645)
(1342, 1645)
(1343, 1645)
(1344, 1645)
(1345, 1645)
(1346, 1645)
(1347, 1645)
(1348, 1645)
(1349, 1645)
(1350, 1645)
(1351, 1645)
(1352, 1645)
(1353, 1645)
(1354, 1645)
(1355, 1645)
(1356, 1645)
(1357, 1645)
(1358, 1645)
(1359, 1645)
(1360, 1645)
(1361, 1645)
(1362, 1645)
(1363, 1645)
(1364, 1645)
(1365, 1645)
(1366, 1645)
(1367, 1645)
(1368, 1645)
(1369, 1645)
(1370, 1645)
(1371, 1645)
(1372, 1645)
(1373, 1645)
(1374, 1645)
(1375, 1645)
(1376, 1645)
(1377, 1645)
(1378, 1645)
(1379, 1645)
(1380, 1645)
(1381, 1645)
(1382, 1645)
(1383, 1645)
(1384, 1645)
(1385, 1645)
(1386, 1645)
(1387, 1645)
(1388, 1645)
(1389, 1645)
(1390, 1645)
(1391, 1645)
(1392, 1645)
(1393, 1645)
(1394, 1645)
(1395, 1645)
(1396, 1645)
(1397, 1645)
(1398, 1645)
(1399, 1645)
(1400, 1645)
(1401, 1645)
(1402, 1645)
(1403, 1645)
(1404, 1645)
(1405, 1645)
(1406, 1645)
(1407, 1645)
(1408, 1645)
(1409, 1645)
(1410, 1645)
(1411, 1645)
(1412, 1645)
(1413, 1645)
(1414, 1645)
(1415, 1645)
(1416, 1645)
(1417, 1645)
(1418, 1645)
(1419, 1645)
(1420, 1645)
(1421, 1645)
(1422, 1645)
(1423, 1645)
(1424, 1645)
(1425, 1645)
(1426, 1645)
(1427, 1645)
(1428, 1645)
(1429, 1645)
(1430, 1645)
(1431, 1645)
(1432, 1645)
(1433, 1645)
(1434, 1645)
(1435, 1645)
(1436, 1645)
(1437, 1645)
(1438, 1645)
(1439, 1645)
(1440, 1645)
(1441, 1645)
(1442, 1645)
(1443, 1645)
(1444, 1645)
(1445, 1645)
(1446, 1645)
(1447, 1645)
(1448, 1645)
(1449, 1645)
(1450, 1645)
(1451, 1645)
(1452, 1645)
(1453, 1645)
(1454, 1645)
(1455, 1645)
(1456, 1645)
(1457, 1645)
(1458, 1645)
(1459, 1645)
(1460, 1645)
(1461, 1645)
(1462, 1645)
(1463, 1645)
(1464, 1645)
(1465, 1645)
(1466, 1645)
(1467, 1645)
(1468, 1645)
(1469, 1645)
(1470, 1645)
(1471, 1645)
(1472, 1645)
(1473, 1645)
(1474, 1645)
(1475, 1645)
(1476, 1645)
(1477, 1645)
(1478, 1645)
(1479, 1645)
(1480, 1645)
(1481, 1645)
(1482, 1645)
(1483, 1645)
(1484, 1645)
(1485, 1645)
(1486, 1645)
(1487, 1645)
(1488, 1645)
(1489, 1645)
(1490, 1645)
(1491, 1645)
(1492, 1645)
(1493, 1645)
(1494, 1645)
(1495, 1645)
(1496, 1645)
(1497, 1645)
(1498, 1645)
(1499, 1645)
(1500, 1645)
(1501, 1645)
(1502, 1645)
(1503, 1645)
(1504, 1645)
(1505, 1645)
(1506, 1645)
(1507, 1645)
(1508, 1645)
(1509, 1645)
(1510, 1645)
(1511, 1645)
(1512, 1645)
(1513, 1645)
(1514, 1645)
(1515, 1645)
(1516, 1645)
(1517, 1645)
(1518, 1645)
(1519, 1645)
(1520, 1645)
(1521, 1645)
(1522, 1645)
(1523, 1645)
(1524, 1645)
(1525, 1645)
(1526, 1645)
(1527, 1645)
(1528, 1645)
(1529, 1645)
(1530, 1645)
(1531, 1645)
(1532, 1645)
(1533, 1645)
(1534, 1645)
(1535, 1645)
(1536, 1645)
(1537, 1645)
(1538, 1645)
(1539, 1645)
(1540, 1645)
(1541, 1645)
(1542, 1645)
(1543, 1645)
(1544, 1645)
(1545, 1645)
(1546, 1645)
(1547, 1645)
(1548, 1645)
(1549, 1645)
(1550, 1645)
(1551, 1645)
(1552, 1645)
(1553, 1645)
(1554, 1645)
(1555, 1645)
(1556, 1645)
(1557, 1645)
(1558, 1645)
(1559, 1645)
(1560, 1645)
(1561, 1645)
(1562, 1645)
(1563, 1645)
(1564, 1645)
(1565, 1645)
(1566, 1645)
(1567, 1645)
(1568, 1645)
(1569, 1645)
(1570, 1645)
(1571, 1645)
(1572, 1645)
(1573, 1645)
(1574, 1645)
(1575, 1645)
(1576, 1645)
(1577, 1645)
(1578, 1645)
(1579, 1645)
(1580, 1645)
(1581, 1645)
(1582, 1645)
(1583, 1645)
(1584, 1645)
(1585, 1645)
(1586, 1645)
(1587, 1645)
(1588, 1645)
(1589, 1645)
(1590, 1645)
(1591, 1645)
(1592, 1645)
(1593, 1645)
(1594, 1645)
(1595, 1645)
(1596, 1645)
(1597, 1645)
(1598, 1645)
(1599, 1645)
(1600, 1645)
(1601, 1645)
(1602, 1645)
(1603, 1645)
(1604, 1645)
(1605, 1645)
(1606, 1645)
(1607, 1645)
(1608, 1645)
(1609, 1645)
(1610, 1645)
(1611, 1645)
(1612, 1645)
(1613, 1645)
(1612, 1646)
(1611, 1647)
(1610, 1648)
(1609, 1649)
(1608, 1650)
(1608, 1651)
(1607, 1652)
(1606, 1653)
(1605, 1654)
(1604, 1655)
(1603, 1656)
(1603, 1657)
(1602, 1658)
(1601, 1659)
(1600, 1660)
(1599, 1661)
(1598, 1662)
(1597, 1663)
(1597, 1664)
(1596, 1665)
(1595, 1666)
(1594, 1667)
(1593, 1668)
(1592, 1669)
(1591, 1670)
(1591, 1671)
(1590, 1672)
(1589, 1673)
(1588, 1674)
(1587, 1675)
(1586, 1676)
(1586, 1677)
(1585, 1678)
(1584, 1679)
(1583, 1680)
(1582, 1681)
(1581, 1682)
(1580, 1683)
(1580, 1684)
(1579, 1685)
(1578, 1686)
(1577, 1687)
(1576, 1688)
(1575, 1689)
(1574, 1690)
(1574, 1691)
(1573, 1692)
(1572, 1693)
(1571, 1694)
(1570, 1695)
(1569, 1696)
(1569, 1697)
(1568, 1698)
(1567, 1699)
(1566, 1700)
(1565, 1701)
(1564, 1702)
(1563, 1703)
(1563, 1704)
(1562, 1705)
(1561, 1706)
(1560, 1707)
(1559, 1708)
(1558, 1709)
(1557, 1710)
(1557, 1711)
(1556, 1712)
(1555, 1713)
(1554, 1714)
(1553, 1715)
(1552, 1716)
(1552, 1717)
(1551, 1718)
(1550, 1719)
(1549, 1720)
(1548, 1721)
(1547, 1722)
(1546, 1723)
(1546, 1724)
(1545, 1725)
(1544, 1726)
(1543, 1727)
(1542, 1728)
(1541, 1729)
(1540, 1730)
(1540, 1731)
(1539, 1732)
(1538, 1733)
(1537, 1734)
(1536, 1735)
(1535, 1736)
(1535, 1737)
(1534, 1738)
(1533, 1739)
(1532, 1740)
(1531, 1741)
(1530, 1742)
(1529, 1743)
(1529, 1744)
(1528, 1745)
(1528, 1745)
(1527, 1745)
(1526, 1745)
(1525, 1745)
(1524, 1745)
(1523, 1745)
(1522, 1745)
(1521, 1745)
(1520, 1745)
(1519, 1745)
(1518, 1745)
(1517, 1745)
(1516, 1745)
(1515, 1745)
(1514, 1745)
(1513, 1745)
(1512, 1745)
(1511, 1745)
(1510, 1745)
(1509, 1745)
(1508, 1745)
(1507, 1745)
(1506, 1745)
(1505, 1745)
(1504, 1745)
(1503, 1745)
(1502, 1745)
(1501, 1745)
(1500, 1745)
(1499, 1745)
(1498, 1745)
(1497, 1745)
(1496, 1745)
(1495, 1745)
(1494, 1745)
(1493, 1745)
(1492, 1745)
(1491, 1745)
(1490, 1745)
(1489, 1745)
(1488, 1745)
(1487, 1745)
(1486, 1745)
(1485, 1745)
(1484, 1745)
(1483, 1745)
(1482, 1745)
(1481, 1745)
(1480, 1745)
(1479, 1745)
(1478, 1745)
(1477, 1745)
(1476, 1745)
(1475, 1745)
(1474, 1745)
(1473, 1745)
(1472, 1745)
(1471, 1745)
(1470, 1745)
(1469, 1745)
(1468, 1745)
(1467, 1745)
(1466, 1745)
(1465, 1745)
(1464, 1745)
(1463, 1745)
(1462, 1745)
(1461, 1745)
(1460, 1745)
(1459, 1745)
(1458, 1745)
(1457, 1745)
(1456, 1745)
(1455, 1745)
(1454, 1745)
(1453, 1745)
(1452, 1745)
(1451, 1745)
(1450, 1745)
(1449, 1745)
(1448, 1745)
(1447, 1745)
(1446, 1745)
(1445, 1745)
(1444, 1745)
(1443, 1745)
(1442, 1745)
(1441, 1745)
(1440, 1745)
(1439, 1745)
(1438, 1745)
(1437, 1745)
(1436, 1745)
(1435, 1745)
(1434, 1745)
(1433, 1745)
(1432, 1745)
(1431, 1745)
(1430, 1745)
(1429, 1745)
(1428, 1745)
(1427, 1745)
(1426, 1745)
(1425, 1745)
(1424, 1745)
(1423, 1745)
(1422, 1745)
(1421, 1745)
(1420, 1745)
(1419, 1745)
(1418, 1745)
(1417, 1745)
(1416, 1745)
(1415, 1745)
(1414, 1745)
(1413, 1745)
(1412, 1745)
(1411, 1745)
(1410, 1745)
(1409, 1745)
(1408, 1745)
(1407, 1745)
(1406, 1745)
(1405, 1745)
(1404, 1745)
(1403, 1745)
(1402, 1745)
(1401, 1745)
(1400, 1745)
(1399, 1745)
(1398, 1745)
(1397, 1745)
(1396, 1745)
(1395, 1745)
(1394, 1745)
(1393, 1745)
(1392, 1745)
(1391, 1745)
(1390, 1745)
(1389, 1745)
(1388, 1745)
(1387, 1745)
(1386, 1745)
(1385, 1745)
(1384, 1745)
(1383, 1745)
(1382, 1745)
(1381, 1745)
(1380, 1745)
(1379, 1745)
(1378, 1745)
(1377, 1745)
(1376, 1745)
(1375, 1745)
(1374, 1745)
(1373, 1745)
(1372, 1745)
(1371, 1745)
(1370, 1745)
(1369, 1745)
(1368, 1745)
(1367, 1745)
(1366, 1745)
(1365, 1745)
(1364, 1745)
(1363, 1745)
(1362, 1745)
(1361, 1745)
(1360, 1745)
(1359, 1745)
(1358, 1745)
(1357, 1745)
(1356, 1745)
(1355, 1745)
(1354, 1745)
(1353, 1745)
(1352, 1745)
(1351, 1745)
(1350, 1745)
(1349, 1745)
(1348, 1745)
(1347, 1745)
(1346, 1745)
(1345, 1745)
(1344, 1745)
(1343, 1745)
(1342, 1745)
(1341, 1745)
(1340, 1745)
(1339, 1745)
(1338, 1745)
(1337, 1745)
(1336, 1745)
(1335, 1745)
(1334, 1745)
(1333, 1745)
(1332, 1745)
(1331, 1745)
(1330, 1745)
(1329, 1745)
(1328, 1745)
(1327, 1745)
(1326, 1745)
(1325, 1745)
(1324, 1745)
(1323, 1745)
(1322, 1745)
(1321, 1745)
(1320, 1745)
(1319, 1745)
(1318, 1745)
(1317, 1745)
(1316, 1745)
(1315, 1745)
(1314, 1745)
(1313, 1745)
(1312, 1745)
(1311, 1745)
(1310, 1745)
(1309, 1745)
(1308, 1745)
(1307, 1745)
(1306, 1745)
(1305, 1745)
(1304, 1745)
(1303, 1745)
(1302, 1745)
(1301, 1745)
(1300, 1745)
(1299, 1745)
(1298, 1745)
(1297, 1745)
(1296, 1745)
(1295, 1745)
(1294, 1745)
(1293, 1745)
(1292, 1745)
(1291, 1745)
(1290, 1745)
(1289, 1745)
(1288, 1745)
(1287, 1745)
(1286, 1745)
(1285, 1745)
(1284, 1745)
(1283, 1745)
(1282, 1745)
(1281, 1745)
(1280, 1745)
(1279, 1745)
(1278, 1745)
(1277, 1745)
(1276, 1745)
(1275, 1745)
(1274, 1745)
(1273, 1745)
(1272, 1745)
(1271, 1745)
(1270, 1745)
(1269, 1745)
(1268, 1745)
(1267, 1745)
(1266, 1745)
(1265, 1745)
(1264, 1745)
(1263, 1745)
(1262, 1745)
(1261, 1745)
(1260, 1745)
(1259, 1745)
(1258, 1745)
(1257, 1745)
(1256, 1745)
(1255, 1745)
(1254, 1745)
(1253, 1745)
(1252, 1745)
(1251, 1745)
(1250, 1745)
(1249, 1745)
(1248, 1745)
(1247, 1745)
(1246, 1745)
(1245, 1745)
(1244, 1745)
(1243, 1745)
(1242, 1745)
(1241, 1745)
(1240, 1745)
(1239, 1745)
(1238, 1745)
(1237, 1745)
(1236, 1745)
(1235, 1745)
(1234, 1745)
(1233, 1745)
(1232, 1745)
(1231, 1745)
(1230, 1745)
(1229, 1745)
(1228, 1745)
(1227, 1745)
(1226, 1745)
(1225, 1745)
(1224, 1745)
(1223, 1745)
(1222, 1745)
(1221, 1745)
(1220, 1745)
(1219, 1745)
(1218, 1745)
(1217, 1745)
(1216, 1745)
(1215, 1745)
(1214, 1745)
(1213, 1745)
(1212, 1745)
(1211, 1745)
(1210, 1745)
(1209, 1745)
(1208, 1745)
(1207, 1745)
(1206, 1745)
(1205, 1745)
(1204, 1745)
(1203, 1745)
(1202, 1745)
(1201, 1745)
(1200, 1745)
(1199, 1745)
(1198, 1745)
(1197, 1745)
(1196, 1745)
(1195, 1745)
(1194, 1745)
(1193, 1745)
(1192, 1745)
(1191, 1745)
(1190, 1745)
(1189, 1745)
(1188, 1745)
(1187, 1745)
(1186, 1745)
(1185, 1745)
(1184, 1745)
(1183, 1745)
(1182, 1745)
(1181, 1745)
(1180, 1745)
(1179, 1745)
(1178, 1745)
(1177, 1745)
(1176, 1745)
(1175, 1745)
(1174, 1745)
(1173, 1745)
(1172, 1745)
(1171, 1745)
(1170, 1745)
(1169, 1745)
(1168, 1745)
(1167, 1745)
(1166, 1745)
(1165, 1745)
(1164, 1745)
(1163, 1745)
(1162, 1745)
(1161, 1745)
(1160, 1745)
(1159, 1745)
(1158, 1745)
(1157, 1745)
(1156, 1745)
(1155, 1745)
(1154, 1745)
(1153, 1745)
(1152, 1745)
(1151, 1745)
(1150, 1745)
(1149, 1745)
(1148, 1745)
(1147, 1745)
(1146, 1745)
(1145, 1745)
(1144, 1745)
(1143, 1745)
(1142, 1745)
(1141, 1745)
(1140, 1745)
(1139, 1745)
(1138, 1745)
(1137, 1745)
(1136, 1745)
(1135, 1745)
(1134, 1745)
(1133, 1745)
(1132, 1745)
(1131, 1745)
(1130, 1745)
(1129, 1745)
(1128, 1745)
(1127, 1745)
(1126, 1745)
(1125, 1745)
(1124, 1745)
(1123, 1745)
(1122, 1745)
(1121, 1745)
(1120, 1745)
(1119, 1745)
(1118, 1745)
(1117, 1745)
(1116, 1745)
(1115, 1745)
(1114, 1745)
(1113, 1745)
(1112, 1745)
(1111, 1745)
(1110, 1745)
(1109, 1745)
(1108, 1745)
(1107, 1745)
(1106, 1745)
(1105, 1745)
(1104, 1745)
(1103, 1745)
(1102, 1745)
(1101, 1745)
(1100, 1745)
(1099, 1745)
(1098, 1745)
(1097, 1745)
(1096, 1745)
(1095, 1745)
(1094, 1745)
(1093, 1745)
(1092, 1745)
(1091, 1745)
(1090, 1745)
(1089, 1745)
(1088, 1745)
(1087, 1745)
(1086, 1745)
(1085, 1745)
(1084, 1745)
(1083, 1745)
(1082, 1745)
(1081, 1745)
(1080, 1745)
(1079, 1745)
(1078, 1745)
(1077, 1745)
(1076, 1745)
(1075, 1745)
(1074, 1745)
(1073, 1745)
(1072, 1745)
(1071, 1745)
(1070, 1745)
(1069, 1745)
(1068, 1745)
(1067, 1745)
(1066, 1745)
(1065, 1745)
(1064, 1745)
(1063, 1745)
(1062, 1745)
(1061, 1745)
(1060, 1745)
(1059, 1745)
(1058, 1745)
(1057, 1745)
(1056, 1745)
(1055, 1745)
(1054, 1745)
(1053, 1745)
(1052, 1745)
(1051, 1745)
(1050, 1745)
(1049, 1745)
(1048, 1745)
(1047, 1745)
(1046, 1745)
(1045, 1745)
(1044, 1745)
(1043, 1745)
(1042, 1745)
(1041, 1745)
(1040, 1745)
(1039, 1745)
(1038, 1745)
(1037, 1745)
(1036, 1745)
(1035, 1745)
(1034, 1745)
(1033, 1745)
(1032, 1745)
(1031, 1745)
(1030, 1745)
(1029, 1745)
(1028, 1745)
(1027, 1745)
(1026, 1745)
(1025, 1745)
(1024, 1745)
(1023, 1745)
(1022, 1745)
(1021, 1745)
(1020, 1745)
(1019, 1745)
(1018, 1745)
(1017, 1745)
(1016, 1745)
(1015, 1745)
(1014, 1745)
(1013, 1745)
(1012, 1745)
(1011, 1745)
(1010, 1745)
(1009, 1745)
(1008, 1745)
(1007, 1745)
(1006, 1745)
(1005, 1745)
(1004, 1745)
(1003, 1745)
(1002, 1745)
(1001, 1745)
(1000, 1745)
(999, 1745)
(998, 1745)
(997, 1745)
(996, 1745)
(995, 1745)
(994, 1745)
(993, 1745)
(992, 1745)
(991, 1745)
(990, 1745)
(989, 1745)
(988, 1745)
(987, 1745)
(986, 1745)
(985, 1745)
(984, 1745)
(983, 1745)
(982, 1745)
(981, 1745)
(980, 1745)
(979, 1745)
(978, 1745)
(977, 1745)
(976, 1745)
(975, 1745)
(974, 1745)
(973, 1745)
(972, 1745)
(971, 1745)
(970, 1745)
(969, 1745)
(968, 1745)
(967, 1745)
(966, 1745)
(965, 1745)
(964, 1745)
(963, 1745)
(962, 1745)
(961, 1745)
(960, 1745)
(959, 1745)
(958, 1745)
(957, 1745)
(956, 1745)
(955, 1745)
(954, 1745)
(953, 1745)
(952, 1745)
(951, 1745)
(950, 1745)
(949, 1745)
(948, 1745)
(947, 1745)
(946, 1745)
(945, 1745)
(944, 1745)
(943, 1745)
(942, 1745)
(941, 1745)
(940, 1745)
(939, 1745)
(938, 1745)
(937, 1745)
(936, 1745)
(935, 1745)
(934, 1745)
(933, 1745)
(932, 1745)
(931, 1745)
(930, 1745)
(929, 1745)
(928, 1745)
(927, 1745)
(926, 1745)
(925, 1745)
(924, 1745)
(923, 1745)
(922, 1745)
(921, 1745)
(920, 1745)
(919, 1745)
(918, 1745)
(917, 1745)
(916, 1745)
(915, 1745)
(914, 1745)
(913, 1745)
(912, 1745)
(911, 1745)
(910, 1745)
(909, 1745)
(908, 1745)
(907, 1745)
(906, 1745)
(905, 1745)
(904, 1745)
(903, 1745)
(902, 1745)
(901, 1745)
(900, 1745)
(899, 1745)
(898, 1745)
(897, 1745)
(896, 1745)
(895, 1745)
(894, 1745)
(893, 1745)
(892, 1745)
(891, 1745)
(890, 1745)
(889, 1745)
(888, 1745)
(887, 1745)
(886, 1745)
(885, 1745)
(884, 1745)
(883, 1745)
(882, 1745)
(881, 1745)
(880, 1745)
(879, 1745)
(878, 1745)
(877, 1745)
(876, 1745)
(875, 1745)
(874, 1745)
(873, 1745)
(872, 1745)
(871, 1745)
(870, 1745)
(869, 1745)
(868, 1745)
(867, 1745)
(866, 1745)
(865, 1745)
(864, 1745)
(863, 1745)
(862, 1745)
(861, 1745)
(860, 1745)
(859, 1745)
(858, 1745)
(857, 1745)
(856, 1745)
(855, 1745)
(854, 1745)
(853, 1745)
(852, 1745)
(851, 1745)
(850, 1745)
(849, 1745)
(848, 1745)
(847, 1745)
(846, 1745)
(845, 1745)
(844, 1745)
(843, 1745)
(842, 1745)
(841, 1745)
(840, 1745)
(839, 1745)
(838, 1745)
(837, 1745)
(836, 1745)
(835, 1745)
(834, 1745)
(833, 1745)
(832, 1745)
(831, 1745)
(830, 1745)
(829, 1745)
(828, 1745)
(827, 1745)
(826, 1745)
(825, 1745)
(824, 1745)
(823, 1745)
(822, 1745)
(821, 1745)
(820, 1745)
(819, 1745)
(818, 1745)
(817, 1745)
(816, 1745)
(815, 1745)
(814, 1745)
(813, 1745)
(812, 1745)
(811, 1745)
(810, 1745)
(809, 1745)
(808, 1745)
(807, 1745)
(806, 1745)
(805, 1745)
(804, 1745)
(803, 1745)
(802, 1745)
(801, 1745)
(800, 1745)
(799, 1745)
(798, 1745)
(797, 1745)
(796, 1745)
(795, 1745)
(794, 1745)
(793, 1745)
(792, 1745)
(791, 1745)
(790, 1745)
(789, 1745)
(788, 1745)
(787, 1745)
(786, 1745)
(785, 1745)
(784, 1745)
(783, 1745)
(782, 1745)
(781, 1745)
(780, 1745)
(779, 1745)
(778, 1745)
(777, 1745)
(776, 1745)
(775, 1745)
(774, 1745)
(773, 1745)
(772, 1745)
(771, 1745)
(770, 1745)
(769, 1745)
(768, 1745)
(767, 1745)
(766, 1745)
(765, 1745)
(764, 1745)
(763, 1745)
(762, 1745)
(761, 1745)
(760, 1745)
(759, 1745)
(758, 1745)
(757, 1745)
(756, 1745)
(755, 1745)
(754, 1745)
(753, 1745)
(752, 1745)
(751, 1745)
(750, 1745)
(749, 1745)
(748, 1745)
(747, 1745)
(746, 1745)
(745, 1745)
(744, 1745)
(743, 1745)
(742, 1745)
(741, 1745)
(740, 1745)
(739, 1745)
(738, 1745)
(737, 1745)
(736, 1745)
(735, 1745)
(734, 1745)
(733, 1745)
(732, 1745)
(731, 1745)
(730, 1745)
(729, 1745)
(728, 1745)
(727, 1745)
(726, 1745)
(725, 1745)
(724, 1745)
(723, 1745)
(722, 1745)
(721, 1745)
(720, 1745)
(719, 1745)
(718, 1745)
(717, 1745)
(716, 1745)
(715, 1745)
(714, 1745)
(713, 1745)
(712, 1745)
(711, 1745)
(710, 1745)
(709, 1745)
(708, 1745)
(707, 1745)
(706, 1745)
(705, 1745)
(704, 1745)
(703, 1745)
(702, 1745)
(701, 1745)
(700, 1745)
(699, 1745)
(698, 1745)
(697, 1745)
(696, 1745)
(695, 1745)
(694, 1745)
(693, 1745)
(692, 1745)
(691, 1745)
(690, 1745)
(689, 1745)
(688, 1745)
(687, 1745)
(686, 1745)
(685, 1745)
(684, 1745)
(683, 1745)
(682, 1745)
(681, 1745)
(680, 1745)
(679, 1745)
(678, 1745)
(677, 1745)
(676, 1745)
(675, 1745)
(674, 1745)
(673, 1745)
(672, 1745)
(671, 1745)
(670, 1745)
(669, 1745)
(668, 1745)
(667, 1745)
(666, 1745)
(665, 1745)
(664, 1745)
(663, 1745)
(662, 1745)
(661, 1745)
(660, 1745)
(659, 1745)
(658, 1745)
(657, 1745)
(656, 1745)
(655, 1745)
(654, 1745)
(653, 1745)
(652, 1745)
(651, 1745)
(650, 1745)
(649, 1745)
(648, 1745)
(647, 1745)
(646, 1745)
(645, 1745)
(644, 1745)
(643, 1745)
(642, 1745)
(641, 1745)
(640, 1745)
(639, 1745)
(638, 1745)
(637, 1745)
(636, 1745)
(635, 1745)
(634, 1745)
(633, 1745)
(632, 1745)
(631, 1745)
(630, 1745)
(629, 1745)
(628, 1745)
(627, 1745)
(626, 1745)
(625, 1745)
(624, 1745)
(623, 1745)
(622, 1745)
(621, 1745)
(620, 1745)
(619, 1745)
(618, 1745)
(617, 1745)
(616, 1745)
(615, 1745)
(614, 1745)
(613, 1745)
(612, 1745)
(611, 1745)
(610, 1745)
(609, 1745)
(608, 1745)
(607, 1745)
(606, 1745)
(605, 1745)
(604, 1745)
(603, 1745)
(602, 1745)
(601, 1745)
(600, 1745)
(599, 1745)
(598, 1745)
(597, 1745)
(596, 1745)
(595, 1745)
(594, 1745)
(593, 1745)
(592, 1745)
(591, 1745)
(590, 1745)
(589, 1745)
(588, 1745)
(587, 1745)
(586, 1745)
(585, 1745)
(584, 1745)
(583, 1745)
(582, 1745)
(581, 1745)
(580, 1745)
(579, 1745)
(578, 1745)
(577, 1745)
(576, 1745)
(575, 1745)
(574, 1745)
(573, 1745)
(572, 1745)
(571, 1745)
(570, 1745)
(569, 1745)
(568, 1745)
(567, 1745)
(566, 1745)
(565, 1745)
(564, 1745)
(563, 1745)
(562, 1745)
(561, 1745)
(560, 1745)
(559, 1745)
(558, 1745)
(557, 1745)
(556, 1745)
(555, 1745)
(554, 1745)
(553, 1745)
(552, 1745)
(551, 1745)
(550, 1745)
(549, 1745)
(548, 1745)
(547, 1745)
(546, 1745)
(545, 1745)
(544, 1745)
(543, 1745)
(542, 1745)
(541, 1745)
(540, 1745)
(539, 1745)
(538, 1745)
(537, 1745)
(536, 1745)
(535, 1745)
(534, 1745)
(533, 1745)
(532, 1745)
(531, 1745)
(530, 1745)
(529, 1745)
(528, 1745)
(527, 1745)
(526, 1745)
(525, 1745)
(524, 1745)
(523, 1745)
(522, 1745)
(521, 1745)
(520, 1745)
(519, 1745)
(518, 1745)
(517, 1745)
(516, 1745)
(515, 1745)
(514, 1745)
(513, 1745)
(512, 1745)
(511, 1745)
(510, 1745)
(509, 1745)
(508, 1745)
(507, 1745)
(506, 1745)
(505, 1745)
(504, 1745)
(503, 1745)
(502, 1745)
(501, 1745)
(500, 1745)
(499, 1745)
(498, 1745)
(497, 1745)
(496, 1745)
(495, 1745)
(494, 1745)
(493, 1745)
(492, 1745)
(491, 1745)
(490, 1745)
(489, 1745)
(488, 1745)
(487, 1745)
(486, 1745)
(485, 1745)
(484, 1745)
(483, 1745)
(482, 1745)
(481, 1745)
(480, 1745)
(479, 1745)
(478, 1745)
(477, 1745)
(476, 1745)
(475, 1745)
(474, 1745)
(473, 1745)
(472, 1745)
(471, 1745)
(470, 1745)
(469, 1745)
(468, 1745)
(467, 1745)
(466, 1745)
(466, 1746)
(466, 1747)
(467, 1748)
(467, 1749)
(467, 1750)
(468, 1751)
(468, 1752)
(468, 1753)
(469, 1754)
(469, 1755)
(469, 1756)
(470, 1757)
(470, 1758)
(470, 1759)
(471, 1760)
(471, 1761)
(471, 1762)
(472, 1763)
(472, 1764)
(472, 1765)
(473, 1766)
(473, 1767)
(473, 1768)
(474, 1769)
(474, 1770)
(474, 1771)
(475, 1772)
(475, 1773)
(475, 1774)
(476, 1775)
(476, 1776)
(476, 1777)
(477, 1778)
(477, 1779)
(477, 1780)
(478, 1781)
(478, 1782)
(478, 1783)
(479, 1784)
(479, 1785)
(479, 1786)
(480, 1787)
(480, 1788)
(480, 1789)
(481, 1790)
(481, 1791)
(481, 1792)
(482, 1793)
(482, 1794)
(482, 1795)
(483, 1796)
(483, 1797)
(483, 1798)
(484, 1799)
(484, 1800)
(484, 1801)
(485, 1802)
(485, 1803)
(485, 1804)
(486, 1805)
(486, 1806)
(486, 1807)
(487, 1808)
(487, 1809)
(487, 1810)
(488, 1811)
(488, 1812)
(488, 1813)
(489, 1815)
(489, 1816)
(490, 1818)
(490, 1819)
(491, 1821)
(491, 1822)
(492, 1824)
(492, 1825)
(493, 1827)
(493, 1828)
(494, 1830)
(494, 1831)
(495, 1833)
(495, 1834)
(496, 1836)
(496, 1837)
(497, 1839)
(497, 1840)
(498, 1842)
(498, 1843)
(499, 1845)
(499, 1845)
(500, 1845)
(501, 1845)
(502, 1845)
(503, 1845)
(504, 1845)
(505, 1845)
(506, 1845)
(507, 1845)
(508, 1845)
(509, 1845)
(510, 1845)
(511, 1845)
(512, 1845)
(513, 1845)
(514, 1845)
(515, 1845)
(516, 1845)
(517, 1845)
(518, 1845)
(519, 1845)
(520, 1845)
(521, 1845)
(522, 1845)
(523, 1845)
(524, 1845)
(525, 1845)
(526, 1845)
(527, 1845)
(528, 1845)
(529, 1845)
(530, 1845)
(531, 1845)
(532, 1845)
(533, 1845)
(534, 1845)
(535, 1845)
(536, 1845)
(537, 1845)
(538, 1845)
(539, 1845)
(540, 1845)
(541, 1845)
(542, 1845)
(543, 1845)
(544, 1845)
(545, 1845)
(546, 1845)
(547, 1845)
(548, 1845)
(549, 1845)
(550, 1845)
(551, 1845)
(552, 1845)
(553, 1845)
(554, 1845)
(555, 1845)
(556, 1845)
(557, 1845)
(558, 1845)
(559, 1845)
(560, 1845)
(561, 1845)
(562, 1845)
(563, 1845)
(564, 1845)
(565, 1845)
(566, 1845)
(567, 1845)
(568, 1845)
(569, 1845)
(570, 1845)
(571, 1845)
(572, 1845)
(573, 1845)
(574, 1845)
(575, 1845)
(576, 1845)
(577, 1845)
(578, 1845)
(579, 1845)
(580, 1845)
(581, 1845)
(582, 1845)
(583, 1845)
(584, 1845)
(585, 1845)
(586, 1845)
(587, 1845)
(588, 1845)
(589, 1845)
(590, 1845)
(591, 1845)
(592, 1845)
(593, 1845)
(594, 1845)
(595, 1845)
(596, 1845)
(597, 1845)
(598, 1845)
(599, 1845)
(600, 1845)
(601, 1845)
(602, 1845)
(603, 1845)
(604, 1845)
(605, 1845)
(606, 1845)
(607, 1845)
(608, 1845)
(609, 1845)
(610, 1845)
(611, 1845)
(612, 1845)
(613, 1845)
(614, 1845)
(615, 1845)
(616, 1845)
(617, 1845)
(618, 1845)
(619, 1845)
(620, 1845)
(621, 1845)
(622, 1845)
(623, 1845)
(624, 1845)
(625, 1845)
(626, 1845)
(627, 1845)
(628, 1845)
(629, 1845)
(630, 1845)
(631, 1845)
(632, 1845)
(633, 1845)
(634, 1845)
(635, 1845)
(636, 1845)
(637, 1845)
(638, 1845)
(639, 1845)
(640, 1845)
(641, 1845)
(642, 1845)
(643, 1845)
(644, 1845)
(645, 1845)
(646, 1845)
(647, 1845)
(648, 1845)
(649, 1845)
(650, 1845)
(651, 1845)
(652, 1845)
(653, 1845)
(654, 1845)
(655, 1845)
(656, 1845)
(657, 1845)
(658, 1845)
(659, 1845)
(660, 1845)
(661, 1845)
(662, 1845)
(663, 1845)
(664, 1845)
(665, 1845)
(666, 1845)
(667, 1845)
(668, 1845)
(669, 1845)
(670, 1845)
(671, 1845)
(672, 1845)
(673, 1845)
(674, 1845)
(675, 1845)
(676, 1845)
(677, 1845)
(678, 1845)
(679, 1845)
(680, 1845)
(681, 1845)
(682, 1845)
(683, 1845)
(684, 1845)
(685, 1845)
(686, 1845)
(687, 1845)
(688, 1845)
(689, 1845)
(690, 1845)
(691, 1845)
(692, 1845)
(693, 1845)
(694, 1845)
(695, 1845)
(696, 1845)
(697, 1845)
(698, 1845)
(699, 1845)
(700, 1845)
(701, 1845)
(702, 1845)
(703, 1845)
(704, 1845)
(705, 1845)
(706, 1845)
(707, 1845)
(708, 1845)
(709, 1845)
(710, 1845)
(711, 1845)
(712, 1845)
(713, 1845)
(714, 1845)
(715, 1845)
(716, 1845)
(717, 1845)
(718, 1845)
(719, 1845)
(720, 1845)
(721, 1845)
(722, 1845)
(723, 1845)
(724, 1845)
(725, 1845)
(726, 1845)
(727, 1845)
(728, 1845)
(729, 1845)
(730, 1845)
(731, 1845)
(732, 1845)
(733, 1845)
(734, 1845)
(735, 1845)
(736, 1845)
(737, 1845)
(738, 1845)
(739, 1845)
(740, 1845)
(741, 1845)
(742, 1845)
(743, 1845)
(744, 1845)
(745, 1845)
(746, 1845)
(747, 1845)
(748, 1845)
(749, 1845)
(750, 1845)
(751, 1845)
(752, 1845)
(753, 1845)
(754, 1845)
(755, 1845)
(756, 1845)
(757, 1845)
(758, 1845)
(759, 1845)
(760, 1845)
(761, 1845)
(762, 1845)
(763, 1845)
(764, 1845)
(765, 1845)
(766, 1845)
(767, 1845)
(768, 1845)
(769, 1845)
(770, 1845)
(771, 1845)
(772, 1845)
(773, 1845)
(774, 1845)
(775, 1845)
(776, 1845)
(777, 1845)
(778, 1845)
(779, 1845)
(780, 1845)
(781, 1845)
(782, 1845)
(783, 1845)
(784, 1845)
(785, 1845)
(786, 1845)
(787, 1845)
(788, 1845)
(789, 1845)
(790, 1845)
(791, 1845)
(792, 1845)
(793, 1845)
(794, 1845)
(795, 1845)
(796, 1845)
(797, 1845)
(798, 1845)
(799, 1845)
(800, 1845)
(801, 1845)
(802, 1845)
(803, 1845)
(804, 1845)
(805, 1845)
(806, 1845)
(807, 1845)
(808, 1845)
(809, 1845)
(810, 1845)
(811, 1845)
(812, 1845)
(813, 1845)
(814, 1845)
(815, 1845)
(816, 1845)
(817, 1845)
(818, 1845)
(819, 1845)
(820, 1845)
(821, 1845)
(822, 1845)
(823, 1845)
(824, 1845)
(825, 1845)
(826, 1845)
(827, 1845)
(828, 1845)
(829, 1845)
(830, 1845)
(831, 1845)
(832, 1845)
(833, 1845)
(834, 1845)
(835, 1845)
(836, 1845)
(837, 1845)
(838, 1845)
(839, 1845)
(840, 1845)
(841, 1845)
(842, 1845)
(843, 1845)
(844, 1845)
(845, 1845)
(846, 1845)
(847, 1845)
(848, 1845)
(849, 1845)
(850, 1845)
(851, 1845)
(852, 1845)
(853, 1845)
(854, 1845)
(855, 1845)
(856, 1845)
(857, 1845)
(858, 1845)
(859, 1845)
(860, 1845)
(861, 1845)
(862, 1845)
(863, 1845)
(864, 1845)
(865, 1845)
(866, 1845)
(867, 1845)
(868, 1845)
(869, 1845)
(870, 1845)
(871, 1845)
(872, 1845)
(873, 1845)
(874, 1845)
(875, 1845)
(876, 1845)
(877, 1845)
(878, 1845)
(879, 1845)
(880, 1845)
(881, 1845)
(882, 1845)
(883, 1845)
(884, 1845)
(885, 1845)
(886, 1845)
(887, 1845)
(888, 1845)
(889, 1845)
(890, 1845)
(891, 1845)
(892, 1845)
(893, 1845)
(894, 1845)
(895, 1845)
(896, 1845)
(897, 1845)
(898, 1845)
(899, 1845)
(900, 1845)
(901, 1845)
(902, 1845)
(903, 1845)
(904, 1845)
(905, 1845)
(906, 1845)
(907, 1845)
(908, 1845)
(909, 1845)
(910, 1845)
(911, 1845)
(912, 1845)
(913, 1845)
(914, 1845)
(915, 1845)
(916, 1845)
(917, 1845)
(918, 1845)
(919, 1845)
(920, 1845)
(921, 1845)
(922, 1845)
(923, 1845)
(924, 1845)
(925, 1845)
(926, 1845)
(927, 1845)
(928, 1845)
(929, 1845)
(930, 1845)
(931, 1845)
(932, 1845)
(933, 1845)
(934, 1845)
(935, 1845)
(936, 1845)
(937, 1845)
(938, 1845)
(939, 1845)
(940, 1845)
(941, 1845)
(942, 1845)
(943, 1845)
(944, 1845)
(945, 1845)
(946, 1845)
(947, 1845)
(948, 1845)
(949, 1845)
(950, 1845)
(951, 1845)
(952, 1845)
(953, 1845)
(954, 1845)
(955, 1845)
(956, 1845)
(957, 1845)
(958, 1845)
(959, 1845)
(960, 1845)
(961, 1845)
(962, 1845)
(963, 1845)
(964, 1845)
(965, 1845)
(966, 1845)
(967, 1845)
(968, 1845)
(969, 1845)
(970, 1845)
(971, 1845)
(972, 1845)
(973, 1845)
(974, 1845)
(975, 1845)
(976, 1845)
(977, 1845)
(978, 1845)
(979, 1845)
(980, 1845)
(981, 1845)
(982, 1845)
(983, 1845)
(984, 1845)
(985, 1845)
(986, 1845)
(987, 1845)
(988, 1845)
(989, 1845)
(990, 1845)
(991, 1845)
(992, 1845)
(993, 1845)
(994, 1845)
(995, 1845)
(996, 1845)
(997, 1845)
(998, 1845)
(999, 1845)
(1000, 1845)
(1001, 1845)
(1002, 1845)
(1003, 1845)
(1004, 1845)
(1005, 1845)
(1006, 1845)
(1007, 1845)
(1008, 1845)
(1009, 1845)
(1010, 1845)
(1011, 1845)
(1012, 1845)
(1013, 1845)
(1014, 1845)
(1015, 1845)
(1016, 1845)
(1017, 1845)
(1018, 1845)
(1019, 1845)
(1020, 1845)
(1021, 1845)
(1022, 1845)
(1023, 1845)
(1024, 1845)
(1025, 1845)
(1026, 1845)
(1027, 1845)
(1028, 1845)
(1029, 1845)
(1030, 1845)
(1031, 1845)
(1032, 1845)
(1033, 1845)
(1034, 1845)
(1035, 1845)
(1036, 1845)
(1037, 1845)
(1038, 1845)
(1039, 1845)
(1040, 1845)
(1041, 1845)
(1042, 1845)
(1043, 1845)
(1044, 1845)
(1045, 1845)
(1046, 1845)
(1047, 1845)
(1048, 1845)
(1049, 1845)
(1050, 1845)
(1051, 1845)
(1052, 1845)
(1053, 1845)
(1054, 1845)
(1055, 1845)
(1056, 1845)
(1057, 1845)
(1058, 1845)
(1059, 1845)
(1060, 1845)
(1061, 1845)
(1062, 1845)
(1063, 1845)
(1064, 1845)
(1065, 1845)
(1066, 1845)
(1067, 1845)
(1068, 1845)
(1069, 1845)
(1070, 1845)
(1071, 1845)
(1072, 1845)
(1073, 1845)
(1074, 1845)
(1075, 1845)
(1076, 1845)
(1077, 1845)
(1078, 1845)
(1079, 1845)
(1080, 1845)
(1081, 1845)
(1082, 1845)
(1083, 1845)
(1084, 1845)
(1085, 1845)
(1086, 1845)
(1087, 1845)
(1088, 1845)
(1089, 1845)
(1090, 1845)
(1091, 1845)
(1092, 1845)
(1093, 1845)
(1094, 1845)
(1095, 1845)
(1096, 1845)
(1097, 1845)
(1098, 1845)
(1099, 1845)
(1100, 1845)
(1101, 1845)
(1102, 1845)
(1103, 1845)
(1104, 1845)
(1105, 1845)
(1106, 1845)
(1107, 1845)
(1108, 1845)
(1109, 1845)
(1110, 1845)
(1111, 1845)
(1112, 1845)
(1113, 1845)
(1114, 1845)
(1115, 1845)
(1116, 1845)
(1117, 1845)
(1118, 1845)
(1119, 1845)
(1120, 1845)
(1121, 1845)
(1122, 1845)
(1123, 1845)
(1124, 1845)
(1125, 1845)
(1126, 1845)
(1127, 1845)
(1128, 1845)
(1129, 1845)
(1130, 1845)
(1131, 1845)
(1132, 1845)
(1133, 1845)
(1134, 1845)
(1135, 1845)
(1136, 1845)
(1137, 1845)
(1138, 1845)
(1139, 1845)
(1140, 1845)
(1141, 1845)
(1142, 1845)
(1143, 1845)
(1144, 1845)
(1145, 1845)
(1146, 1845)
(1147, 1845)
(1148, 1845)
(1149, 1845)
(1150, 1845)
(1151, 1845)
(1152, 1845)
(1153, 1845)
(1154, 1845)
(1155, 1845)
(1156, 1845)
(1157, 1845)
(1158, 1845)
(1159, 1845)
(1160, 1845)
(1161, 1845)
(1162, 1845)
(1163, 1845)
(1164, 1845)
(1165, 1845)
(1166, 1845)
(1167, 1845)
(1168, 1845)
(1169, 1845)
(1170, 1845)
(1171, 1845)
(1172, 1845)
(1173, 1845)
(1174, 1845)
(1175, 1845)
(1176, 1845)
(1177, 1845)
(1178, 1845)
(1179, 1845)
(1180, 1845)
(1181, 1845)
(1182, 1845)
(1183, 1845)
(1184, 1845)
(1185, 1845)
(1186, 1845)
(1187, 1845)
(1188, 1845)
(1189, 1845)
(1190, 1845)
(1191, 1845)
(1192, 1845)
(1193, 1845)
(1194, 1845)
(1195, 1845)
(1196, 1845)
(1197, 1845)
(1198, 1845)
(1199, 1845)
(1200, 1845)
(1201, 1845)
(1202, 1845)
(1203, 1845)
(1204, 1845)
(1205, 1845)
(1206, 1845)
(1207, 1845)
(1208, 1845)
(1209, 1845)
(1210, 1845)
(1211, 1845)
(1212, 1845)
(1213, 1845)
(1214, 1845)
(1215, 1845)
(1216, 1845)
(1217, 1845)
(1218, 1845)
(1219, 1845)
(1220, 1845)
(1221, 1845)
(1222, 1845)
(1223, 1845)
(1224, 1845)
(1225, 1845)
(1226, 1845)
(1227, 1845)
(1228, 1845)
(1229, 1845)
(1230, 1845)
(1231, 1845)
(1232, 1845)
(1233, 1845)
(1234, 1845)
(1235, 1845)
(1236, 1845)
(1237, 1845)
(1238, 1845)
(1239, 1845)
(1240, 1845)
(1241, 1845)
(1242, 1845)
(1243, 1845)
(1244, 1845)
(1245, 1845)
(1246, 1845)
(1247, 1845)
(1248, 1845)
(1249, 1845)
(1250, 1845)
(1249, 1845)
(1247, 1846)
(1246, 1846)
(1244, 1847)
(1242, 1848)
(1241, 1848)
(1239, 1849)
(1238, 1849)
(1236, 1850)
(1235, 1850)
(1233, 1851)
(1232, 1851)
(1230, 1852)
(1228, 1853)
(1227, 1853)
(1225, 1854)
(1224, 1854)
(1222, 1855)
(1221, 1855)
(1219, 1856)
(1218, 1856)
(1216, 1857)
(1214, 1858)
(1213, 1858)
(1211, 1859)
(1210, 1859)
(1208, 1860)
(1207, 1860)
(1205, 1861)
(1204, 1861)
(1202, 1862)
(1200, 1863)
(1199, 1863)
(1197, 1864)
(1196, 1864)
(1194, 1865)
(1193, 1865)
(1191, 1866)
(1190, 1866)
(1188, 1867)
(1186, 1868)
(1185, 1868)
(1183, 1869)
(1182, 1869)
(1180, 1870)
(1179, 1870)
(1177, 1871)
(1176, 1871)
(1174, 1872)
(1172, 1873)
(1171, 1873)
(1169, 1874)
(1168, 1874)
(1166, 1875)
(1165, 1875)
(1163, 1876)
(1162, 1876)
(1160, 1877)
(1158, 1878)
(1157, 1878)
(1155, 1879)
(1154, 1879)
(1152, 1880)
(1151, 1880)
(1149, 1881)
(1148, 1881)
(1147, 1882)
(1146, 1882)
(1144, 1883)
(1143, 1883)
(1141, 1884)
(1140, 1884)
(1138, 1885)
(1137, 1885)
(1135, 1886)
(1134, 1886)
(1133, 1887)
(1132, 1887)
(1130, 1888)
(1129, 1888)
(1127, 1889)
(1126, 1889)
(1124, 1890)
(1123, 1890)
(1121, 1891)
(1120, 1891)
(1119, 1892)
(1118, 1892)
(1116, 1893)
(1115, 1893)
(1113, 1894)
(1112, 1894)
(1110, 1895)
(1109, 1895)
(1107, 1896)
(1106, 1896)
(1105, 1897)
(1104, 1897)
(1102, 1898)
(1101, 1898)
(1099, 1899)
(1098, 1899)
(1096, 1900)
(1095, 1900)
(1093, 1901)
(1092, 1901)
(1091, 1902)
(1090, 1902)
(1088, 1903)
(1087, 1903)
(1085, 1904)
(1084, 1904)
(1082, 1905)
(1081, 1905)
(1079, 1906)
(1078, 1906)
(1077, 1907)
(1076, 1907)
(1074, 1908)
(1073, 1908)
(1071, 1909)
(1070, 1909)
(1068, 1910)
(1067, 1910)
(1065, 1911)
(1064, 1911)
(1063, 1912)
(1062, 1912)
(1060, 1913)
(1059, 1913)
(1057, 1914)
(1056, 1914)
(1054, 1915)
(1053, 1915)
(1051, 1916)
(1050, 1916)
(1049, 1917)
(1048, 1917)
(1046, 1918)
(1045, 1918)
(1043, 1919)
(1042, 1919)
(1040, 1920)
(1039, 1920)
(1038, 1921)
(1037, 1921)
(1036, 1921)
(1035, 1922)
(1034, 1922)
(1032, 1923)
(1031, 1923)
(1029, 1924)
(1028, 1924)
(1026, 1925)
(1025, 1925)
(1024, 1926)
(1023, 1926)
(1022, 1926)
(1021, 1927)
(1020, 1927)
(1018, 1928)
(1017, 1928)
(1015, 1929)
(1014, 1929)
(1012, 1930)
(1011, 1930)
(1010, 1931)
(1009, 1931)
(1008, 1931)
(1007, 1932)
(1006, 1932)
(1004, 1933)
(1003, 1933)
(1001, 1934)
(1000, 1934)
(998, 1935)
(997, 1935)
(996, 1936)
(995, 1936)
(994, 1936)
(993, 1937)
(992, 1937)
(990, 1938)
(989, 1938)
(987, 1939)
(986, 1939)
(984, 1940)
(983, 1940)
(982, 1941)
(981, 1941)
(980, 1941)
(979, 1942)
(978, 1942)
(976, 1943)
(975, 1943)
(973, 1944)
(972, 1944)
(970, 1945)
(970, 1945)
(969, 1945)
(968, 1945)
(967, 1945)
(966, 1945)
(965, 1945)
(964, 1945)
(963, 1945)
(962, 1945)
(961, 1945)
(960, 1945)
(959, 1945)
(958, 1945)
(957, 1945)
(956, 1945)
(955, 1945)
(954, 1945)
(953, 1945)
(952, 1945)
(951, 1945)
(950, 1945)
(949, 1945)
(948, 1945)
(947, 1945)
(946, 1945)
(945, 1945)
(944, 1945)
(943, 1945)
(942, 1945)
(941, 1945)
(940, 1945)
(939, 1945)
(938, 1945)
(937, 1945)
(936, 1945)
(935, 1945)
(934, 1945)
(933, 1945)
(932, 1945)
(931, 1945)
(930, 1945)
(929, 1945)
(928, 1945)
(927, 1945)
(926, 1945)
(925, 1945)
(924, 1945)
(923, 1945)
(922, 1945)
(921, 1945)
(920, 1945)
(919, 1945)
(918, 1945)
(917, 1945)
(916, 1945)
(915, 1945)
(914, 1945)
(913, 1945)
(912, 1945)
(911, 1945)
(910, 1945)
(909, 1945)
(908, 1945)
(907, 1945)
(906, 1945)
(905, 1945)
(904, 1945)
(903, 1945)
(902, 1945)
(901, 1945)
(900, 1945)
(899, 1945)
(898, 1945)
(897, 1945)
(896, 1945)
(895, 1945)
(894, 1945)
(893, 1945)
(892, 1945)
(891, 1945)
(890, 1945)
(889, 1945)
(888, 1945)
(887, 1945)
(886, 1945)
(885, 1945)
(884, 1945)
(883, 1945)
(882, 1945)
(881, 1945)
(880, 1945)
(879, 1945)
(878, 1945)
(877, 1945)
(876, 1945)
(875, 1945)
(874, 1945)
(873, 1945)
(872, 1945)
(871, 1945)
(870, 1945)
(869, 1945)
(868, 1945)
(867, 1945)
(866, 1945)
(865, 1945)
(864, 1945)
(863, 1945)
(862, 1945)
(861, 1945)
(860, 1945)
(859, 1945)
(858, 1945)
(857, 1945)
(856, 1945)
(855, 1945)
(854, 1945)
(853, 1945)
(852, 1945)
(851, 1945)
(850, 1945)
(849, 1945)
(848, 1945)
(847, 1945)
(846, 1945)
(845, 1945)
(844, 1945)
(843, 1945)
(842, 1945)
(841, 1945)
(840, 1945)
(839, 1945)
(838, 1945)
(837, 1945)
(836, 1945)
(835, 1945)
(834, 1945)
(833, 1945)
(832, 1945)
(831, 1945)
(830, 1945)
(829, 1945)
(828, 1945)
(827, 1945)
(826, 1945)
(825, 1945)
(824, 1945)
(823, 1945)
(822, 1945)
(821, 1945)
(820, 1945)
(819, 1945)
(818, 1945)
(817, 1945)
(816, 1945)
(815, 1945)
(814, 1945)
(813, 1945)
(812, 1945)
(811, 1945)
(810, 1945)
(809, 1945)
(808, 1945)
(807, 1945)
(806, 1945)
(805, 1945)
(804, 1945)
(803, 1945)
(802, 1945)
(801, 1945)
(800, 1945)
(799, 1945)
(798, 1945)
(797, 1945)
(796, 1945)
(795, 1945)
(794, 1945)
(793, 1945)
(792, 1945)
(791, 1945)
(790, 1945)
(789, 1945)
(788, 1945)
(787, 1945)
(786, 1945)
(785, 1945)
(784, 1945)
(783, 1945)
(782, 1945)
(781, 1945)
(780, 1945)
(779, 1945)
(778, 1945)
(777, 1945)
(776, 1945)
(775, 1945)
(774, 1945)
(773, 1945)
(772, 1945)
(771, 1945)
(770, 1945)
(769, 1945)
(768, 1945)
(767, 1945)
(766, 1945)
(765, 1945)
(764, 1945)
(763, 1945)
(762, 1945)
(761, 1945)
(760, 1945)
(759, 1945)
(758, 1945)
(757, 1945)
(756, 1945)
(755, 1945)
(754, 1945)
(753, 1945)
(752, 1945)
(751, 1945)
(750, 1945)
(749, 1945)
(748, 1945)
(747, 1945)
(746, 1945)
(745, 1945)
(744, 1945)
(743, 1945)
(742, 1945)
(741, 1945)
(740, 1945)
(739, 1945)
(738, 1945)
(737, 1945)
(736, 1945)
(735, 1945)
(734, 1945)
(733, 1945)
(732, 1945)
(731, 1945)
(730, 1945)
(729, 1945)
(728, 1945)
(727, 1945)
(726, 1945)
(725, 1945)
(724, 1945)
(723, 1945)
(722, 1945)
(721, 1945)
(720, 1945)
(719, 1945)
(718, 1945)
(717, 1945)
(716, 1945)
(715, 1945)
(714, 1945)
(713, 1945)
(712, 1945)
(711, 1945)
(710, 1945)
(709, 1945)
(708, 1945)
(707, 1945)
(706, 1945)
(705, 1945)
(704, 1945)
(703, 1945)
(702, 1945)
(701, 1945)
(700, 1945)
(699, 1945)
(698, 1945)
(697, 1945)
(696, 1945)
(695, 1945)
(694, 1945)
(693, 1945)
(692, 1945)
(691, 1945)
(690, 1945)
(689, 1945)
(688, 1945)
(687, 1945)
(686, 1945)
(685, 1945)
(684, 1945)
(683, 1945)
(682, 1945)
(681, 1945)
(680, 1945)
(679, 1945)
(678, 1945)
(677, 1945)
(676, 1945)
(675, 1945)
(674, 1945)
(673, 1945)
(672, 1945)
(671, 1945)
(670, 1945)
(669, 1945)
(668, 1945)
(667, 1945)
(666, 1945)
(665, 1945)
(664, 1945)
(663, 1945)
(662, 1945)
(661, 1945)
(660, 1945)
(659, 1945)
(658, 1945)
(657, 1945)
(656, 1945)
(655, 1945)
(654, 1945)
(653, 1945)
(652, 1945)
(651, 1945)
(650, 1945)
(649, 1945)
(648, 1945)
(647, 1945)
(646, 1945)
(645, 1945)
(644, 1945)
(643, 1945)
(642, 1945)
(641, 1945)
(640, 1945)
(639, 1945)
(638, 1945)
(637, 1945)
(636, 1945)
(635, 1945)
(634, 1945)
(633, 1945)
(632, 1945)
(631, 1945)
(630, 1945)
(629, 1945)
(628, 1945)
(627, 1945)
(626, 1945)
(625, 1945)
(624, 1945)
(623, 1945)
(622, 1945)
(621, 1945)
(620, 1945)
(619, 1945)
(618, 1945)
(617, 1945)
(616, 1945)
(615, 1945)
(614, 1945)
(613, 1945)
(612, 1945)
(611, 1945)
(610, 1945)
(609, 1945)
(608, 1945)
(607, 1945)
(606, 1945)
(605, 1945)
(604, 1945)
(603, 1945)
(602, 1945)
(601, 1945)
(600, 1945)
(599, 1945)
(598, 1945)
(597, 1945)
(596, 1945)
(595, 1945)
(594, 1945)
(593, 1945)
(592, 1945)
(591, 1945)
(590, 1945)
(589, 1945)
(588, 1945)
(587, 1945)
(586, 1945)
(585, 1945)
(584, 1945)
(583, 1945)
(582, 1945)
(581, 1945)
(580, 1945)
(579, 1945)
(578, 1945)
(577, 1945)
(576, 1945)
(575, 1945)
(574, 1945)
(573, 1945)
(572, 1945)
(571, 1945)
(570, 1945)
(569, 1945)
(568, 1945)
(567, 1945)
(566, 1945)
(565, 1945)
(564, 1945)
(563, 1945)
(562, 1945)
(561, 1945)
(560, 1945)
(559, 1945)
(558, 1945)
(557, 1945)
(556, 1945)
(555, 1945)
(554, 1945)
(553, 1945)
(552, 1945)
(551, 1945)
(550, 1945)
(549, 1945)
(548, 1945)
(547, 1945)
(546, 1945)
(545, 1945)
(544, 1945)
(543, 1945)
(542, 1945)
(541, 1945)
(540, 1945)
(539, 1945)
(538, 1945)
(537, 1945)
(536, 1945)
(535, 1945)
(534, 1945)
(533, 1945)
(532, 1945)
(533, 1948)
(534, 1951)
(535, 1954)
(536, 1957)
(537, 1960)
(538, 1962)
(538, 1963)
(539, 1965)
(539, 1966)
(540, 1968)
(540, 1969)
(541, 1971)
(541, 1972)
(542, 1974)
(542, 1975)
(543, 1977)
(543, 1978)
(544, 1980)
(544, 1981)
(545, 1983)
(545, 1984)
(546, 1986)
(546, 1987)
(547, 1989)
(547, 1990)
(548, 1992)
(548, 1993)
(549, 1995)
(549, 1996)
(550, 1998)
(550, 1999)
(551, 2001)
(551, 2002)
(552, 2004)
(552, 2005)
(553, 2007)
(553, 2008)
(554, 2010)
(554, 2011)
(555, 2012)
(555, 2013)
(555, 2014)
(556, 2015)
(556, 2016)
(556, 2017)
(557, 2018)
(557, 2019)
(557, 2020)
(558, 2021)
(558, 2022)
(558, 2023)
(559, 2024)
(559, 2025)
(559, 2026)
(560, 2027)
(560, 2028)
(560, 2029)
(561, 2030)
(561, 2031)
(561, 2032)
(562, 2033)
(562, 2034)
(562, 2035)
(563, 2036)
(563, 2037)
(563, 2038)
(564, 2039)
(564, 2040)
(564, 2041)
(565, 2042)
(565, 2043)
(565, 2044)
(566, 2045)
(566, 2045)
(567, 2045)
(568, 2045)
(569, 2045)
(570, 2045)
(571, 2045)
(572, 2045)
(573, 2045)
(574, 2045)
(575, 2045)
(576, 2045)
(577, 2045)
(578, 2045)
(579, 2045)
(580, 2045)
(581, 2045)
(582, 2045)
(583, 2045)
(584, 2045)
(585, 2045)
(586, 2045)
(587, 2045)
(588, 2045)
(589, 2045)
(590, 2045)
(591, 2045)
(592, 2045)
(593, 2045)
(594, 2045)
(595, 2045)
(596, 2045)
(597, 2045)
(598, 2045)
(599, 2045)
(600, 2045)
(601, 2045)
(602, 2045)
(603, 2045)
(604, 2045)
(605, 2045)
(606, 2045)
(607, 2045)
(608, 2045)
(609, 2045)
(610, 2045)
(611, 2045)
(612, 2045)
(613, 2045)
(614, 2045)
(615, 2045)
(616, 2045)
(617, 2045)
(618, 2045)
(619, 2045)
(620, 2045)
(621, 2045)
(622, 2045)
(623, 2045)
(624, 2045)
(625, 2045)
(626, 2045)
(627, 2045)
(628, 2045)
(629, 2045)
(630, 2045)
(631, 2045)
(632, 2045)
(633, 2045)
(634, 2045)
(635, 2045)
(636, 2045)
(637, 2045)
(638, 2045)
(639, 2045)
(640, 2045)
(641, 2045)
(642, 2045)
(643, 2045)
(644, 2045)
(645, 2045)
(646, 2045)
(647, 2045)
(648, 2045)
(649, 2045)
(650, 2045)
(651, 2045)
(652, 2045)
(653, 2045)
(654, 2045)
(655, 2045)
(656, 2045)
(657, 2045)
(658, 2045)
(659, 2045)
(660, 2045)
(661, 2045)
(662, 2045)
(663, 2045)
(664, 2045)
(665, 2045)
(666, 2045)
(667, 2045)
(668, 2045)
(669, 2045)
(670, 2045)
(671, 2045)
(672, 2045)
(673, 2045)
(674, 2045)
(675, 2045)
(676, 2045)
(677, 2045)
(678, 2045)
(679, 2045)
(680, 2045)
(681, 2045)
(682, 2045)
(683, 2045)
(684, 2045)
(685, 2045)
(686, 2045)
(687, 2045)
(688, 2045)
(689, 2045)
(690, 2045)
(691, 2045)
